code,year,month,helada_dias
C076,2016,1,9
C076,2016,2,9
C076,2016,3,3
C076,2016,4,3
C076,2016,5,0
C076,2016,6,0
C076,2016,7,0
C076,2016,8,0
C076,2016,9,0
C076,2016,10,1
C076,2016,11,2
C076,2016,12,10
C056,2016,1,8
C056,2016,2,9
C056,2016,3,3
C056,2016,4,3
C056,2016,5,1
C056,2016,6,0
C056,2016,7,0
C056,2016,8,0
C056,2016,9,0
C056,2016,10,2
C056,2016,11,3
C056,2016,12,13
C035,2016,1,5
C035,2016,2,4
C035,2016,3,0
C035,2016,4,3
C035,2016,5,1
C035,2016,6,0
C035,2016,7,0
C035,2016,8,0
C035,2016,9,0
C035,2016,10,0
C035,2016,11,0
C035,2016,12,6
C001,2016,1,9
C001,2016,2,9
C001,2016,3,4
C001,2016,4,3
C001,2016,5,2
C001,2016,6,0
C001,2016,7,0
C001,2016,8,0
C001,2016,9,0
C001,2016,10,2
C001,2016,11,2
C001,2016,12,14
C025,2016,1,3
C025,2016,2,6
C025,2016,3,3
C025,2016,4,2
C025,2016,5,0
C025,2016,6,0
C025,2016,7,0
C025,2016,8,0
C025,2016,9,0
C025,2016,10,0
C025,2016,11,0
C025,2016,12,5
C034,2016,1,10
C034,2016,2,12
C034,2016,3,2
C034,2016,4,3
C034,2016,5,2
C034,2016,6,0
C034,2016,7,0
C034,2016,8,0
C034,2016,9,0
C034,2016,10,3
C034,2016,11,5
C034,2016,12,9
C0AA,2016,1,10
C0AA,2016,2,10
C0AA,2016,3,6
C0AA,2016,4,3
C0AA,2016,5,2
C0AA,2016,6,0
C0AA,2016,7,0
C0AA,2016,8,0
C0AA,2016,9,0
C0AA,2016,10,4
C0AA,2016,11,3
C0AA,2016,12,16
C067,2016,1,2
C067,2016,2,2
C067,2016,3,1
C067,2016,4,1
C067,2016,5,0
C067,2016,6,0
C067,2016,7,0
C067,2016,8,0
C067,2016,9,0
C067,2016,10,0
C067,2016,11,0
C067,2016,12,3
C040,2016,1,1
C040,2016,2,1
C040,2016,3,0
C040,2016,4,0
C040,2016,5,0
C040,2016,6,0
C040,2016,7,0
C040,2016,8,0
C040,2016,9,0
C040,2016,10,0
C040,2016,11,0
C040,2016,12,3
C044,2016,1,3
C044,2016,2,4
C044,2016,3,2
C044,2016,4,3
C044,2016,5,0
C044,2016,6,0
C044,2016,7,0
C044,2016,8,0
C044,2016,9,0
C044,2016,10,0
C044,2016,11,0
C044,2016,12,5
C048,2016,1,9
C048,2016,2,13
C048,2016,3,19
C048,2016,4,9
C048,2016,5,2
C048,2016,6,0
C048,2016,7,0
C048,2016,8,0
C048,2016,9,0
C048,2016,10,0
C048,2016,11,5
C048,2016,12,1
C068,2016,1,6
C068,2016,2,6
C068,2016,3,4
C068,2016,4,2
C068,2016,5,0
C068,2016,6,0
C068,2016,7,0
C068,2016,8,0
C068,2016,9,0
C068,2016,10,0
C068,2016,11,1
C068,2016,12,11
C024,2016,1,13
C024,2016,2,13
C024,2016,3,16
C024,2016,4,6
C024,2016,5,1
C024,2016,6,0
C024,2016,7,0
C024,2016,8,0
C024,2016,9,0
C024,2016,10,4
C024,2016,11,6
C024,2016,12,18
C00A,2016,1,10
C00A,2016,2,11
C00A,2016,3,4
C00A,2016,4,2
C00A,2016,5,1
C00A,2016,6,0
C00A,2016,7,0
C00A,2016,8,0
C00A,2016,9,0
C00A,2016,10,3
C00A,2016,11,1
C00A,2016,12,11
C047,2016,1,11
C047,2016,2,13
C047,2016,3,20
C047,2016,4,10
C047,2016,5,2
C047,2016,6,0
C047,2016,7,0
C047,2016,8,0
C047,2016,9,0
C047,2016,10,0
C047,2016,11,7
C047,2016,12,3
C031,2016,1,0
C031,2016,2,2
C031,2016,3,0
C031,2016,4,0
C031,2016,5,0
C031,2016,6,0
C031,2016,7,0
C031,2016,8,0
C031,2016,9,0
C031,2016,10,0
C031,2016,11,0
C031,2016,12,3
C041,2016,1,12
C041,2016,2,13
C041,2016,3,10
C041,2016,4,4
C041,2016,5,2
C041,2016,6,0
C041,2016,7,0
C041,2016,8,0
C041,2016,9,0
C041,2016,10,5
C041,2016,11,4
C041,2016,12,17
C055,2016,1,7
C055,2016,2,8
C055,2016,3,3
C055,2016,4,3
C055,2016,5,1
C055,2016,6,0
C055,2016,7,0
C055,2016,8,0
C055,2016,9,0
C055,2016,10,3
C055,2016,11,2
C055,2016,12,16
C060,2016,1,3
C060,2016,2,6
C060,2016,3,0
C060,2016,4,1
C060,2016,5,0
C060,2016,6,0
C060,2016,7,0
C060,2016,8,0
C060,2016,9,0
C060,2016,10,0
C060,2016,11,0
C060,2016,12,5
C021,2016,1,8
C021,2016,2,9
C021,2016,3,7
C021,2016,4,3
C021,2016,5,0
C021,2016,6,0
C021,2016,7,0
C021,2016,8,0
C021,2016,9,0
C021,2016,10,2
C021,2016,11,1
C021,2016,12,6
C030,2016,1,13
C030,2016,2,16
C030,2016,3,10
C030,2016,4,3
C030,2016,5,3
C030,2016,6,0
C030,2016,7,0
C030,2016,8,0
C030,2016,9,0
C030,2016,10,2
C030,2016,11,3
C030,2016,12,18
C051,2016,1,2
C051,2016,2,4
C051,2016,3,0
C051,2016,4,1
C051,2016,5,0
C051,2016,6,0
C051,2016,7,0
C051,2016,8,0
C051,2016,9,0
C051,2016,10,0
C051,2016,11,0
C051,2016,12,4
C0A0,2016,1,5
C0A0,2016,2,7
C0A0,2016,3,1
C0A0,2016,4,2
C0A0,2016,5,1
C0A0,2016,6,0
C0A0,2016,7,0
C0A0,2016,8,0
C0A0,2016,9,0
C0A0,2016,10,0
C0A0,2016,11,1
C0A0,2016,12,7
C049,2016,1,13
C049,2016,2,12
C049,2016,3,6
C049,2016,4,4
C049,2016,5,1
C049,2016,6,0
C049,2016,7,0
C049,2016,8,0
C049,2016,9,0
C049,2016,10,1
C049,2016,11,4
C049,2016,12,9
C020,2016,1,12
C020,2016,2,14
C020,2016,3,11
C020,2016,4,6
C020,2016,5,4
C020,2016,6,0
C020,2016,7,0
C020,2016,8,0
C020,2016,9,0
C020,2016,10,4
C020,2016,11,7
C020,2016,12,15
C070,2016,1,0
C070,2016,2,3
C070,2016,3,2
C070,2016,4,3
C070,2016,5,0
C070,2016,6,0
C070,2016,7,0
C070,2016,8,0
C070,2016,9,0
C070,2016,10,0
C070,2016,11,5
C070,2016,12,2
C050,2016,1,5
C050,2016,2,7
C050,2016,3,2
C050,2016,4,3
C050,2016,5,0
C050,2016,6,0
C050,2016,7,0
C050,2016,8,0
C050,2016,9,0
C050,2016,10,1
C050,2016,11,2
C050,2016,12,4
C0B1,2016,1,0
C0B1,2016,2,2
C0B1,2016,3,0
C0B1,2016,4,0
C0B1,2016,5,0
C0B1,2016,6,0
C0B1,2016,7,0
C0B1,2016,8,0
C0B1,2016,9,0
C0B1,2016,10,0
C0B1,2016,11,0
C0B1,2016,12,1
C079,2016,1,3
C079,2016,2,3
C079,2016,3,1
C079,2016,4,1
C079,2016,5,0
C079,2016,6,0
C079,2016,7,0
C079,2016,8,0
C079,2016,9,0
C079,2016,10,0
C079,2016,11,0
C079,2016,12,2
C0C1,2016,1,0
C0C1,2016,2,1
C0C1,2016,3,0
C0C1,2016,4,0
C0C1,2016,5,0
C0C1,2016,6,0
C0C1,2016,7,0
C0C1,2016,8,0
C0C1,2016,9,0
C0C1,2016,10,0
C0C1,2016,11,0
C0C1,2016,12,1
C061,2016,1,0
C061,2016,2,1
C061,2016,3,0
C061,2016,4,0
C061,2016,5,0
C061,2016,6,0
C061,2016,7,0
C061,2016,8,0
C061,2016,9,0
C061,2016,10,0
C061,2016,11,0
C061,2016,12,0
C032,2016,1,3
C032,2016,2,3
C032,2016,3,1
C032,2016,4,1
C032,2016,5,0
C032,2016,6,0
C032,2016,7,0
C032,2016,8,0
C032,2016,9,0
C032,2016,10,0
C032,2016,11,0
C032,2016,12,4
C002,2016,1,0
C002,2016,2,1
C002,2016,3,0
C002,2016,4,0
C002,2016,5,0
C002,2016,6,0
C002,2016,7,0
C002,2016,8,0
C002,2016,9,0
C002,2016,10,0
C002,2016,11,0
C002,2016,12,1
C0C2,2016,1,9
C0C2,2016,2,9
C0C2,2016,3,2
C0C2,2016,4,5
C0C2,2016,5,3
C0C2,2016,6,0
C0C2,2016,7,0
C0C2,2016,8,0
C0C2,2016,9,0
C0C2,2016,10,0
C0C2,2016,11,3
C0C2,2016,12,7
C069,2016,1,0
C069,2016,2,0
C069,2016,3,0
C069,2016,4,0
C069,2016,5,0
C069,2016,6,0
C069,2016,7,0
C069,2016,8,0
C069,2016,9,0
C069,2016,10,0
C069,2016,11,0
C069,2016,12,0
C0B6,2016,1,1
C0B6,2016,2,3
C0B6,2016,3,1
C0B6,2016,4,1
C0B6,2016,5,0
C0B6,2016,6,0
C0B6,2016,7,0
C0B6,2016,8,0
C0B6,2016,9,0
C0B6,2016,10,0
C0B6,2016,11,0
C0B6,2016,12,3
C0BE,2016,1,0
C0BE,2016,2,0
C0BE,2016,3,0
C0BE,2016,4,0
C0BE,2016,5,0
C0BE,2016,6,0
C0BE,2016,7,0
C0BE,2016,8,0
C0BE,2016,9,0
C0BE,2016,10,0
C0BE,2016,11,0
C0BE,2016,12,0
C065,2016,1,0
C065,2016,2,1
C065,2016,3,0
C065,2016,4,0
C065,2016,5,0
C065,2016,6,0
C065,2016,7,0
C065,2016,8,0
C065,2016,9,0
C065,2016,10,0
C065,2016,11,0
C065,2016,12,0
C003,2016,1,0
C003,2016,2,2
C003,2016,3,0
C003,2016,4,0
C003,2016,5,0
C003,2016,6,0
C003,2016,7,0
C003,2016,8,0
C003,2016,9,0
C003,2016,10,0
C003,2016,11,0
C003,2016,12,2
C039,2016,1,0
C039,2016,2,0
C039,2016,3,0
C039,2016,4,0
C039,2016,5,0
C039,2016,6,0
C039,2016,7,0
C039,2016,8,0
C039,2016,9,0
C039,2016,10,0
C039,2016,11,0
C039,2016,12,0
C075,2016,1,0
C075,2016,2,1
C075,2016,3,0
C075,2016,4,0
C075,2016,5,0
C075,2016,6,0
C075,2016,7,0
C075,2016,8,0
C075,2016,9,0
C075,2016,10,0
C075,2016,11,0
C075,2016,12,0
C074,2016,1,0
C074,2016,2,2
C074,2016,3,0
C074,2016,4,0
C074,2016,5,0
C074,2016,6,0
C074,2016,7,0
C074,2016,8,0
C074,2016,9,0
C074,2016,10,0
C074,2016,11,0
C074,2016,12,2
C038,2016,1,0
C038,2016,2,0
C038,2016,3,0
C038,2016,4,0
C038,2016,5,0
C038,2016,6,0
C038,2016,7,0
C038,2016,8,0
C038,2016,9,0
C038,2016,10,0
C038,2016,11,0
C038,2016,12,0
C033,2016,1,0
C033,2016,2,2
C033,2016,3,0
C033,2016,4,0
C033,2016,5,0
C033,2016,6,0
C033,2016,7,0
C033,2016,8,0
C033,2016,9,0
C033,2016,10,0
C033,2016,11,0
C033,2016,12,2
C0BD,2016,1,0
C0BD,2016,2,1
C0BD,2016,3,1
C0BD,2016,4,0
C0BD,2016,5,0
C0BD,2016,6,0
C0BD,2016,7,0
C0BD,2016,8,0
C0BD,2016,9,0
C0BD,2016,10,0
C0BD,2016,11,0
C0BD,2016,12,2
C036,2016,1,0
C036,2016,2,1
C036,2016,3,0
C036,2016,4,0
C036,2016,5,0
C036,2016,6,0
C036,2016,7,0
C036,2016,8,0
C036,2016,9,0
C036,2016,10,0
C036,2016,11,0
C036,2016,12,0
C045,2016,1,0
C045,2016,2,1
C045,2016,3,0
C045,2016,4,0
C045,2016,5,0
C045,2016,6,0
C045,2016,7,0
C045,2016,8,0
C045,2016,9,0
C045,2016,10,0
C045,2016,11,0
C045,2016,12,0
C0B7,2016,1,0
C0B7,2016,2,1
C0B7,2016,3,0
C0B7,2016,4,0
C0B7,2016,5,0
C0B7,2016,6,0
C0B7,2016,7,0
C0B7,2016,8,0
C0B7,2016,9,0
C0B7,2016,10,0
C0B7,2016,11,0
C0B7,2016,12,3
C019,2016,1,0
C019,2016,2,0
C019,2016,3,0
C019,2016,4,0
C019,2016,5,0
C019,2016,6,0
C019,2016,7,0
C019,2016,8,0
C019,2016,9,0
C019,2016,10,0
C019,2016,11,0
C019,2016,12,0
C057,2016,1,0
C057,2016,2,1
C057,2016,3,0
C057,2016,4,0
C057,2016,5,0
C057,2016,6,0
C057,2016,7,0
C057,2016,8,0
C057,2016,9,0
C057,2016,10,0
C057,2016,11,0
C057,2016,12,0
C063,2016,1,3
C063,2016,2,4
C063,2016,3,1
C063,2016,4,1
C063,2016,5,0
C063,2016,6,0
C063,2016,7,0
C063,2016,8,0
C063,2016,9,0
C063,2016,10,0
C063,2016,11,0
C063,2016,12,0
C046,2016,1,2
C046,2016,2,8
C046,2016,3,9
C046,2016,4,1
C046,2016,5,0
C046,2016,6,0
C046,2016,7,0
C046,2016,8,0
C046,2016,9,0
C046,2016,10,0
C046,2016,11,0
C046,2016,12,0
C0BA,2016,1,0
C0BA,2016,2,1
C0BA,2016,3,0
C0BA,2016,4,0
C0BA,2016,5,0
C0BA,2016,6,0
C0BA,2016,7,0
C0BA,2016,8,0
C0BA,2016,9,0
C0BA,2016,10,0
C0BA,2016,11,0
C0BA,2016,12,0
C059,2016,1,3
C059,2016,2,3
C059,2016,3,0
C059,2016,4,1
C059,2016,5,0
C059,2016,6,0
C059,2016,7,0
C059,2016,8,0
C059,2016,9,0
C059,2016,10,0
C059,2016,11,0
C059,2016,12,4
C072,2016,1,3
C072,2016,2,4
C072,2016,3,5
C072,2016,4,1
C072,2016,5,0
C072,2016,6,0
C072,2016,7,0
C072,2016,8,0
C072,2016,9,0
C072,2016,10,0
C072,2016,11,1
C072,2016,12,2
C0B4,2016,1,0
C0B4,2016,2,2
C0B4,2016,3,0
C0B4,2016,4,1
C0B4,2016,5,0
C0B4,2016,6,0
C0B4,2016,7,0
C0B4,2016,8,0
C0B4,2016,9,0
C0B4,2016,10,0
C0B4,2016,11,0
C0B4,2016,12,3
C054,2016,1,9
C054,2016,2,7
C054,2016,3,5
C054,2016,4,4
C054,2016,5,2
C054,2016,6,0
C054,2016,7,0
C054,2016,8,0
C054,2016,9,0
C054,2016,10,3
C054,2016,11,4
C054,2016,12,10
C042,2016,1,0
C042,2016,2,0
C042,2016,3,0
C042,2016,4,0
C042,2016,5,0
C042,2016,6,0
C042,2016,7,0
C042,2016,8,0
C042,2016,9,0
C042,2016,10,0
C042,2016,11,0
C042,2016,12,0
C0B9,2016,1,0
C0B9,2016,2,2
C0B9,2016,3,0
C0B9,2016,4,0
C0B9,2016,5,0
C0B9,2016,6,0
C0B9,2016,7,0
C0B9,2016,8,0
C0B9,2016,9,0
C0B9,2016,10,0
C0B9,2016,11,0
C0B9,2016,12,3
C0C3,2016,1,2
C0C3,2016,2,2
C0C3,2016,3,0
C0C3,2016,4,1
C0C3,2016,5,0
C0C3,2016,6,0
C0C3,2016,7,0
C0C3,2016,8,0
C0C3,2016,9,0
C0C3,2016,10,0
C0C3,2016,11,0
C0C3,2016,12,2
C066,2016,1,2
C066,2016,2,6
C066,2016,3,4
C066,2016,4,0
C066,2016,5,0
C066,2016,6,0
C066,2016,7,0
C066,2016,8,0
C066,2016,9,0
C066,2016,10,0
C066,2016,11,0
C066,2016,12,1
C022,2016,1,3
C022,2016,2,5
C022,2016,3,8
C022,2016,4,5
C022,2016,5,0
C022,2016,6,0
C022,2016,7,0
C022,2016,8,0
C022,2016,9,0
C022,2016,10,0
C022,2016,11,4
C022,2016,12,6
C0B3,2016,1,2
C0B3,2016,2,3
C0B3,2016,3,1
C0B3,2016,4,1
C0B3,2016,5,0
C0B3,2016,6,0
C0B3,2016,7,0
C0B3,2016,8,0
C0B3,2016,9,0
C0B3,2016,10,0
C0B3,2016,11,0
C0B3,2016,12,3
C037,2016,1,0
C037,2016,2,2
C037,2016,3,0
C037,2016,4,0
C037,2016,5,0
C037,2016,6,0
C037,2016,7,0
C037,2016,8,0
C037,2016,9,0
C037,2016,10,0
C037,2016,11,0
C037,2016,12,2
C0E5,2016,1,1
C0E5,2016,2,3
C0E5,2016,3,0
C0E5,2016,4,0
C0E5,2016,5,0
C0E5,2016,6,0
C0E5,2016,7,0
C0E5,2016,8,0
C0E5,2016,9,0
C0E5,2016,10,0
C0E5,2016,11,0
C0E5,2016,12,4
C0DB,2016,1,5
C0DB,2016,2,8
C0DB,2016,3,4
C0DB,2016,4,1
C0DB,2016,5,0
C0DB,2016,6,0
C0DB,2016,7,0
C0DB,2016,8,0
C0DB,2016,9,0
C0DB,2016,10,0
C0DB,2016,11,1
C0DB,2016,12,5
C0D3,2016,1,0
C0D3,2016,2,2
C0D3,2016,3,1
C0D3,2016,4,0
C0D3,2016,5,0
C0D3,2016,6,0
C0D3,2016,7,0
C0D3,2016,8,0
C0D3,2016,9,0
C0D3,2016,10,0
C0D3,2016,11,0
C0D3,2016,12,1
C0DD,2016,1,0
C0DD,2016,2,1
C0DD,2016,3,0
C0DD,2016,4,0
C0DD,2016,5,0
C0DD,2016,6,0
C0DD,2016,7,0
C0DD,2016,8,0
C0DD,2016,9,0
C0DD,2016,10,0
C0DD,2016,11,0
C0DD,2016,12,0
C0E9,2016,1,0
C0E9,2016,2,2
C0E9,2016,3,0
C0E9,2016,4,0
C0E9,2016,5,0
C0E9,2016,6,0
C0E9,2016,7,0
C0E9,2016,8,0
C0E9,2016,9,0
C0E9,2016,10,0
C0E9,2016,11,0
C0E9,2016,12,2
C078,2016,1,0
C078,2016,2,1
C078,2016,3,0
C078,2016,4,0
C078,2016,5,0
C078,2016,6,0
C078,2016,7,0
C078,2016,8,0
C078,2016,9,0
C078,2016,10,0
C078,2016,11,0
C078,2016,12,2
C052,2016,1,0
C052,2016,2,2
C052,2016,3,1
C052,2016,4,0
C052,2016,5,0
C052,2016,6,0
C052,2016,7,0
C052,2016,8,0
C052,2016,9,0
C052,2016,10,0
C052,2016,11,0
C052,2016,12,4
C0E1,2016,1,3
C0E1,2016,2,4
C0E1,2016,3,1
C0E1,2016,4,0
C0E1,2016,5,0
C0E1,2016,6,0
C0E1,2016,7,0
C0E1,2016,8,0
C0E1,2016,9,0
C0E1,2016,10,0
C0E1,2016,11,1
C0E1,2016,12,8
C077,2016,1,0
C077,2016,2,1
C077,2016,3,0
C077,2016,4,0
C077,2016,5,0
C077,2016,6,0
C077,2016,7,0
C077,2016,8,0
C077,2016,9,0
C077,2016,10,0
C077,2016,11,0
C077,2016,12,2
C080,2016,1,0
C080,2016,2,4
C080,2016,3,1
C080,2016,4,0
C080,2016,5,0
C080,2016,6,0
C080,2016,7,0
C080,2016,8,0
C080,2016,9,0
C080,2016,10,0
C080,2016,11,0
C080,2016,12,6
C0E8,2016,1,1
C0E8,2016,2,3
C0E8,2016,3,0
C0E8,2016,4,0
C0E8,2016,5,0
C0E8,2016,6,0
C0E8,2016,7,0
C0E8,2016,8,0
C0E8,2016,9,0
C0E8,2016,10,0
C0E8,2016,11,0
C0E8,2016,12,3
C023,2016,1,4
C023,2016,2,7
C023,2016,3,2
C023,2016,4,1
C023,2016,5,0
C023,2016,6,0
C023,2016,7,0
C023,2016,8,0
C023,2016,9,0
C023,2016,10,0
C023,2016,11,2
C023,2016,12,5
C084,2016,1,0
C084,2016,2,1
C084,2016,3,0
C084,2016,4,0
C084,2016,5,0
C084,2016,6,0
C084,2016,7,0
C084,2016,8,0
C084,2016,9,0
C084,2016,10,0
C084,2016,11,0
C084,2016,12,1
C0EA,2016,1,0
C0EA,2016,2,2
C0EA,2016,3,0
C0EA,2016,4,0
C0EA,2016,5,0
C0EA,2016,6,0
C0EA,2016,7,0
C0EA,2016,8,0
C0EA,2016,9,0
C0EA,2016,10,0
C0EA,2016,11,0
C0EA,2016,12,2
C026,2016,1,3
C026,2016,2,5
C026,2016,3,4
C026,2016,4,1
C026,2016,5,0
C026,2016,6,0
C026,2016,7,0
C026,2016,8,0
C026,2016,9,0
C026,2016,10,0
C026,2016,11,1
C026,2016,12,7
C058,2016,1,1
C058,2016,2,7
C058,2016,3,4
C058,2016,4,0
C058,2016,5,0
C058,2016,6,0
C058,2016,7,0
C058,2016,8,0
C058,2016,9,0
C058,2016,10,0
C058,2016,11,1
C058,2016,12,1
C0F0,2016,1,0
C0F0,2016,2,1
C0F0,2016,3,0
C0F0,2016,4,0
C0F0,2016,5,0
C0F0,2016,6,0
C0F0,2016,7,0
C0F0,2016,8,0
C0F0,2016,9,0
C0F0,2016,10,0
C0F0,2016,11,0
C0F0,2016,12,2
C0E7,2016,1,1
C0E7,2016,2,3
C0E7,2016,3,1
C0E7,2016,4,0
C0E7,2016,5,0
C0E7,2016,6,0
C0E7,2016,7,0
C0E7,2016,8,0
C0E7,2016,9,0
C0E7,2016,10,0
C0E7,2016,11,0
C0E7,2016,12,3
C018,2016,1,0
C018,2016,2,0
C018,2016,3,0
C018,2016,4,0
C018,2016,5,0
C018,2016,6,0
C018,2016,7,0
C018,2016,8,0
C018,2016,9,0
C018,2016,10,0
C018,2016,11,0
C018,2016,12,0
C0DC,2016,1,0
C0DC,2016,2,1
C0DC,2016,3,0
C0DC,2016,4,0
C0DC,2016,5,0
C0DC,2016,6,0
C0DC,2016,7,0
C0DC,2016,8,0
C0DC,2016,9,0
C0DC,2016,10,0
C0DC,2016,11,0
C0DC,2016,12,2
C071,2016,1,0
C071,2016,2,1
C071,2016,3,0
C071,2016,4,0
C071,2016,5,0
C071,2016,6,0
C071,2016,7,0
C071,2016,8,0
C071,2016,9,0
C071,2016,10,0
C071,2016,11,0
C071,2016,12,0
C0EC,2016,1,0
C0EC,2016,2,1
C0EC,2016,3,0
C0EC,2016,4,0
C0EC,2016,5,0
C0EC,2016,6,0
C0EC,2016,7,0
C0EC,2016,8,0
C0EC,2016,9,0
C0EC,2016,10,0
C0EC,2016,11,0
C0EC,2016,12,1
C0DE,2016,1,0
C0DE,2016,2,0
C0DE,2016,3,0
C0DE,2016,4,0
C0DE,2016,5,0
C0DE,2016,6,0
C0DE,2016,7,0
C0DE,2016,8,0
C0DE,2016,9,0
C0DE,2016,10,0
C0DE,2016,11,0
C0DE,2016,12,0
C017,2016,1,0
C017,2016,2,1
C017,2016,3,0
C017,2016,4,0
C017,2016,5,0
C017,2016,6,0
C017,2016,7,0
C017,2016,8,0
C017,2016,9,0
C017,2016,10,0
C017,2016,11,0
C017,2016,12,0
C0F4,2016,1,0
C0F4,2016,2,1
C0F4,2016,3,0
C0F4,2016,4,0
C0F4,2016,5,0
C0F4,2016,6,0
C0F4,2016,7,0
C0F4,2016,8,0
C0F4,2016,9,0
C0F4,2016,10,0
C0F4,2016,11,0
C0F4,2016,12,1
C0D1,2016,1,1
C0D1,2016,2,3
C0D1,2016,3,1
C0D1,2016,4,1
C0D1,2016,5,0
C0D1,2016,6,0
C0D1,2016,7,0
C0D1,2016,8,0
C0D1,2016,9,0
C0D1,2016,10,0
C0D1,2016,11,0
C0D1,2016,12,3
C043,2016,1,0
C043,2016,2,1
C043,2016,3,0
C043,2016,4,0
C043,2016,5,0
C043,2016,6,0
C043,2016,7,0
C043,2016,8,0
C043,2016,9,0
C043,2016,10,0
C043,2016,11,0
C043,2016,12,2
C0D2,2016,1,0
C0D2,2016,2,3
C0D2,2016,3,0
C0D2,2016,4,0
C0D2,2016,5,0
C0D2,2016,6,0
C0D2,2016,7,0
C0D2,2016,8,0
C0D2,2016,9,0
C0D2,2016,10,0
C0D2,2016,11,0
C0D2,2016,12,2
C007,2016,1,0
C007,2016,2,0
C007,2016,3,0
C007,2016,4,0
C007,2016,5,0
C007,2016,6,0
C007,2016,7,0
C007,2016,8,0
C007,2016,9,0
C007,2016,10,0
C007,2016,11,0
C007,2016,12,0
C0D0,2016,1,2
C0D0,2016,2,2
C0D0,2016,3,1
C0D0,2016,4,0
C0D0,2016,5,0
C0D0,2016,6,0
C0D0,2016,7,0
C0D0,2016,8,0
C0D0,2016,9,0
C0D0,2016,10,0
C0D0,2016,11,0
C0D0,2016,12,4
C064,2016,1,0
C064,2016,2,0
C064,2016,3,0
C064,2016,4,0
C064,2016,5,0
C064,2016,6,0
C064,2016,7,0
C064,2016,8,0
C064,2016,9,0
C064,2016,10,0
C064,2016,11,0
C064,2016,12,0
C028,2016,1,0
C028,2016,2,2
C028,2016,3,0
C028,2016,4,0
C028,2016,5,0
C028,2016,6,0
C028,2016,7,0
C028,2016,8,0
C028,2016,9,0
C028,2016,10,0
C028,2016,11,0
C028,2016,12,0
C029,2016,1,0
C029,2016,2,1
C029,2016,3,0
C029,2016,4,0
C029,2016,5,0
C029,2016,6,0
C029,2016,7,0
C029,2016,8,0
C029,2016,9,0
C029,2016,10,0
C029,2016,11,0
C029,2016,12,0
C076,2017,1,21
C076,2017,2,4
C076,2017,3,3
C076,2017,4,5
C076,2017,5,1
C076,2017,6,0
C076,2017,7,0
C076,2017,8,0
C076,2017,9,0
C076,2017,10,0
C076,2017,11,10
C076,2017,12,12
C0A4,2017,3,2
C0A4,2017,4,7
C0A4,2017,5,1
C0A4,2017,6,0
C0A4,2017,7,0
C0A4,2017,8,0
C0A4,2017,9,0
C0A4,2017,10,1
C0A4,2017,11,13
C0A4,2017,12,7
C056,2017,1,21
C056,2017,2,4
C056,2017,3,2
C056,2017,4,5
C056,2017,5,1
C056,2017,6,0
C056,2017,7,0
C056,2017,8,0
C056,2017,9,0
C056,2017,10,0
C056,2017,11,9
C056,2017,12,9
C035,2017,1,18
C035,2017,2,1
C035,2017,3,2
C035,2017,4,2
C035,2017,5,0
C035,2017,6,0
C035,2017,7,0
C035,2017,8,0
C035,2017,9,0
C035,2017,10,1
C035,2017,11,12
C035,2017,12,15
C0A3,2017,1,24
C0A3,2017,2,13
C0A3,2017,3,9
C0A3,2017,4,10
C0A3,2017,5,1
C0A3,2017,6,0
C0A3,2017,7,0
C0A3,2017,8,0
C0A3,2017,9,0
C0A3,2017,10,1
C0A3,2017,11,14
C0A3,2017,12,16
C016,2017,1,21
C016,2017,2,4
C016,2017,3,2
C016,2017,4,5
C016,2017,5,1
C016,2017,6,0
C016,2017,7,0
C016,2017,8,0
C016,2017,9,0
C016,2017,10,0
C016,2017,11,9
C016,2017,12,10
C025,2017,1,15
C025,2017,2,2
C025,2017,3,1
C025,2017,4,1
C025,2017,5,0
C025,2017,6,0
C025,2017,7,0
C025,2017,8,0
C025,2017,9,0
C025,2017,10,0
C025,2017,11,7
C025,2017,12,8
C0A2,2017,1,21
C0A2,2017,2,6
C0A2,2017,3,5
C0A2,2017,4,5
C0A2,2017,6,0
C0A2,2017,7,0
C0A2,2017,8,0
C0A2,2017,9,0
C0A2,2017,10,1
C0A2,2017,11,13
C0A2,2017,12,16
C034,2017,1,19
C034,2017,2,6
C034,2017,3,4
C034,2017,4,6
C034,2017,5,1
C034,2017,6,0
C034,2017,7,0
C034,2017,8,0
C034,2017,9,0
C034,2017,10,1
C034,2017,11,10
C034,2017,12,10
C0AA,2017,1,22
C0AA,2017,2,6
C0AA,2017,3,3
C0AA,2017,4,8
C0AA,2017,5,1
C0AA,2017,6,0
C0AA,2017,7,0
C0AA,2017,8,0
C0AA,2017,9,0
C0AA,2017,10,1
C0AA,2017,11,12
C0AA,2017,12,13
C067,2017,1,15
C067,2017,2,0
C067,2017,3,2
C067,2017,4,0
C067,2017,5,0
C067,2017,6,0
C067,2017,7,0
C067,2017,8,0
C067,2017,9,0
C067,2017,10,0
C067,2017,11,1
C067,2017,12,1
C040,2017,1,14
C040,2017,2,0
C040,2017,3,0
C040,2017,4,0
C040,2017,5,0
C040,2017,6,0
C040,2017,7,0
C040,2017,8,0
C040,2017,9,0
C040,2017,10,0
C040,2017,11,0
C040,2017,12,2
C044,2017,1,19
C044,2017,2,1
C044,2017,3,2
C044,2017,4,2
C044,2017,5,0
C044,2017,6,0
C044,2017,7,0
C044,2017,8,0
C044,2017,9,0
C044,2017,10,0
C044,2017,11,8
C044,2017,12,13
C048,2017,1,18
C048,2017,2,8
C048,2017,3,6
C048,2017,4,3
C048,2017,5,1
C048,2017,6,0
C048,2017,7,0
C048,2017,8,0
C048,2017,9,0
C048,2017,10,0
C048,2017,11,6
C048,2017,12,14
C068,2017,1,20
C068,2017,2,5
C068,2017,3,3
C068,2017,4,2
C068,2017,5,1
C068,2017,6,0
C068,2017,7,0
C068,2017,8,0
C068,2017,9,0
C068,2017,10,0
C068,2017,11,8
C068,2017,12,13
C024,2017,1,23
C024,2017,2,10
C024,2017,3,6
C024,2017,4,8
C024,2017,5,1
C024,2017,6,0
C024,2017,7,0
C024,2017,8,0
C024,2017,9,1
C024,2017,10,1
C024,2017,11,15
C024,2017,12,21
C00A,2017,1,18
C00A,2017,2,7
C00A,2017,3,5
C00A,2017,4,5
C00A,2017,5,1
C00A,2017,6,0
C00A,2017,7,0
C00A,2017,8,0
C00A,2017,9,0
C00A,2017,10,0
C00A,2017,11,6
C00A,2017,12,9
C047,2017,1,18
C047,2017,2,6
C047,2017,3,5
C047,2017,4,3
C047,2017,5,1
C047,2017,6,0
C047,2017,7,0
C047,2017,8,0
C047,2017,9,0
C047,2017,10,0
C047,2017,11,6
C047,2017,12,15
C031,2017,1,10
C031,2017,2,0
C031,2017,3,0
C031,2017,4,0
C031,2017,5,0
C031,2017,6,0
C031,2017,7,0
C031,2017,8,0
C031,2017,9,0
C031,2017,10,0
C031,2017,11,0
C031,2017,12,1
C041,2017,1,22
C041,2017,2,11
C041,2017,3,7
C041,2017,4,8
C041,2017,5,1
C041,2017,6,0
C041,2017,7,0
C041,2017,8,0
C041,2017,9,1
C041,2017,10,3
C041,2017,11,11
C041,2017,12,13
C055,2017,1,22
C055,2017,2,5
C055,2017,3,1
C055,2017,4,3
C055,2017,5,1
C055,2017,6,0
C055,2017,7,0
C055,2017,8,0
C055,2017,9,0
C055,2017,10,3
C055,2017,11,13
C055,2017,12,16
C060,2017,1,15
C060,2017,2,2
C060,2017,3,0
C060,2017,4,1
C060,2017,5,0
C060,2017,6,0
C060,2017,7,0
C060,2017,8,0
C060,2017,9,0
C060,2017,10,0
C060,2017,11,2
C060,2017,12,9
C0A1,2017,1,24
C0A1,2017,2,18
C0A1,2017,3,8
C0A1,2017,4,10
C0A1,2017,5,1
C0A1,2017,6,0
C0A1,2017,7,0
C0A1,2017,8,0
C0A1,2017,9,1
C0A1,2017,10,5
C0A1,2017,11,11
C0A1,2017,12,13
C021,2017,1,19
C021,2017,2,8
C021,2017,3,5
C021,2017,4,5
C021,2017,5,1
C021,2017,6,0
C021,2017,7,0
C021,2017,8,0
C021,2017,9,0
C021,2017,10,1
C021,2017,11,10
C021,2017,12,16
C030,2017,1,23
C030,2017,2,6
C030,2017,3,3
C030,2017,4,9
C030,2017,5,1
C030,2017,6,0
C030,2017,7,0
C030,2017,8,0
C030,2017,9,0
C030,2017,10,1
C030,2017,11,12
C030,2017,12,17
C051,2017,1,15
C051,2017,2,0
C051,2017,3,1
C051,2017,4,1
C051,2017,5,0
C051,2017,6,0
C051,2017,7,0
C051,2017,8,0
C051,2017,9,0
C051,2017,10,0
C051,2017,11,5
C051,2017,12,3
C0A0,2017,1,17
C0A0,2017,2,1
C0A0,2017,3,2
C0A0,2017,4,4
C0A0,2017,5,0
C0A0,2017,6,0
C0A0,2017,7,0
C0A0,2017,8,0
C0A0,2017,9,0
C0A0,2017,10,1
C0A0,2017,11,14
C0A0,2017,12,18
C049,2017,1,21
C049,2017,2,7
C049,2017,3,5
C049,2017,4,6
C049,2017,5,1
C049,2017,6,0
C049,2017,7,0
C049,2017,8,0
C049,2017,9,0
C049,2017,10,1
C049,2017,11,12
C049,2017,12,13
C00B,2017,5,1
C00B,2017,6,0
C00B,2017,7,0
C00B,2017,8,0
C00B,2017,9,0
C00B,2017,10,1
C00B,2017,11,13
C00B,2017,12,15
C020,2017,1,21
C020,2017,2,6
C020,2017,3,4
C020,2017,4,7
C020,2017,5,1
C020,2017,6,0
C020,2017,7,0
C020,2017,8,0
C020,2017,9,0
C020,2017,10,1
C020,2017,11,10
C020,2017,12,14
C070,2017,1,18
C070,2017,2,5
C070,2017,3,5
C070,2017,4,3
C070,2017,5,1
C070,2017,6,0
C070,2017,7,0
C070,2017,8,0
C070,2017,9,0
C070,2017,10,0
C070,2017,11,5
C070,2017,12,18
C050,2017,1,16
C050,2017,2,4
C050,2017,3,3
C050,2017,4,6
C050,2017,5,1
C050,2017,6,0
C050,2017,7,0
C050,2017,8,0
C050,2017,9,0
C050,2017,10,0
C050,2017,11,8
C050,2017,12,5
C0B1,2017,1,13
C0B1,2017,2,0
C0B1,2017,3,0
C0B1,2017,4,0
C0B1,2017,5,0
C0B1,2017,6,0
C0B1,2017,7,0
C0B1,2017,8,0
C0B1,2017,9,0
C0B1,2017,10,0
C0B1,2017,11,0
C0B1,2017,12,1
C079,2017,1,16
C079,2017,2,0
C079,2017,3,1
C079,2017,4,0
C079,2017,5,0
C079,2017,6,0
C079,2017,7,0
C079,2017,8,0
C079,2017,9,0
C079,2017,10,0
C079,2017,11,0
C079,2017,12,2
C0C1,2017,1,10
C0C1,2017,2,0
C0C1,2017,3,0
C0C1,2017,4,0
C0C1,2017,5,0
C0C1,2017,6,0
C0C1,2017,7,0
C0C1,2017,8,0
C0C1,2017,9,0
C0C1,2017,10,0
C0C1,2017,11,3
C0C1,2017,12,1
C061,2017,1,9
C061,2017,2,0
C061,2017,3,0
C061,2017,4,0
C061,2017,5,0
C061,2017,6,0
C061,2017,7,0
C061,2017,8,0
C061,2017,9,0
C061,2017,10,0
C061,2017,11,0
C061,2017,12,1
C032,2017,1,12
C032,2017,2,1
C032,2017,3,2
C032,2017,4,1
C032,2017,5,0
C032,2017,6,0
C032,2017,7,0
C032,2017,8,0
C032,2017,9,0
C032,2017,10,0
C032,2017,11,4
C032,2017,12,2
C002,2017,1,14
C002,2017,2,0
C002,2017,3,0
C002,2017,4,0
C002,2017,5,0
C002,2017,6,0
C002,2017,7,0
C002,2017,8,0
C002,2017,9,0
C002,2017,10,0
C002,2017,11,0
C002,2017,12,2
C0C2,2017,1,18
C0C2,2017,2,6
C0C2,2017,3,4
C0C2,2017,4,6
C0C2,2017,5,1
C0C2,2017,6,0
C0C2,2017,7,0
C0C2,2017,8,0
C0C2,2017,9,0
C0C2,2017,10,0
C0C2,2017,11,6
C0C2,2017,12,5
C069,2017,1,0
C069,2017,2,0
C069,2017,3,0
C069,2017,4,0
C069,2017,5,0
C069,2017,6,0
C069,2017,7,0
C069,2017,8,0
C069,2017,9,0
C069,2017,10,0
C069,2017,11,0
C069,2017,12,0
C0B6,2017,1,16
C0B6,2017,2,0
C0B6,2017,3,2
C0B6,2017,4,2
C0B6,2017,5,0
C0B6,2017,6,0
C0B6,2017,7,0
C0B6,2017,8,0
C0B6,2017,9,0
C0B6,2017,10,0
C0B6,2017,11,4
C0B6,2017,12,4
C0BE,2017,1,10
C0BE,2017,2,0
C0BE,2017,3,0
C0BE,2017,4,0
C0BE,2017,5,0
C0BE,2017,6,0
C0BE,2017,7,0
C0BE,2017,8,0
C0BE,2017,9,0
C0BE,2017,10,0
C0BE,2017,11,0
C0BE,2017,12,2
C065,2017,1,5
C065,2017,2,0
C065,2017,3,0
C065,2017,4,0
C065,2017,5,0
C065,2017,6,0
C065,2017,7,0
C065,2017,8,0
C065,2017,9,0
C065,2017,10,0
C065,2017,11,0
C065,2017,12,2
C003,2017,1,14
C003,2017,2,0
C003,2017,3,0
C003,2017,4,0
C003,2017,5,0
C003,2017,6,0
C003,2017,7,0
C003,2017,8,0
C003,2017,9,0
C003,2017,10,0
C003,2017,11,0
C003,2017,12,1
C039,2017,1,2
C039,2017,2,0
C039,2017,3,0
C039,2017,4,0
C039,2017,5,0
C039,2017,6,0
C039,2017,7,0
C039,2017,8,0
C039,2017,9,0
C039,2017,10,0
C039,2017,11,0
C039,2017,12,0
C075,2017,1,12
C075,2017,2,0
C075,2017,3,0
C075,2017,4,0
C075,2017,5,0
C075,2017,6,0
C075,2017,7,0
C075,2017,8,0
C075,2017,9,0
C075,2017,10,0
C075,2017,11,0
C075,2017,12,2
C074,2017,1,15
C074,2017,2,0
C074,2017,3,0
C074,2017,4,0
C074,2017,5,0
C074,2017,6,0
C074,2017,7,0
C074,2017,8,0
C074,2017,9,0
C074,2017,10,0
C074,2017,11,0
C074,2017,12,2
C009,2017,7,0
C009,2017,8,0
C009,2017,9,0
C009,2017,10,0
C009,2017,11,0
C009,2017,12,0
C038,2017,1,5
C038,2017,2,0
C038,2017,3,0
C038,2017,4,0
C038,2017,5,0
C038,2017,6,0
C038,2017,7,0
C038,2017,8,0
C038,2017,9,0
C038,2017,10,0
C038,2017,11,0
C038,2017,12,0
C033,2017,1,13
C033,2017,2,0
C033,2017,3,0
C033,2017,4,0
C033,2017,5,0
C033,2017,6,0
C033,2017,7,0
C033,2017,8,0
C033,2017,9,0
C033,2017,10,0
C033,2017,11,1
C033,2017,12,3
C0BD,2017,1,18
C0BD,2017,2,1
C0BD,2017,3,0
C0BD,2017,4,0
C0BD,2017,5,0
C0BD,2017,6,0
C0BD,2017,7,0
C0BD,2017,8,0
C0BD,2017,9,0
C0BD,2017,10,0
C0BD,2017,11,2
C0BD,2017,12,3
C036,2017,1,12
C036,2017,2,0
C036,2017,3,0
C036,2017,4,0
C036,2017,5,0
C036,2017,6,0
C036,2017,7,0
C036,2017,8,0
C036,2017,9,0
C036,2017,10,0
C036,2017,11,0
C036,2017,12,2
COD.,2017,1,ENE
COD.,2017,2,FEB
COD.,2017,3,MAR
COD.,2017,4,ABR
COD.,2017,5,MAY
COD.,2017,6,JUN
COD.,2017,7,JUL
COD.,2017,8,AGO
COD.,2017,9,SET
COD.,2017,10,OCT
COD.,2017,11,NOV
COD.,2017,12,DIC
,2017,4,D√çAS DE HELADA
C045,2017,1,6
C045,2017,2,0
C045,2017,3,1
C045,2017,4,0
C045,2017,5,0
C045,2017,6,0
C045,2017,7,0
C045,2017,8,0
C045,2017,9,0
C045,2017,10,0
C045,2017,11,0
C045,2017,12,1
C0B7,2017,1,17
C0B7,2017,2,1
C0B7,2017,3,0
C0B7,2017,4,1
C0B7,2017,5,0
C0B7,2017,6,0
C0B7,2017,7,0
C0B7,2017,8,0
C0B7,2017,9,0
C0B7,2017,10,0
C0B7,2017,11,2
C0B7,2017,12,3
C019,2017,1,4
C019,2017,2,0
C019,2017,3,0
C019,2017,4,0
C019,2017,5,0
C019,2017,6,0
C019,2017,7,0
C019,2017,8,0
C019,2017,9,0
C019,2017,10,0
C019,2017,11,0
C019,2017,12,0
C057,2017,1,13
C057,2017,2,0
C057,2017,3,0
C057,2017,4,0
C057,2017,5,0
C057,2017,6,0
C057,2017,7,0
C057,2017,8,0
C057,2017,9,0
C057,2017,10,0
C057,2017,11,0
C057,2017,12,2
C063,2017,1,16
C063,2017,2,0
C063,2017,3,0
C063,2017,4,0
C063,2017,5,0
C063,2017,6,0
C063,2017,7,0
C063,2017,8,0
C063,2017,9,0
C063,2017,10,0
C063,2017,11,5
C063,2017,12,4
C046,2017,1,12
C046,2017,2,1
C046,2017,3,3
C046,2017,4,2
C046,2017,5,0
C046,2017,6,0
C046,2017,7,0
C046,2017,8,0
C046,2017,9,0
C046,2017,10,0
C046,2017,11,2
C046,2017,12,6
C0BA,2017,1,9
C0BA,2017,2,0
C0BA,2017,3,0
C0BA,2017,4,0
C0BA,2017,5,0
C0BA,2017,6,0
C0BA,2017,7,0
C0BA,2017,8,0
C0BA,2017,9,0
C0BA,2017,10,0
C0BA,2017,11,0
C0BA,2017,12,0
C059,2017,1,16
C059,2017,2,2
C059,2017,3,2
C059,2017,4,1
C059,2017,5,0
C059,2017,6,0
C059,2017,7,0
C059,2017,8,0
C059,2017,9,0
C059,2017,10,0
C059,2017,11,2
C059,2017,12,4
C072,2017,1,14
C072,2017,2,4
C072,2017,3,5
C072,2017,4,2
C072,2017,5,0
C072,2017,6,0
C072,2017,7,0
C072,2017,8,0
C072,2017,9,0
C072,2017,10,0
C072,2017,11,2
C072,2017,12,10
C0B4,2017,1,14
C0B4,2017,2,0
C0B4,2017,3,0
C0B4,2017,4,0
C0B4,2017,5,0
C0B4,2017,6,0
C0B4,2017,7,0
C0B4,2017,8,0
C0B4,2017,9,0
C0B4,2017,10,0
C0B4,2017,11,1
C0B4,2017,12,1
C054,2017,1,21
C054,2017,2,7
C054,2017,3,3
C054,2017,4,5
C054,2017,5,1
C054,2017,6,0
C054,2017,7,0
C054,2017,8,0
C054,2017,9,0
C054,2017,10,2
C054,2017,11,11
C054,2017,12,13
C042,2017,1,2
C042,2017,2,0
C042,2017,3,0
C042,2017,4,0
C042,2017,5,0
C042,2017,6,0
C042,2017,7,0
C042,2017,8,0
C042,2017,9,0
C042,2017,10,0
C042,2017,11,0
C042,2017,12,0
C0B9,2017,1,15
C0B9,2017,2,0
C0B9,2017,3,1
C0B9,2017,4,0
C0B9,2017,5,0
C0B9,2017,6,0
C0B9,2017,7,0
C0B9,2017,8,0
C0B9,2017,9,0
C0B9,2017,10,0
C0B9,2017,11,1
C0B9,2017,12,2
C0C3,2017,1,15
C0C3,2017,2,0
C0C3,2017,3,1
C0C3,2017,4,0
C0C3,2017,5,0
C0C3,2017,6,0
C0C3,2017,7,0
C0C3,2017,8,0
C0C3,2017,9,0
C0C3,2017,10,0
C0C3,2017,11,1
C0C3,2017,12,1
C066,2017,1,11
C066,2017,2,0
C066,2017,3,1
C066,2017,4,0
C066,2017,5,0
C066,2017,6,0
C066,2017,7,0
C066,2017,8,0
C066,2017,9,0
C066,2017,10,0
C066,2017,11,1
C066,2017,12,4
C022,2017,1,21
C022,2017,2,3
C022,2017,3,6
C022,2017,4,3
C022,2017,5,1
C022,2017,6,0
C022,2017,7,0
C022,2017,8,0
C022,2017,9,0
C022,2017,10,0
C022,2017,11,6
C022,2017,12,8
C0B3,2017,1,15
C0B3,2017,2,1
C0B3,2017,3,2
C0B3,2017,4,0
C0B3,2017,5,0
C0B3,2017,6,0
C0B3,2017,7,0
C0B3,2017,8,0
C0B3,2017,9,0
C0B3,2017,10,0
C0B3,2017,11,5
C0B3,2017,12,3
C037,2017,1,12
C037,2017,2,0
C037,2017,3,0
C037,2017,4,0
C037,2017,5,0
C037,2017,6,0
C037,2017,7,0
C037,2017,8,0
C037,2017,9,0
C037,2017,10,0
C037,2017,11,0
C037,2017,12,1
C0E5,2017,1,17
C0E5,2017,2,0
C0E5,2017,3,0
C0E5,2017,4,0
C0E5,2017,5,0
C0E5,2017,6,0
C0E5,2017,7,0
C0E5,2017,8,0
C0E5,2017,9,0
C0E5,2017,10,0
C0E5,2017,11,4
C0E5,2017,12,5
C0DB,2017,1,19
C0DB,2017,2,2
C0DB,2017,3,1
C0DB,2017,4,2
C0DB,2017,5,0
C0DB,2017,6,0
C0DB,2017,7,0
C0DB,2017,8,0
C0DB,2017,9,0
C0DB,2017,10,0
C0DB,2017,11,6
C0DB,2017,12,7
C0D3,2017,1,18
C0D3,2017,2,0
C0D3,2017,3,0
C0D3,2017,4,1
C0D3,2017,5,0
C0D3,2017,6,0
C0D3,2017,7,0
C0D3,2017,8,0
C0D3,2017,9,0
C0D3,2017,10,0
C0D3,2017,11,1
C0D3,2017,12,6
C0DD,2017,1,16
C0DD,2017,2,0
C0DD,2017,3,0
C0DD,2017,4,0
C0DD,2017,5,0
C0DD,2017,6,0
C0DD,2017,7,0
C0DD,2017,8,0
C0DD,2017,9,0
C0DD,2017,10,0
C0DD,2017,11,0
C0DD,2017,12,4
C0E9,2017,1,16
C0E9,2017,2,1
C0E9,2017,3,0
C0E9,2017,4,0
C0E9,2017,5,0
C0E9,2017,6,0
C0E9,2017,7,0
C0E9,2017,8,0
C0E9,2017,9,0
C0E9,2017,10,0
C0E9,2017,11,0
C0E9,2017,12,1
C078,2017,1,15
C078,2017,2,0
C078,2017,3,0
C078,2017,4,0
C078,2017,5,0
C078,2017,6,0
C078,2017,7,0
C078,2017,8,0
C078,2017,9,0
C078,2017,10,0
C078,2017,11,0
C078,2017,12,0
C052,2017,1,17
C052,2017,2,0
C052,2017,3,0
C052,2017,4,1
C052,2017,5,0
C052,2017,6,0
C052,2017,7,0
C052,2017,8,0
C052,2017,9,0
C052,2017,10,0
C052,2017,11,2
C052,2017,12,4
C0E1,2017,1,19
C0E1,2017,2,0
C0E1,2017,3,0
C0E1,2017,4,2
C0E1,2017,5,0
C0E1,2017,6,0
C0E1,2017,7,0
C0E1,2017,8,0
C0E1,2017,9,0
C0E1,2017,10,0
C0E1,2017,11,3
C0E1,2017,12,5
C077,2017,1,18
C077,2017,2,0
C077,2017,3,0
C077,2017,4,0
C077,2017,5,0
C077,2017,6,0
C077,2017,7,0
C077,2017,8,0
C077,2017,9,0
C077,2017,10,0
C077,2017,11,1
C077,2017,12,3
C080,2017,1,18
C080,2017,2,1
C080,2017,3,0
C080,2017,4,1
C080,2017,5,0
C080,2017,6,0
C080,2017,7,0
C080,2017,8,0
C080,2017,9,0
C080,2017,10,0
C080,2017,11,4
C080,2017,12,5
C0E8,2017,1,17
C0E8,2017,2,0
C0E8,2017,3,0
C0E8,2017,4,0
C0E8,2017,5,0
C0E8,2017,6,0
C0E8,2017,7,0
C0E8,2017,8,0
C0E8,2017,9,0
C0E8,2017,10,0
C0E8,2017,11,1
C0E8,2017,12,4
C023,2017,1,17
C023,2017,2,0
C023,2017,3,1
C023,2017,4,2
C023,2017,5,0
C023,2017,6,0
C023,2017,7,0
C023,2017,8,0
C023,2017,9,0
C023,2017,10,0
C023,2017,11,4
C023,2017,12,6
C084,2017,1,14
C084,2017,2,0
C084,2017,3,0
C084,2017,4,0
C084,2017,5,0
C084,2017,6,0
C084,2017,7,0
C084,2017,8,0
C084,2017,9,0
C084,2017,10,0
C084,2017,11,0
C084,2017,12,2
C0EA,2017,1,15
C0EA,2017,2,0
C0EA,2017,3,0
C0EA,2017,4,0
C0EA,2017,5,0
C0EA,2017,6,0
C0EA,2017,7,0
C0EA,2017,8,0
C0EA,2017,9,0
C0EA,2017,10,0
C0EA,2017,11,1
C0EA,2017,12,2
C026,2017,1,19
C026,2017,2,6
C026,2017,3,3
C026,2017,4,5
C026,2017,5,1
C026,2017,6,0
C026,2017,7,0
C026,2017,8,0
C026,2017,9,0
C026,2017,10,0
C026,2017,11,9
C026,2017,12,10
C058,2017,1,16
C058,2017,2,2
C058,2017,3,0
C058,2017,4,0
C058,2017,5,0
C058,2017,6,0
C058,2017,7,0
C058,2017,8,0
C058,2017,9,0
C058,2017,10,0
C058,2017,11,2
C058,2017,12,4
C0F0,2017,1,16
C0F0,2017,2,0
C0F0,2017,3,0
C0F0,2017,4,0
C0F0,2017,5,0
C0F0,2017,6,0
C0F0,2017,7,0
C0F0,2017,8,0
C0F0,2017,9,0
C0F0,2017,10,0
C0F0,2017,11,0
C0F0,2017,12,1
C0F1,2017,10,0
C0F1,2017,11,1
C0F1,2017,12,3
C0E7,2017,1,17
C0E7,2017,2,0
C0E7,2017,3,0
C0E7,2017,4,0
C0E7,2017,5,0
C0E7,2017,6,0
C0E7,2017,7,0
C0E7,2017,8,0
C0E7,2017,9,0
C0E7,2017,10,0
C0E7,2017,11,0
C0E7,2017,12,3
C018,2017,1,4
C018,2017,2,0
C018,2017,3,0
C018,2017,4,0
C018,2017,5,0
C018,2017,6,0
C018,2017,7,0
C018,2017,8,0
C018,2017,9,0
C018,2017,10,0
C018,2017,11,0
C018,2017,12,0
C0DC,2017,1,16
C0DC,2017,2,0
C0DC,2017,3,0
C0DC,2017,4,0
C0DC,2017,5,0
C0DC,2017,6,0
C0DC,2017,7,0
C0DC,2017,8,0
C0DC,2017,9,0
C0DC,2017,10,0
C0DC,2017,11,0
C0DC,2017,12,1
C071,2017,1,7
C071,2017,2,0
C071,2017,3,0
C071,2017,4,0
C071,2017,5,0
C071,2017,6,0
C071,2017,7,0
C071,2017,8,0
C071,2017,9,0
C071,2017,10,0
C071,2017,11,0
C071,2017,12,3
C0EC,2017,1,13
C0EC,2017,2,0
C0EC,2017,3,0
C0EC,2017,4,0
C0EC,2017,5,0
C0EC,2017,6,0
C0EC,2017,7,0
C0EC,2017,8,0
C0EC,2017,9,0
C0EC,2017,10,0
C0EC,2017,11,0
C0EC,2017,12,2
C0DE,2017,1,11
C0DE,2017,2,0
C0DE,2017,3,0
C0DE,2017,4,0
C0DE,2017,5,0
C0DE,2017,6,0
C0DE,2017,7,0
C0DE,2017,8,0
C0DE,2017,9,0
C0DE,2017,10,0
C0DE,2017,11,5
C0DE,2017,12,5
C017,2017,1,10
C017,2017,2,0
C017,2017,3,0
C017,2017,4,0
C017,2017,5,0
C017,2017,6,0
C017,2017,7,0
C017,2017,8,0
C017,2017,9,0
C017,2017,10,0
C017,2017,11,0
C017,2017,12,1
C0F4,2017,1,18
C0F4,2017,2,0
C0F4,2017,3,0
C0F4,2017,4,0
C0F4,2017,5,0
C0F4,2017,6,0
C0F4,2017,7,0
C0F4,2017,8,0
C0F4,2017,9,0
C0F4,2017,10,0
C0F4,2017,11,0
C0F4,2017,12,3
C0D1,2017,1,16
C0D1,2017,2,0
C0D1,2017,3,1
C0D1,2017,4,2
C0D1,2017,5,0
C0D1,2017,6,0
C0D1,2017,7,0
C0D1,2017,8,0
C0D1,2017,9,0
C0D1,2017,10,0
C0D1,2017,11,1
C0D1,2017,12,3
C043,2017,1,16
C043,2017,2,0
C043,2017,3,0
C043,2017,4,0
C043,2017,5,0
C043,2017,6,0
C043,2017,7,0
C043,2017,8,0
C043,2017,9,0
C043,2017,10,0
C043,2017,11,0
C043,2017,12,5
C0D2,2017,1,16
C0D2,2017,2,0
C0D2,2017,3,0
C0D2,2017,4,0
C0D2,2017,5,0
C0D2,2017,6,0
C0D2,2017,7,0
C0D2,2017,8,0
C0D2,2017,9,0
C0D2,2017,10,0
C0D2,2017,11,0
C0D2,2017,12,3
C007,2017,1,8
C007,2017,2,0
C007,2017,3,0
C007,2017,4,0
C007,2017,5,0
C007,2017,6,0
C007,2017,7,0
C007,2017,8,0
C007,2017,9,0
C007,2017,10,0
C007,2017,11,0
C007,2017,12,0
C0D0,2017,1,16
C0D0,2017,2,0
C0D0,2017,3,0
C0D0,2017,4,1
C0D0,2017,5,0
C0D0,2017,6,0
C0D0,2017,7,0
C0D0,2017,8,0
C0D0,2017,9,0
C0D0,2017,10,0
C0D0,2017,11,3
C0D0,2017,12,3
C064,2017,1,4
C064,2017,2,0
C064,2017,3,0
C064,2017,4,0
C064,2017,5,0
C064,2017,6,0
C064,2017,7,0
C064,2017,8,0
C064,2017,9,0
C064,2017,10,0
C064,2017,11,0
C064,2017,12,0
C028,2017,1,12
C028,2017,2,0
C028,2017,3,0
C028,2017,4,0
C028,2017,5,0
C028,2017,6,0
C028,2017,7,0
C028,2017,8,0
C028,2017,9,0
C028,2017,10,0
C028,2017,11,0
C028,2017,12,4
C029,2017,1,13
C029,2017,2,0
C029,2017,3,0
C029,2017,4,0
C029,2017,5,0
C029,2017,6,0
C029,2017,7,0
C029,2017,8,0
C029,2017,9,0
C029,2017,10,0
C029,2017,11,1
C029,2017,12,1
C076,2018,1,10
C076,2018,2,14
C076,2018,3,6
C076,2018,4,1
C076,2018,5,0
C076,2018,6,0
C076,2018,7,0
C076,2018,8,0
C076,2018,9,0
C076,2018,10,2
C076,2018,11,1
C076,2018,12,7
C0A4,2018,1,13
C0A4,2018,2,15
C0A4,2018,3,7
C0A4,2018,4,1
C0A4,2018,5,2
C0A4,2018,6,0
C0A4,2018,7,0
C0A4,2018,8,0
C0A4,2018,9,0
C0A4,2018,10,2
C0A4,2018,11,4
C0A4,2018,12,13
C056,2018,1,10
C056,2018,2,15
C056,2018,3,4
C056,2018,4,0
C056,2018,5,0
C056,2018,6,0
C056,2018,7,0
C056,2018,8,0
C056,2018,9,0
C056,2018,10,0
C056,2018,11,1
C056,2018,12,7
C035,2018,1,14
C035,2018,2,19
C035,2018,3,8
C035,2018,4,1
C035,2018,5,0
C035,2018,6,0
C035,2018,7,0
C035,2018,8,0
C035,2018,9,0
C035,2018,10,3
C035,2018,11,1
C035,2018,12,9
C0A3,2018,1,15
C0A3,2018,2,17
C0A3,2018,3,10
C0A3,2018,4,4
C0A3,2018,5,2
C0A3,2018,6,0
C0A3,2018,7,0
C0A3,2018,8,0
C0A3,2018,9,0
C0A3,2018,10,2
C0A3,2018,11,6
C0A3,2018,12,8
C016,2018,1,9
C016,2018,2,14
C016,2018,3,4
C016,2018,4,0
C016,2018,5,0
C016,2018,6,0
C016,2018,7,0
C016,2018,8,0
C016,2018,9,0
C016,2018,10,0
C016,2018,11,1
C016,2018,12,8
C025,2018,1,8
C025,2018,2,19
C025,2018,3,6
C025,2018,4,0
C025,2018,5,0
C025,2018,6,0
C025,2018,7,0
C025,2018,8,0
C025,2018,9,0
C025,2018,10,3
C025,2018,11,1
C025,2018,12,3
C0A2,2018,1,16
C0A2,2018,2,17
C0A2,2018,3,8
C0A2,2018,4,3
C0A2,2018,5,1
C0A2,2018,6,0
C0A2,2018,7,0
C0A2,2018,8,0
C0A2,2018,9,0
C0A2,2018,10,3
C0A2,2018,11,1
C0A2,2018,12,8
C034,2018,1,9
C034,2018,2,12
C034,2018,3,4
C034,2018,4,0
C034,2018,5,3
C034,2018,6,0
C034,2018,7,0
C034,2018,8,0
C034,2018,9,0
C034,2018,10,2
C034,2018,11,2
C034,2018,12,13
C0AA,2018,1,11
C0AA,2018,2,14
C0AA,2018,3,6
C0AA,2018,4,1
C0AA,2018,5,1
C0AA,2018,6,0
C0AA,2018,7,0
C0AA,2018,8,0
C0AA,2018,9,0
C0AA,2018,10,1
C0AA,2018,11,1
C0AA,2018,12,9
C067,2018,1,0
C067,2018,2,8
C067,2018,3,0
C067,2018,4,0
C067,2018,5,0
C067,2018,6,0
C067,2018,7,0
C067,2018,8,0
C067,2018,9,0
C067,2018,10,0
C067,2018,11,0
C067,2018,12,1
C040,2018,1,2
C040,2018,2,5
C040,2018,3,0
C040,2018,4,0
C040,2018,5,0
C040,2018,6,0
C040,2018,7,0
C040,2018,8,0
C040,2018,9,0
C040,2018,10,0
C040,2018,11,0
C040,2018,12,1
C044,2018,1,12
C044,2018,2,14
C044,2018,3,9
C044,2018,4,1
C044,2018,5,0
C044,2018,6,0
C044,2018,7,0
C044,2018,8,0
C044,2018,9,0
C044,2018,10,2
C044,2018,11,1
C044,2018,12,6
C048,2018,1,14
C048,2018,2,20
C048,2018,3,14
C048,2018,4,3
C048,2018,5,1
C048,2018,6,0
C048,2018,7,0
C048,2018,8,0
C048,2018,9,0
C048,2018,10,3
C048,2018,11,0
C048,2018,12,1
C068,2018,1,11
C068,2018,2,13
C068,2018,3,6
C068,2018,4,1
C068,2018,5,0
C068,2018,6,0
C068,2018,7,0
C068,2018,8,0
C068,2018,9,0
C068,2018,10,2
C068,2018,11,1
C068,2018,12,6
C024,2018,1,22
C024,2018,2,20
C024,2018,3,13
C024,2018,4,4
C024,2018,5,3
C024,2018,6,0
C024,2018,7,0
C024,2018,8,0
C024,2018,9,1
C024,2018,10,5
C024,2018,11,7
C024,2018,12,17
C00A,2018,1,12
C00A,2018,2,13
C00A,2018,3,4
C00A,2018,4,1
C00A,2018,5,1
C00A,2018,6,0
C00A,2018,7,0
C00A,2018,8,0
C00A,2018,9,0
C00A,2018,10,1
C00A,2018,11,5
C00A,2018,12,5
C047,2018,1,13
C047,2018,2,20
C047,2018,3,14
C047,2018,4,4
C047,2018,5,1
C047,2018,6,0
C047,2018,7,0
C047,2018,8,0
C047,2018,9,0
C047,2018,10,4
C047,2018,11,0
C047,2018,12,0
C031,2018,1,1
C031,2018,2,7
C031,2018,3,0
C031,2018,4,0
C031,2018,5,0
C031,2018,6,0
C031,2018,7,0
C031,2018,8,0
C031,2018,9,0
C031,2018,10,0
C031,2018,11,0
C031,2018,12,0
C041,2018,1,15
C041,2018,2,17
C041,2018,3,7
C041,2018,4,1
C041,2018,5,2
C041,2018,6,0
C041,2018,7,0
C041,2018,8,0
C041,2018,9,0
C041,2018,10,2
C041,2018,11,5
C041,2018,12,13
C055,2018,1,13
C055,2018,2,17
C055,2018,3,7
C055,2018,4,2
C055,2018,5,1
C055,2018,6,0
C055,2018,7,0
C055,2018,8,0
C055,2018,9,0
C055,2018,10,2
C055,2018,11,3
C055,2018,12,16
C060,2018,1,7
C060,2018,2,14
C060,2018,3,2
C060,2018,4,0
C060,2018,5,0
C060,2018,6,0
C060,2018,7,0
C060,2018,8,0
C060,2018,9,0
C060,2018,10,0
C060,2018,11,0
C060,2018,12,6
C0A1,2018,1,15
C0A1,2018,2,15
C0A1,2018,3,7
C0A1,2018,4,1
C0A1,2018,5,2
C0A1,2018,6,0
C0A1,2018,7,0
C0A1,2018,8,0
C0A1,2018,9,0
C0A1,2018,10,3
C0A1,2018,11,7
C0A1,2018,12,12
C021,2018,1,15
C021,2018,2,20
C021,2018,3,10
C021,2018,4,3
C021,2018,5,1
C021,2018,6,0
C021,2018,7,0
C021,2018,8,0
C021,2018,9,0
C021,2018,10,4
C021,2018,11,2
C021,2018,12,10
C030,2018,1,14
C030,2018,2,16
C030,2018,3,6
C030,2018,4,3
C030,2018,5,1
C030,2018,6,0
C030,2018,7,0
C030,2018,8,0
C030,2018,9,0
C030,2018,10,2
C030,2018,11,1
C030,2018,12,12
C051,2018,1,3
C051,2018,2,10
C051,2018,3,2
C051,2018,4,0
C051,2018,5,0
C051,2018,6,0
C051,2018,7,0
C051,2018,8,0
C051,2018,9,0
C051,2018,10,0
C051,2018,11,0
C051,2018,12,2
C0A0,2018,1,17
C0A0,2018,2,16
C0A0,2018,3,11
C0A0,2018,4,1
C0A0,2018,5,0
C0A0,2018,6,0
C0A0,2018,7,0
C0A0,2018,8,0
C0A0,2018,9,0
C0A0,2018,10,2
C0A0,2018,11,2
C0A0,2018,12,12
C049,2018,1,14
C049,2018,2,14
C049,2018,3,6
C049,2018,4,1
C049,2018,5,2
C049,2018,6,0
C049,2018,7,0
C049,2018,8,0
C049,2018,9,0
C049,2018,10,2
C049,2018,11,3
C049,2018,12,12
C00B,2018,1,12
C00B,2018,2,16
C00B,2018,3,8
C00B,2018,4,1
C00B,2018,5,3
C00B,2018,6,0
C00B,2018,7,0
C00B,2018,8,0
C00B,2018,9,0
C00B,2018,10,2
C00B,2018,11,3
C00B,2018,12,8
C020,2018,1,12
C020,2018,2,15
C020,2018,3,6
C020,2018,4,2
C020,2018,5,2
C020,2018,6,0
C020,2018,7,0
C020,2018,8,0
C020,2018,9,0
C020,2018,10,2
C020,2018,11,2
C020,2018,12,14
C070,2018,1,11
C070,2018,2,20
C070,2018,3,9
C070,2018,4,3
C070,2018,5,0
C070,2018,6,0
C070,2018,7,0
C070,2018,8,0
C070,2018,9,0
C070,2018,10,2
C070,2018,11,0
C070,2018,12,1
C050,2018,1,5
C050,2018,2,11
C050,2018,3,2
C050,2018,4,0
C050,2018,5,0
C050,2018,6,0
C050,2018,7,0
C050,2018,8,0
C050,2018,9,0
C050,2018,10,0
C050,2018,11,1
C050,2018,12,3
C0B1,2018,1,0
C0B1,2018,2,5
C0B1,2018,3,0
C0B1,2018,4,0
C0B1,2018,5,0
C0B1,2018,6,0
C0B1,2018,7,0
C0B1,2018,8,0
C0B1,2018,9,0
C0B1,2018,10,0
C0B1,2018,11,0
C0B1,2018,12,0
C079,2018,1,1
C079,2018,2,7
C079,2018,3,0
C079,2018,4,0
C079,2018,5,0
C079,2018,6,0
C079,2018,7,0
C079,2018,8,0
C079,2018,9,0
C079,2018,10,0
C079,2018,11,0
C079,2018,12,1
C0C1,2018,1,1
C0C1,2018,2,2
C0C1,2018,3,0
C0C1,2018,4,0
C0C1,2018,5,0
C0C1,2018,6,0
C0C1,2018,7,0
C0C1,2018,8,0
C0C1,2018,9,0
C0C1,2018,10,0
C0C1,2018,11,0
C0C1,2018,12,0
C061,2018,1,0
C061,2018,2,5
C061,2018,3,0
C061,2018,4,0
C061,2018,5,0
C061,2018,6,0
C061,2018,7,0
C061,2018,8,0
C061,2018,9,0
C061,2018,10,0
C061,2018,11,0
C061,2018,12,0
C032,2018,1,3
C032,2018,2,10
C032,2018,3,1
C032,2018,4,0
C032,2018,5,0
C032,2018,6,0
C032,2018,7,0
C032,2018,8,0
C032,2018,9,0
C032,2018,10,0
C032,2018,11,0
C032,2018,12,1
C002,2018,1,0
C002,2018,2,8
C002,2018,3,0
C002,2018,4,0
C002,2018,5,0
C002,2018,6,0
C002,2018,7,0
C002,2018,8,0
C002,2018,9,0
C002,2018,10,0
C002,2018,11,0
C002,2018,12,0
C0C2,2018,1,5
C0C2,2018,2,9
C0C2,2018,3,2
C0C2,2018,4,0
C0C2,2018,5,0
C0C2,2018,6,0
C0C2,2018,7,0
C0C2,2018,8,0
C0C2,2018,9,0
C0C2,2018,10,0
C0C2,2018,11,1
C0C2,2018,12,6
C069,2018,1,0
C069,2018,2,2
C069,2018,3,0
C069,2018,4,0
C069,2018,5,0
C069,2018,6,0
C069,2018,7,0
C069,2018,8,0
C069,2018,9,0
C069,2018,10,0
C069,2018,11,0
C069,2018,12,0
C0B6,2018,1,3
C0B6,2018,2,13
C0B6,2018,3,3
C0B6,2018,4,0
C0B6,2018,5,0
C0B6,2018,6,0
C0B6,2018,7,0
C0B6,2018,8,0
C0B6,2018,9,0
C0B6,2018,10,0
C0B6,2018,11,0
C0B6,2018,12,1
C0BE,2018,1,0
C0BE,2018,2,3
C0BE,2018,3,0
C0BE,2018,4,0
C0BE,2018,5,0
C0BE,2018,6,0
C0BE,2018,7,0
C0BE,2018,8,0
C0BE,2018,9,0
C0BE,2018,10,0
C0BE,2018,11,0
C0BE,2018,12,0
C065,2018,1,1
C065,2018,2,17
C065,2018,3,3
C065,2018,4,0
C065,2018,5,0
C065,2018,6,0
C065,2018,7,0
C065,2018,8,0
C065,2018,9,0
C065,2018,10,1
C065,2018,11,0
C065,2018,12,0
C003,2018,1,0
C003,2018,2,8
C003,2018,3,0
C003,2018,4,0
C003,2018,5,0
C003,2018,6,0
C003,2018,7,0
C003,2018,8,0
C003,2018,9,0
C003,2018,10,0
C003,2018,11,0
C003,2018,12,0
C039,2018,1,0
C039,2018,2,2
C039,2018,3,0
C039,2018,4,0
C039,2018,5,0
C039,2018,6,0
C039,2018,7,0
C039,2018,8,0
C039,2018,9,0
C039,2018,10,0
C039,2018,11,0
C039,2018,12,0
C075,2018,1,0
C075,2018,2,10
C075,2018,3,1
C075,2018,4,0
C075,2018,5,0
C075,2018,6,0
C075,2018,7,0
C075,2018,8,0
C075,2018,9,0
C075,2018,10,0
C075,2018,11,0
C075,2018,12,0
C074,2018,1,0
C074,2018,2,8
C074,2018,3,0
C074,2018,4,0
C074,2018,5,0
C074,2018,6,0
C074,2018,7,0
C074,2018,8,0
C074,2018,9,0
C074,2018,10,0
C074,2018,11,0
C074,2018,12,0
C009,2018,1,0
C009,2018,2,3
C009,2018,3,0
C009,2018,4,0
C009,2018,5,0
C009,2018,6,0
C009,2018,7,0
C009,2018,8,0
C009,2018,9,0
C009,2018,10,0
C009,2018,11,0
C009,2018,12,0
C038,2018,1,0
C038,2018,2,2
C038,2018,3,0
C038,2018,4,0
C038,2018,5,0
C038,2018,6,0
C038,2018,7,0
C038,2018,8,0
C038,2018,9,0
C038,2018,10,0
C038,2018,11,0
C038,2018,12,0
C033,2018,1,1
C033,2018,2,9
C033,2018,3,0
C033,2018,4,0
C033,2018,5,0
C033,2018,6,0
C033,2018,7,0
C033,2018,8,0
C033,2018,9,0
C033,2018,10,0
C033,2018,11,0
C033,2018,12,0
C0BD,2018,1,0
C0BD,2018,2,10
C0BD,2018,3,2
C0BD,2018,4,0
C0BD,2018,5,0
C0BD,2018,6,0
C0BD,2018,7,0
C0BD,2018,8,0
C0BD,2018,9,0
C0BD,2018,10,0
C0BD,2018,11,0
C0BD,2018,12,0
C036,2018,1,0
C036,2018,2,9
C036,2018,3,0
C036,2018,4,0
C036,2018,5,0
C036,2018,6,0
C036,2018,7,0
C036,2018,8,0
C036,2018,9,0
C036,2018,10,0
C036,2018,11,0
C036,2018,12,1
C045,2018,1,0
C045,2018,2,15
C045,2018,3,2
C045,2018,4,0
C045,2018,5,0
C045,2018,6,0
C045,2018,7,0
C045,2018,8,0
C045,2018,9,0
C045,2018,10,0
C045,2018,11,0
C045,2018,12,0
C0B7,2018,1,0
C0B7,2018,2,10
C0B7,2018,3,1
C0B7,2018,4,0
C0B7,2018,5,0
C0B7,2018,6,0
C0B7,2018,7,0
C0B7,2018,8,0
C0B7,2018,9,0
C0B7,2018,10,0
C0B7,2018,11,0
C0B7,2018,12,1
C019,2018,1,0
C019,2018,2,4
C019,2018,3,0
C019,2018,4,0
C019,2018,5,0
C019,2018,6,0
C019,2018,7,0
C019,2018,8,0
C019,2018,9,0
C019,2018,10,0
C019,2018,11,0
C019,2018,12,0
C057,2018,1,0
C057,2018,2,6
C057,2018,3,0
C057,2018,4,0
C057,2018,5,0
C057,2018,6,0
C057,2018,7,0
C057,2018,8,0
C057,2018,9,0
C057,2018,10,0
C057,2018,11,0
C057,2018,12,0
C063,2018,1,2
C063,2018,2,8
C063,2018,3,2
C063,2018,4,0
C063,2018,5,0
C063,2018,6,0
C063,2018,7,0
C063,2018,8,0
C063,2018,9,0
C063,2018,10,0
C063,2018,11,0
C063,2018,12,3
C046,2018,2,21
C046,2018,3,15
C046,2018,4,1
C046,2018,5,0
C046,2018,6,0
C046,2018,7,0
C046,2018,8,0
C046,2018,9,0
C046,2018,10,3
C046,2018,11,1
C046,2018,12,0
C0BA,2018,1,0
C0BA,2018,2,4
C0BA,2018,3,0
C0BA,2018,4,0
C0BA,2018,5,0
C0BA,2018,6,0
C0BA,2018,7,0
C0BA,2018,8,0
C0BA,2018,9,0
C0BA,2018,10,0
C0BA,2018,11,0
C0BA,2018,12,0
C059,2018,1,2
C059,2018,2,12
C059,2018,3,1
C059,2018,4,0
C059,2018,5,0
C059,2018,6,0
C059,2018,7,0
C059,2018,8,0
C059,2018,9,0
C059,2018,10,0
C059,2018,11,0
C059,2018,12,2
C072,2018,1,9
C072,2018,2,20
C072,2018,3,12
C072,2018,4,1
C072,2018,5,0
C072,2018,6,0
C072,2018,7,0
C072,2018,8,0
C072,2018,9,0
C072,2018,10,4
C072,2018,11,1
C072,2018,12,2
C0B4,2018,1,0
C0B4,2018,2,8
C0B4,2018,3,0
C0B4,2018,4,0
C0B4,2018,5,0
C0B4,2018,6,0
C0B4,2018,7,0
C0B4,2018,8,0
C0B4,2018,9,0
C0B4,2018,10,0
C0B4,2018,11,0
C0B4,2018,12,1
C054,2018,1,12
C054,2018,2,14
C054,2018,3,7
C054,2018,4,1
C054,2018,5,0
C054,2018,6,0
C054,2018,7,0
C054,2018,8,0
C054,2018,9,0
C054,2018,10,1
C054,2018,11,2
C054,2018,12,10
C042,2018,1,0
C042,2018,2,2
C042,2018,3,0
C042,2018,4,0
C042,2018,5,0
C042,2018,6,0
C042,2018,7,0
C042,2018,8,0
C042,2018,9,0
C042,2018,10,0
C042,2018,11,0
C042,2018,12,0
C0B9,2018,1,1
C0B9,2018,2,9
C0B9,2018,3,0
C0B9,2018,4,0
C0B9,2018,5,0
C0B9,2018,6,0
C0B9,2018,7,0
C0B9,2018,8,0
C0B9,2018,9,0
C0B9,2018,10,0
C0B9,2018,11,0
C0B9,2018,12,1
C0C3,2018,1,0
C0C3,2018,2,6
C0C3,2018,3,0
C0C3,2018,4,0
C0C3,2018,5,0
C0C3,2018,6,0
C0C3,2018,7,0
C0C3,2018,8,0
C0C3,2018,9,0
C0C3,2018,10,0
C0C3,2018,11,0
C0C3,2018,12,1
C066,2018,1,1
C066,2018,2,17
C066,2018,3,3
C066,2018,4,0
C066,2018,5,0
C066,2018,6,0
C066,2018,7,0
C066,2018,8,0
C066,2018,9,0
C066,2018,10,0
C066,2018,11,0
C066,2018,12,0
C022,2018,1,13
C022,2018,2,19
C022,2018,3,10
C022,2018,4,1
C022,2018,5,0
C022,2018,6,0
C022,2018,7,0
C022,2018,8,0
C022,2018,9,0
C022,2018,10,3
C022,2018,11,1
C022,2018,12,3
C0B3,2018,1,1
C0B3,2018,2,8
C0B3,2018,3,1
C0B3,2018,4,0
C0B3,2018,5,0
C0B3,2018,6,0
C0B3,2018,7,0
C0B3,2018,8,0
C0B3,2018,9,0
C0B3,2018,10,0
C0B3,2018,11,0
C0B3,2018,12,1
C037,2018,1,0
C037,2018,2,9
C037,2018,3,0
C037,2018,4,0
C037,2018,5,0
C037,2018,6,0
C037,2018,7,0
C037,2018,8,0
C037,2018,9,0
C037,2018,10,0
C0E5,2018,1,2
C0E5,2018,2,9
C0E5,2018,3,2
C0E5,2018,4,0
C0E5,2018,5,0
C0E5,2018,6,0
C0E5,2018,7,0
C0E5,2018,8,0
C0E5,2018,9,0
C0E5,2018,10,0
C0E5,2018,11,0
C0E5,2018,12,1
C0DB,2018,1,6
C0DB,2018,2,14
C0DB,2018,3,5
C0DB,2018,4,0
C0DB,2018,5,0
C0DB,2018,6,0
C0DB,2018,7,0
C0DB,2018,8,0
C0DB,2018,9,0
C0DB,2018,10,1
C0DB,2018,11,1
C0DB,2018,12,3
C0D3,2018,1,2
C0D3,2018,2,13
C0D3,2018,3,2
C0D3,2018,4,0
C0D3,2018,5,0
C0D3,2018,6,0
C0D3,2018,7,0
C0D3,2018,8,0
C0D3,2018,9,0
C0D3,2018,10,0
C0D3,2018,11,0
C0D3,2018,12,2
C0DD,2018,1,0
C0DD,2018,2,8
C0DD,2018,3,0
C0DD,2018,4,0
C0DD,2018,5,0
C0DD,2018,6,0
C0DD,2018,7,0
C0DD,2018,8,0
C0DD,2018,9,0
C0DD,2018,10,0
C0DD,2018,11,0
C0DD,2018,12,0
C0E9,2018,1,1
C0E9,2018,2,7
C0E9,2018,3,1
C0E9,2018,4,0
C0E9,2018,5,0
C0E9,2018,6,0
C0E9,2018,7,0
C0E9,2018,8,0
C0E9,2018,9,0
C0E9,2018,10,0
C0E9,2018,11,0
C0E9,2018,12,0
C078,2018,1,0
C078,2018,2,3
C078,2018,3,1
C078,2018,4,0
C078,2018,5,0
C078,2018,6,0
C078,2018,7,0
C078,2018,8,0
C078,2018,9,0
C078,2018,10,0
C078,2018,11,0
C078,2018,12,0
C052,2018,1,4
C052,2018,2,10
C052,2018,3,2
C052,2018,4,0
C052,2018,5,0
C052,2018,6,0
C052,2018,7,0
C052,2018,8,0
C052,2018,9,0
C052,2018,10,0
C052,2018,11,0
C052,2018,12,1
C0E1,2018,1,2
C0E1,2018,2,10
C0E1,2018,3,2
C0E1,2018,4,0
C0E1,2018,5,0
C0E1,2018,6,0
C0E1,2018,7,0
C0E1,2018,8,0
C0E1,2018,9,0
C0E1,2018,10,0
C0E1,2018,11,0
C0E1,2018,12,1
C077,2018,1,1
C077,2018,2,10
C077,2018,3,1
C077,2018,4,0
C077,2018,5,0
C077,2018,6,0
C077,2018,7,0
C077,2018,8,0
C077,2018,9,0
C077,2018,10,0
C077,2018,11,0
C077,2018,12,0
C080,2018,1,3
C080,2018,2,11
C080,2018,3,3
C080,2018,4,0
C080,2018,5,0
C080,2018,6,0
C080,2018,7,0
C080,2018,8,0
C080,2018,9,0
C080,2018,10,0
C080,2018,11,0
C080,2018,12,0
C0E8,2018,1,2
C0E8,2018,2,9
C0E8,2018,3,1
C0E8,2018,4,0
C0E8,2018,5,0
C0E8,2018,6,0
C0E8,2018,7,0
C0E8,2018,8,0
C0E8,2018,9,0
C0E8,2018,10,0
C0E8,2018,11,0
C0E8,2018,12,0
C023,2018,1,8
C023,2018,2,16
C023,2018,3,4
C023,2018,4,0
C023,2018,5,0
C023,2018,6,0
C023,2018,7,0
C023,2018,8,0
C023,2018,9,0
C023,2018,10,0
C023,2018,11,0
C023,2018,12,1
C084,2018,1,0
C084,2018,2,6
C084,2018,3,0
C084,2018,4,0
C084,2018,5,0
C084,2018,6,0
C084,2018,7,0
C084,2018,8,0
C084,2018,9,0
C084,2018,10,0
C084,2018,11,0
C084,2018,12,0
C0EA,2018,1,2
C0EA,2018,2,9
C0EA,2018,3,1
C0EA,2018,4,0
C0EA,2018,5,0
C0EA,2018,6,0
C0EA,2018,7,0
C0EA,2018,8,0
C0EA,2018,9,0
C0EA,2018,10,0
C0EA,2018,11,0
C0EA,2018,12,0
C026,2018,1,9
C026,2018,2,13
C026,2018,3,2
C026,2018,4,0
C026,2018,5,0
C026,2018,6,0
C026,2018,7,0
C026,2018,8,0
C026,2018,9,0
C026,2018,10,0
C026,2018,11,1
C026,2018,12,4
C058,2018,1,1
C058,2018,2,18
C058,2018,3,2
C058,2018,4,0
C058,2018,5,0
C058,2018,6,0
C058,2018,7,0
C058,2018,8,0
C058,2018,9,0
C058,2018,10,2
C058,2018,11,0
C0F0,2018,1,0
C0F0,2018,2,7
C0F0,2018,3,0
C0F0,2018,4,0
C0F0,2018,5,0
C0F0,2018,6,0
C0F0,2018,7,0
C0F0,2018,8,0
C0F0,2018,9,0
C0F0,2018,10,0
C0F0,2018,11,0
C0F0,2018,12,0
C0F1,2018,1,1
C0F1,2018,2,19
C0F1,2018,3,4
C0F1,2018,4,0
C0F1,2018,5,0
C0F1,2018,6,0
C0F1,2018,7,0
C0F1,2018,8,0
C0F1,2018,9,0
C0F1,2018,10,2
C0F1,2018,11,0
C0F1,2018,12,1
C0E7,2018,1,2
C0E7,2018,2,9
C0E7,2018,3,2
C0E7,2018,4,0
C0E7,2018,5,0
C0E7,2018,6,0
C0E7,2018,7,0
C0E7,2018,8,0
C0E7,2018,9,0
C0E7,2018,10,0
C0E7,2018,11,0
C0E7,2018,12,0
C018,2018,1,0
C018,2018,2,2
C018,2018,3,0
C018,2018,4,0
C018,2018,5,0
C018,2018,6,0
C018,2018,7,0
C018,2018,8,0
C0DC,2018,1,0
C0DC,2018,2,5
C0DC,2018,3,0
C0DC,2018,4,0
C0DC,2018,5,0
C0DC,2018,6,0
C0DC,2018,7,0
C0DC,2018,8,0
C0DC,2018,9,0
C0DC,2018,10,0
C0DC,2018,11,0
C0DC,2018,12,0
C071,2018,1,1
C071,2018,2,9
C071,2018,3,2
C071,2018,4,0
C071,2018,5,0
C071,2018,6,0
C071,2018,7,0
C071,2018,8,0
C071,2018,9,0
C071,2018,10,0
C071,2018,11,0
C071,2018,12,0
C0EC,2018,1,0
C0EC,2018,2,5
C0EC,2018,3,0
C0EC,2018,4,0
C0EC,2018,5,0
C0EC,2018,6,0
C0EC,2018,7,0
C0EC,2018,8,0
C0EC,2018,9,0
C0EC,2018,10,0
C0EC,2018,11,0
C0EC,2018,12,0
C0DE,2018,1,4
C0DE,2018,2,10
C0DE,2018,3,2
C0DE,2018,4,0
C0DE,2018,5,0
C0DE,2018,6,0
C0DE,2018,7,0
C0DE,2018,8,0
C0DE,2018,9,0
C0DE,2018,10,0
C0DE,2018,11,0
C0DE,2018,12,1
C017,2018,1,0
C017,2018,2,6
C017,2018,3,0
C017,2018,4,0
C017,2018,5,0
C017,2018,6,0
C017,2018,7,0
C017,2018,8,0
C017,2018,9,0
C017,2018,10,0
C017,2018,11,0
C017,2018,12,0
C0F4,2018,1,0
C0F4,2018,2,8
C0F4,2018,3,0
C0F4,2018,4,0
C0F4,2018,5,0
C0F4,2018,6,0
C0F4,2018,7,0
C0F4,2018,8,0
C0F4,2018,9,0
C0F4,2018,10,0
C0F4,2018,11,0
C0F4,2018,12,0
C0D1,2018,1,2
C0D1,2018,2,8
C0D1,2018,3,2
C0D1,2018,4,0
C0D1,2018,5,0
C0D1,2018,6,0
C0D1,2018,7,0
C0D1,2018,8,0
C0D1,2018,9,0
C0D1,2018,10,0
C0D1,2018,11,0
C0D1,2018,12,1
C043,2018,1,2
C043,2018,2,9
C043,2018,3,2
C043,2018,4,0
C043,2018,5,0
C043,2018,6,0
C043,2018,7,0
C043,2018,8,0
C043,2018,9,0
C043,2018,10,0
C043,2018,11,0
C043,2018,12,0
C0D2,2018,1,2
C0D2,2018,2,8
C0D2,2018,3,2
C0D2,2018,4,0
C0D2,2018,5,0
C0D2,2018,6,0
C0D2,2018,7,0
C0D2,2018,8,0
C0D2,2018,9,0
C0D2,2018,10,0
C0D2,2018,11,0
C0D2,2018,12,1
C007,2018,1,0
C007,2018,2,2
C007,2018,3,0
C007,2018,4,0
C007,2018,5,0
C007,2018,6,0
C007,2018,7,0
C007,2018,8,0
C0D0,2018,1,3
C0D0,2018,2,10
C0D0,2018,3,2
C0D0,2018,4,0
C0D0,2018,5,0
C0D0,2018,6,0
C0D0,2018,7,0
C0D0,2018,8,0
C0D0,2018,9,0
C0D0,2018,10,0
C0D0,2018,11,0
C0D0,2018,12,1
C064,2018,1,0
C064,2018,2,2
C064,2018,3,0
C064,2018,4,0
C064,2018,5,0
C064,2018,6,0
C064,2018,7,0
C064,2018,8,0
C064,2018,9,0
C064,2018,10,0
C064,2018,11,0
C064,2018,12,0
C028,2018,1,0
C028,2018,2,12
C028,2018,3,2
C028,2018,4,0
C028,2018,5,0
C028,2018,6,0
C028,2018,7,0
C028,2018,8,0
C028,2018,9,0
C028,2018,10,0
C028,2018,11,0
C028,2018,12,1
C029,2018,1,0
C029,2018,2,6
C029,2018,3,0
C029,2018,4,0
C029,2018,5,0
C029,2018,6,0
C029,2018,7,0
C029,2018,8,0
C029,2018,9,0
C029,2018,10,0
C029,2018,11,0
C029,2018,12,0
C076,2019,1,12
C076,2019,2,18
C076,2019,3,10
C076,2019,4,2
C076,2019,5,2
C076,2019,6,0
C076,2019,7,0
C076,2019,8,0
C076,2019,9,0
C076,2019,10,0
C076,2019,11,2
C076,2019,12,12
C0A4,2019,1,12
C0A4,2019,2,18
C0A4,2019,3,17
C0A4,2019,4,3
C0A4,2019,5,5
C0A4,2019,6,0
C0A4,2019,7,0
C0A4,2019,8,0
C0A4,2019,9,0
C0A4,2019,10,0
C0A4,2019,11,2
C0A4,2019,12,15
C056,2019,1,11
C056,2019,2,11
C056,2019,3,8
C056,2019,4,1
C056,2019,5,2
C056,2019,6,0
C056,2019,7,0
C056,2019,8,0
C056,2019,9,0
C056,2019,10,0
C056,2019,11,1
C056,2019,12,9
C035,2019,1,13
C035,2019,2,12
C035,2019,3,10
C035,2019,4,5
C035,2019,5,3
C035,2019,6,0
C035,2019,7,0
C035,2019,8,0
C035,2019,9,0
C035,2019,10,0
C035,2019,11,4
C035,2019,12,12
C0A3,2019,1,13
C0A3,2019,2,18
C0A3,2019,3,14
C0A3,2019,4,2
C0A3,2019,5,2
C0A3,2019,6,0
C0A3,2019,7,0
C0A3,2019,8,0
C0A3,2019,9,0
C0A3,2019,10,0
C0A3,2019,11,4
C0A3,2019,12,9
C016,2019,1,10
C016,2019,2,13
C016,2019,3,6
C016,2019,4,1
C016,2019,5,1
C016,2019,6,0
C016,2019,7,0
C016,2019,8,0
C016,2019,9,0
C016,2019,10,0
C016,2019,11,1
C016,2019,12,8
C025,2019,1,9
C025,2019,2,7
C025,2019,3,1
C025,2019,4,3
C025,2019,5,2
C025,2019,6,0
C025,2019,7,0
C025,2019,8,0
C025,2019,9,0
C025,2019,10,0
C025,2019,11,3
C025,2019,12,6
C0A2,2019,1,15
C0A2,2019,2,12
C0A2,2019,3,12
C0A2,2019,4,3
C0A2,2019,5,1
C0A2,2019,6,0
C0A2,2019,7,0
C0A2,2019,8,0
C0A2,2019,9,0
C0A2,2019,10,0
C0A2,2019,11,1
C0A2,2019,12,11
C034,2019,1,11
C034,2019,2,19
C034,2019,3,12
C034,2019,4,3
C034,2019,5,1
C034,2019,6,0
C034,2019,7,0
C034,2019,8,0
C034,2019,9,0
C034,2019,10,0
C034,2019,11,4
C034,2019,12,12
C0AA,2019,2,0
C0AA,2019,3,11
C0AA,2019,4,3
C0AA,2019,5,4
C0AA,2019,6,0
C0AA,2019,7,0
C0AA,2019,8,0
C0AA,2019,9,0
C0AA,2019,10,0
C0AA,2019,11,1
C0AA,2019,12,10
C067,2019,1,5
C067,2019,2,1
C067,2019,3,0
C067,2019,4,1
C067,2019,5,0
C067,2019,6,0
C067,2019,7,0
C067,2019,8,0
C067,2019,9,0
C067,2019,10,0
C067,2019,11,0
C067,2019,12,3
C040,2019,1,3
C040,2019,2,1
C040,2019,3,0
C040,2019,4,0
C040,2019,5,0
C040,2019,6,0
C040,2019,7,0
C040,2019,8,0
C040,2019,9,0
C040,2019,10,0
C040,2019,11,0
C040,2019,12,6
C044,2019,1,12
C044,2019,2,10
C044,2019,3,3
C044,2019,4,3
C044,2019,5,2
C044,2019,6,0
C044,2019,7,0
C044,2019,8,0
C044,2019,9,0
C044,2019,10,0
C044,2019,11,3
C044,2019,12,11
C048,2019,1,18
C048,2019,2,5
C048,2019,3,6
C048,2019,4,4
C048,2019,5,1
C048,2019,6,0
C048,2019,7,0
C048,2019,8,0
C048,2019,9,0
C048,2019,10,0
C048,2019,11,7
C048,2019,12,2
C068,2019,1,8
C068,2019,2,7
C068,2019,3,8
C068,2019,4,1
C068,2019,5,1
C068,2019,6,0
C068,2019,7,0
C068,2019,8,0
C068,2019,9,0
C068,2019,10,0
C068,2019,11,0
C068,2019,12,10
C024,2019,1,27
C024,2019,2,15
C024,2019,3,18
C024,2019,4,9
C024,2019,5,6
C024,2019,6,1
C024,2019,7,0
C024,2019,8,0
C024,2019,9,0
C024,2019,10,1
C024,2019,11,9
C024,2019,12,15
C00A,2019,1,7
C00A,2019,2,14
C00A,2019,3,9
C00A,2019,4,2
C00A,2019,5,1
C00A,2019,6,0
C00A,2019,7,0
C00A,2019,8,0
C00A,2019,9,0
C00A,2019,10,0
C00A,2019,11,2
C00A,2019,12,11
C047,2019,1,16
C047,2019,2,4
C047,2019,3,2
C047,2019,4,4
C047,2019,5,1
C047,2019,6,0
C047,2019,7,0
C047,2019,8,0
C047,2019,9,0
C047,2019,10,0
C047,2019,11,8
C047,2019,12,2
C031,2019,1,0
C031,2019,2,0
C031,2019,3,0
C031,2019,4,0
C031,2019,5,0
C031,2019,6,0
C031,2019,7,0
C031,2019,8,0
C031,2019,9,0
C031,2019,10,0
C031,2019,11,0
C031,2019,12,3
C041,2019,1,14
C041,2019,2,19
C041,2019,3,14
C041,2019,4,4
C041,2019,5,4
C041,2019,6,0
C041,2019,7,0
C041,2019,8,0
C041,2019,9,0
C041,2019,10,0
C041,2019,11,3
C041,2019,12,14
C055,2019,1,15
C055,2019,2,19
C055,2019,3,12
C055,2019,4,3
C055,2019,5,2
C055,2019,6,0
C055,2019,7,0
C055,2019,8,0
C055,2019,9,0
C055,2019,10,0
C055,2019,11,5
C055,2019,12,13
C060,2019,1,10
C060,2019,2,9
C060,2019,3,1
C060,2019,4,2
C060,2019,5,1
C060,2019,6,0
C060,2019,7,0
C060,2019,8,0
C060,2019,9,0
C060,2019,10,0
C060,2019,11,1
C060,2019,12,6
C0A1,2019,1,11
C0A1,2019,2,22
C0A1,2019,3,13
C0A1,2019,4,5
C0A1,2019,5,5
C0A1,2019,6,0
C0A1,2019,7,0
C0A1,2019,8,0
C0A1,2019,9,0
C0A1,2019,10,1
C0A1,2019,11,2
C0A1,2019,12,13
C021,2019,1,15
C021,2019,2,13
C021,2019,3,4
C021,2019,4,4
C021,2019,5,3
C021,2019,6,0
C021,2019,7,0
C021,2019,8,0
C021,2019,9,0
C021,2019,10,0
C021,2019,11,4
C021,2019,12,8
C030,2019,1,14
C030,2019,2,14
C030,2019,3,14
C030,2019,4,5
C030,2019,5,4
C030,2019,6,0
C030,2019,7,0
C030,2019,8,0
C030,2019,9,0
C030,2019,10,0
C030,2019,11,3
C030,2019,12,13
C051,2019,1,5
C051,2019,2,2
C051,2019,3,0
C051,2019,4,1
C051,2019,5,1
C051,2019,6,0
C051,2019,7,0
C051,2019,8,0
C051,2019,9,0
C051,2019,10,0
C051,2019,11,0
C051,2019,12,6
C0A0,2019,1,15
C0A0,2019,2,17
C0A0,2019,3,14
C0A0,2019,4,5
C0A0,2019,5,2
C0A0,2019,6,0
C0A0,2019,7,0
C0A0,2019,8,0
C0A0,2019,9,0
C0A0,2019,10,0
C0A0,2019,11,5
C0A0,2019,12,10
C049,2019,1,15
C049,2019,2,21
C049,2019,3,14
C049,2019,4,7
C049,2019,5,2
C049,2019,6,0
C049,2019,7,0
C049,2019,8,0
C049,2019,9,0
C049,2019,10,0
C049,2019,11,5
C049,2019,12,12
C00B,2019,1,16
C00B,2019,2,18
C00B,2019,3,17
C00B,2019,4,4
C00B,2019,5,3
C00B,2019,6,0
C00B,2019,7,0
C00B,2019,8,0
C00B,2019,9,0
C00B,2019,10,0
C00B,2019,11,3
C00B,2019,12,10
C020,2019,1,12
C020,2019,2,18
C020,2019,3,13
C020,2019,4,6
C020,2019,5,5
C020,2019,6,0
C020,2019,7,0
C020,2019,8,0
C020,2019,9,0
C020,2019,10,0
C020,2019,11,3
C020,2019,12,14
C070,2019,1,12
C070,2019,2,4
C070,2019,3,1
C070,2019,4,2
C070,2019,5,1
C070,2019,6,0
C070,2019,7,0
C070,2019,8,0
C070,2019,9,0
C070,2019,10,0
C070,2019,11,4
C070,2019,12,0
C050,2019,1,8
C050,2019,2,13
C050,2019,3,7
C050,2019,4,1
C050,2019,5,1
C050,2019,6,0
C050,2019,7,0
C050,2019,8,0
C050,2019,9,0
C050,2019,10,0
C050,2019,11,0
C050,2019,12,5
C0B1,2019,1,3
C0B1,2019,2,0
C0B1,2019,3,0
C0B1,2019,4,0
C0B1,2019,5,0
C0B1,2019,6,0
C0B1,2019,7,0
C0B1,2019,8,0
C0B1,2019,9,0
C0B1,2019,10,0
C0B1,2019,11,0
C0B1,2019,12,1
C079,2019,1,4
C079,2019,2,1
C079,2019,3,0
C079,2019,4,0
C079,2019,5,0
C079,2019,6,0
C079,2019,7,0
C079,2019,8,0
C079,2019,9,0
C079,2019,10,0
C079,2019,11,0
C079,2019,12,4
C0C1,2019,1,1
C0C1,2019,2,0
C0C1,2019,3,0
C0C1,2019,4,0
C0C1,2019,5,0
C0C1,2019,6,0
C0C1,2019,7,0
C0C1,2019,8,0
C0C1,2019,9,0
C0C1,2019,10,0
C061,2019,1,2
C061,2019,2,0
C061,2019,3,0
C061,2019,4,0
C061,2019,5,0
C061,2019,6,0
C061,2019,7,0
C061,2019,8,0
C061,2019,9,0
C061,2019,10,0
C061,2019,11,0
C061,2019,12,0
C032,2019,1,5
C032,2019,2,2
C032,2019,3,0
C032,2019,4,1
C032,2019,5,0
C032,2019,6,0
C032,2019,7,0
C032,2019,8,0
C032,2019,9,0
C032,2019,10,0
C032,2019,11,0
C032,2019,12,6
C002,2019,1,4
C002,2019,2,2
C002,2019,3,0
C002,2019,4,0
C002,2019,5,0
C002,2019,6,0
C002,2019,7,0
C002,2019,8,0
C002,2019,9,0
C002,2019,10,0
C002,2019,11,0
C002,2019,12,2
C0C2,2019,1,7
C0C2,2019,2,5
C0C2,2019,3,4
C0C2,2019,4,1
C0C2,2019,5,1
C0C2,2019,6,0
C0C2,2019,7,0
C0C2,2019,8,0
C0C2,2019,9,0
C0C2,2019,10,0
C0C2,2019,11,0
C0C2,2019,12,6
C069,2019,1,0
C069,2019,2,0
C069,2019,3,0
C069,2019,4,0
C069,2019,5,0
C069,2019,6,0
C069,2019,7,0
C069,2019,8,0
C069,2019,9,0
C069,2019,10,0
C069,2019,11,0
C069,2019,12,0
C0B6,2019,1,5
C0B6,2019,2,2
C0B6,2019,3,1
C0B6,2019,4,0
C0B6,2019,5,0
C0B6,2019,6,0
C0B6,2019,7,0
C0B6,2019,8,0
C0B6,2019,9,0
C0B6,2019,10,0
C0B6,2019,11,0
C0B6,2019,12,5
C0BE,2019,1,2
C0BE,2019,2,0
C0BE,2019,3,0
C0BE,2019,4,0
C0BE,2019,5,0
C0BE,2019,6,0
C0BE,2019,7,0
C0BE,2019,8,0
C0BE,2019,9,0
C0BE,2019,10,0
C0BE,2019,11,0
C0BE,2019,12,0
C065,2019,1,2
C065,2019,2,2
C065,2019,3,0
C065,2019,4,2
C065,2019,5,0
C065,2019,6,0
C065,2019,7,0
C065,2019,8,0
C065,2019,9,0
C065,2019,10,0
C065,2019,11,2
C065,2019,12,0
C003,2019,1,6
C003,2019,2,0
C003,2019,3,0
C003,2019,4,0
C003,2019,5,0
C003,2019,6,0
C003,2019,7,0
C003,2019,8,0
C003,2019,9,0
C003,2019,10,0
C003,2019,11,0
C003,2019,12,2
C039,2019,1,2
C039,2019,2,0
C039,2019,3,0
C039,2019,4,0
C039,2019,5,0
C039,2019,6,0
C039,2019,7,0
C039,2019,8,0
C039,2019,9,0
C039,2019,10,0
C039,2019,11,0
C039,2019,12,0
C075,2019,1,4
C075,2019,2,0
C075,2019,3,0
C075,2019,4,0
C075,2019,5,0
C075,2019,6,0
C075,2019,7,0
C075,2019,8,0
C075,2019,9,0
C075,2019,10,0
C075,2019,11,0
C075,2019,12,2
C074,2019,1,5
C074,2019,2,0
C074,2019,3,0
C074,2019,4,0
C074,2019,5,0
C074,2019,6,0
C074,2019,7,0
C074,2019,8,0
C074,2019,9,0
C074,2019,10,0
C074,2019,11,0
C074,2019,12,2
C009,2019,1,2
C009,2019,2,0
C009,2019,3,0
C009,2019,4,0
C009,2019,5,0
C009,2019,6,0
C009,2019,7,0
C009,2019,8,0
C009,2019,9,0
C009,2019,10,0
C009,2019,11,0
C009,2019,12,0
C038,2019,1,0
C038,2019,2,0
C038,2019,3,0
C038,2019,4,0
C038,2019,5,0
C038,2019,6,0
C038,2019,7,0
C038,2019,8,0
C038,2019,9,0
C038,2019,10,0
C038,2019,11,0
C038,2019,12,0
C033,2019,1,6
C033,2019,2,2
C033,2019,3,0
C033,2019,4,0
C033,2019,5,0
C033,2019,6,1
C033,2019,7,0
C033,2019,8,0
C033,2019,9,0
C033,2019,10,0
C033,2019,11,0
C033,2019,12,2
C0BD,2019,1,4
C0BD,2019,2,2
C0BD,2019,3,1
C0BD,2019,4,1
C0BD,2019,5,0
C0BD,2019,6,0
C0BD,2019,7,0
C0BD,2019,8,0
C0BD,2019,9,0
C0BD,2019,10,0
C0BD,2019,11,0
C0BD,2019,12,5
C036,2019,1,5
C036,2019,2,1
C036,2019,3,0
C036,2019,4,0
C036,2019,5,0
C036,2019,6,0
C036,2019,7,0
C036,2019,8,0
C036,2019,9,0
C036,2019,10,0
C036,2019,11,0
C036,2019,12,1
C045,2019,1,0
C045,2019,2,2
C045,2019,3,0
C045,2019,4,2
C045,2019,5,0
C045,2019,6,0
C045,2019,7,0
C045,2019,8,0
C045,2019,9,0
C045,2019,10,0
C045,2019,11,0
C045,2019,12,0
C0B7,2019,1,5
C0B7,2019,2,1
C0B7,2019,3,0
C0B7,2019,4,0
C0B7,2019,5,0
C0B7,2019,6,0
C0B7,2019,7,0
C0B7,2019,8,0
C0B7,2019,9,0
C0B7,2019,10,0
C0B7,2019,11,0
C0B7,2019,12,5
C019,2019,1,0
C019,2019,2,0
C019,2019,3,0
C019,2019,4,0
C019,2019,5,0
C019,2019,6,0
C019,2019,7,0
C019,2019,8,0
C019,2019,9,0
C019,2019,10,0
C019,2019,11,0
C019,2019,12,0
C057,2019,1,4
C057,2019,2,0
C057,2019,3,0
C057,2019,4,0
C057,2019,5,0
C057,2019,6,0
C057,2019,7,0
C057,2019,8,0
C057,2019,9,0
C057,2019,10,0
C057,2019,11,0
C057,2019,12,2
C063,2019,1,5
C063,2019,2,3
C063,2019,3,2
C063,2019,4,1
C063,2019,5,0
C063,2019,6,0
C063,2019,7,0
C063,2019,8,0
C063,2019,9,0
C063,2019,10,0
C063,2019,11,0
C063,2019,12,5
C046,2019,1,11
C046,2019,2,4
C046,2019,3,1
C046,2019,4,2
C046,2019,5,1
C046,2019,6,0
C046,2019,7,0
C046,2019,8,0
C046,2019,9,0
C046,2019,10,0
C046,2019,11,2
C046,2019,12,1
C0BA,2019,1,2
C0BA,2019,2,0
C0BA,2019,3,0
C0BA,2019,4,0
C0BA,2019,5,0
C0BA,2019,6,0
C0BA,2019,7,0
C0BA,2019,8,0
C0BA,2019,9,0
C0BA,2019,10,0
C0BA,2019,11,0
C0BA,2019,12,0
C059,2019,1,5
C059,2019,2,2
C059,2019,3,0
C059,2019,4,1
C059,2019,5,0
C059,2019,6,0
C059,2019,7,0
C059,2019,8,0
C059,2019,9,0
C059,2019,10,0
C059,2019,11,0
C059,2019,12,1
C072,2019,1,9
C072,2019,2,4
C072,2019,3,1
C072,2019,4,2
C072,2019,5,1
C072,2019,6,0
C072,2019,7,0
C072,2019,8,0
C072,2019,9,0
C072,2019,10,0
C072,2019,11,5
C072,2019,12,3
C0B4,2019,1,6
C0B4,2019,2,2
C0B4,2019,3,0
C0B4,2019,4,1
C0B4,2019,5,0
C0B4,2019,6,0
C0B4,2019,7,0
C0B4,2019,8,0
C0B4,2019,9,0
C0B4,2019,10,0
C0B4,2019,11,0
C0B4,2019,12,1
C054,2019,1,9
C054,2019,2,18
C054,2019,3,10
C054,2019,4,3
C054,2019,5,2
C054,2019,6,0
C054,2019,7,0
C054,2019,8,0
C054,2019,9,0
C054,2019,10,0
C054,2019,11,1
C054,2019,12,9
C042,2019,1,0
C042,2019,2,0
C042,2019,3,0
C042,2019,4,0
C042,2019,5,0
C042,2019,6,0
C042,2019,7,0
C042,2019,8,0
C042,2019,9,0
C042,2019,10,0
C042,2019,11,0
C042,2019,12,0
C0B9,2019,1,5
C0B9,2019,2,0
C0B9,2019,3,0
C0B9,2019,4,0
C0B9,2019,5,0
C0B9,2019,6,0
C0B9,2019,7,0
C0B9,2019,8,0
C0B9,2019,9,0
C0B9,2019,10,0
C0B9,2019,11,0
C0B9,2019,12,4
C0C3,2019,1,4
C0C3,2019,2,1
C0C3,2019,3,0
C0C3,2019,4,0
C0C3,2019,5,0
C0C3,2019,6,0
C0C3,2019,7,0
C0C3,2019,8,0
C0C3,2019,9,0
C0C3,2019,10,0
C0C3,2019,11,0
C0C3,2019,12,4
C066,2019,1,3
C066,2019,2,1
C066,2019,3,0
C066,2019,4,2
C066,2019,5,0
C066,2019,6,0
C066,2019,7,0
C066,2019,8,0
C066,2019,9,0
C066,2019,10,0
C066,2019,11,0
C066,2019,12,0
C022,2019,1,7
C022,2019,2,6
C022,2019,3,2
C022,2019,4,3
C022,2019,5,0
C022,2019,6,0
C022,2019,7,0
C022,2019,8,0
C022,2019,9,0
C022,2019,10,0
C022,2019,11,3
C022,2019,12,6
C0B3,2019,1,5
C0B3,2019,2,2
C0B3,2019,3,0
C0B3,2019,4,0
C0B3,2019,5,0
C0B3,2019,6,0
C0B3,2019,7,0
C0B3,2019,8,0
C0B3,2019,9,0
C0B3,2019,10,0
C0B3,2019,11,0
C0B3,2019,12,6
C037,2019,2,0
C037,2019,3,0
C037,2019,4,0
C037,2019,5,0
C037,2019,6,0
C037,2019,7,0
C037,2019,8,0
C037,2019,9,0
C037,2019,10,0
C037,2019,11,0
C037,2019,12,1
C0E5,2019,1,6
C0E5,2019,2,0
C0E5,2019,3,0
C0E5,2019,4,0
C0E5,2019,5,0
C0E5,2019,6,0
C0E5,2019,7,0
C0E5,2019,8,0
C0E5,2019,9,0
C0E5,2019,10,0
C0E5,2019,11,0
C0E5,2019,12,5
C0DB,2019,1,7
C0DB,2019,2,2
C0DB,2019,3,1
C0DB,2019,4,1
C0DB,2019,5,0
C0DB,2019,6,0
C0DB,2019,7,0
C0DB,2019,8,0
C0DB,2019,9,0
C0DB,2019,10,0
C0DB,2019,11,1
C0DB,2019,12,7
C0D3,2019,1,7
C0D3,2019,2,1
C0D3,2019,3,1
C0D3,2019,4,0
C0D3,2019,5,0
C0D3,2019,6,0
C0D3,2019,7,0
C0D3,2019,8,0
C0D3,2019,9,0
C0D3,2019,10,0
C0D3,2019,11,0
C0D3,2019,12,1
C0DD,2019,1,5
C0DD,2019,2,0
C0DD,2019,3,0
C0DD,2019,4,0
C0DD,2019,5,0
C0DD,2019,6,0
C0DD,2019,7,0
C0DD,2019,8,0
C0DD,2019,9,0
C0DD,2019,10,0
C0DD,2019,11,0
C0DD,2019,12,1
C0E9,2019,1,4
C0E9,2019,2,0
C0E9,2019,3,0
C0E9,2019,4,0
C0E9,2019,5,0
C0E9,2019,6,0
C0E9,2019,7,0
C0E9,2019,8,0
C0E9,2019,9,0
C0E9,2019,10,0
C0E9,2019,11,0
C0E9,2019,12,2
C078,2019,1,3
C078,2019,2,0
C078,2019,3,0
C078,2019,4,0
C078,2019,5,0
C078,2019,6,0
C078,2019,7,0
C078,2019,8,0
C078,2019,9,0
C078,2019,10,0
C078,2019,11,0
C078,2019,12,1
C052,2019,1,5
C052,2019,2,0
C052,2019,3,1
C052,2019,4,0
C052,2019,5,0
C052,2019,6,0
C052,2019,7,0
C052,2019,8,0
C052,2019,9,0
C052,2019,10,0
C052,2019,11,0
C052,2019,12,1
C0E1,2019,1,8
C0E1,2019,2,2
C0E1,2019,3,2
C0E1,2019,4,0
C0E1,2019,5,0
C0E1,2019,6,0
C0E1,2019,7,0
C0E1,2019,8,0
C0E1,2019,9,0
C0E1,2019,10,0
C0E1,2019,11,0
C0E1,2019,12,6
C077,2019,1,5
C077,2019,2,0
C077,2019,3,0
C077,2019,4,0
C077,2019,5,0
C077,2019,6,0
C077,2019,7,0
C077,2019,8,0
C077,2019,9,0
C077,2019,10,0
C077,2019,11,0
C077,2019,12,2
C080,2019,1,7
C080,2019,2,1
C080,2019,3,1
C080,2019,4,0
C080,2019,5,0
C080,2019,6,0
C080,2019,7,0
C080,2019,8,0
C080,2019,9,0
C080,2019,10,0
C080,2019,11,0
C080,2019,12,4
C0E8,2019,1,6
C0E8,2019,2,1
C0E8,2019,3,0
C0E8,2019,4,0
C0E8,2019,5,0
C0E8,2019,6,0
C0E8,2019,7,0
C0E8,2019,8,0
C0E8,2019,9,0
C0E8,2019,10,0
C0E8,2019,11,0
C0E8,2019,12,4
C023,2019,1,6
C023,2019,2,3
C023,2019,3,2
C023,2019,4,0
C023,2019,5,1
C023,2019,6,0
C023,2019,7,0
C023,2019,8,0
C023,2019,9,0
C023,2019,10,0
C023,2019,11,1
C023,2019,12,6
C084,2019,1,4
C084,2019,2,0
C084,2019,3,0
C084,2019,4,0
C084,2019,5,0
C084,2019,6,0
C084,2019,7,0
C084,2019,8,0
C084,2019,9,0
C084,2019,10,0
C084,2019,11,0
C084,2019,12,0
C0EA,2019,1,6
C0EA,2019,2,0
C0EA,2019,3,0
C0EA,2019,4,0
C0EA,2019,5,0
C0EA,2019,6,0
C0EA,2019,7,0
C0EA,2019,8,0
C0EA,2019,9,0
C0EA,2019,10,0
C0EA,2019,11,0
C0EA,2019,12,4
C026,2019,1,7
C026,2019,2,3
C026,2019,3,5
C026,2019,4,1
C026,2019,5,2
C026,2019,6,0
C026,2019,7,0
C026,2019,8,0
C026,2019,9,0
C026,2019,10,0
C026,2019,11,1
C026,2019,12,8
C058,2019,1,7
C058,2019,3,0
C058,2019,4,2
C058,2019,5,0
C058,2019,6,0
C058,2019,7,0
C058,2019,8,0
C058,2019,9,0
C058,2019,10,0
C058,2019,11,0
C058,2019,12,1
C0F0,2019,1,5
C0F0,2019,2,0
C0F0,2019,3,0
C0F0,2019,4,0
C0F0,2019,5,0
C0F0,2019,6,0
C0F0,2019,7,0
C0F0,2019,8,0
C0F0,2019,9,0
C0F0,2019,10,0
C0F0,2019,11,0
C0F0,2019,12,0
C0F1,2019,1,7
C0F1,2019,2,2
C0F1,2019,3,0
C0F1,2019,4,2
C0F1,2019,5,0
C0F1,2019,6,0
C0F1,2019,7,0
C0F1,2019,8,0
C0F1,2019,9,0
C0F1,2019,10,0
C0F1,2019,11,0
C0F1,2019,12,0
C0E7,2019,1,6
C0E7,2019,2,0
C0E7,2019,3,1
C0E7,2019,4,0
C0E7,2019,5,0
C0E7,2019,6,0
C0E7,2019,7,0
C0E7,2019,8,0
C0E7,2019,9,0
C0E7,2019,10,0
C0E7,2019,11,0
C0E7,2019,12,3
C018,2019,1,0
C018,2019,2,0
C018,2019,3,0
C018,2019,4,0
C018,2019,5,0
C018,2019,6,0
C018,2019,7,0
C018,2019,8,0
C018,2019,9,0
C018,2019,10,0
C018,2019,11,0
C018,2019,12,0
C0DC,2019,1,5
C0DC,2019,2,0
C0DC,2019,3,0
C0DC,2019,4,0
C0DC,2019,5,0
C0DC,2019,6,0
C0DC,2019,7,0
C0DC,2019,8,0
C0DC,2019,9,0
C0DC,2019,10,0
C0DC,2019,11,0
C0DC,2019,12,3
C071,2019,1,5
C071,2019,2,1
C071,2019,3,0
C071,2019,4,0
C071,2019,5,0
C071,2019,6,0
C071,2019,7,0
C071,2019,8,0
C071,2019,9,0
C071,2019,10,0
C071,2019,11,0
C071,2019,12,0
C0EC,2019,1,4
C0EC,2019,2,0
C0EC,2019,3,0
C0EC,2019,4,0
C0EC,2019,5,0
C0EC,2019,6,0
C0EC,2019,7,0
C0EC,2019,8,0
C0EC,2019,9,0
C0EC,2019,10,0
C0EC,2019,11,0
C0EC,2019,12,0
C0DE,2019,1,7
C0DE,2019,2,2
C0DE,2019,3,1
C0DE,2019,4,0
C0DE,2019,5,0
C0DE,2019,6,0
C0DE,2019,7,0
C0DE,2019,8,0
C0DE,2019,9,0
C0DE,2019,10,0
C0DE,2019,11,0
C0DE,2019,12,6
C017,2019,1,4
C017,2019,2,0
C017,2019,3,0
C017,2019,4,0
C017,2019,5,0
C017,2019,6,0
C017,2019,7,0
C017,2019,8,0
C017,2019,9,0
C017,2019,10,0
C017,2019,11,0
C017,2019,12,0
C0F4,2019,1,4
C0F4,2019,2,0
C0F4,2019,3,0
C0F4,2019,4,0
C0F4,2019,5,0
C0F4,2019,6,0
C0F4,2019,7,0
C0F4,2019,8,0
C0F4,2019,9,0
C0F4,2019,10,0
C0F4,2019,11,0
C0F4,2019,12,0
C0D1,2019,1,5
C0D1,2019,2,2
C0D1,2019,3,2
C0D1,2019,4,0
C0D1,2019,5,0
C0D1,2019,6,0
C0D1,2019,7,0
C0D1,2019,8,0
C0D1,2019,9,0
C0D1,2019,10,0
C0D1,2019,11,0
C0D1,2019,12,4
C043,2019,1,6
C043,2019,2,1
C043,2019,3,0
C043,2019,4,0
C043,2019,5,0
C043,2019,6,0
C043,2019,7,0
C043,2019,8,0
C043,2019,9,0
C043,2019,10,0
C043,2019,11,0
C043,2019,12,4
C0D2,2019,1,5
C0D2,2019,2,0
C0D2,2019,3,0
C0D2,2019,4,0
C0D2,2019,5,0
C0D2,2019,6,0
C0D2,2019,7,0
C0D2,2019,8,0
C0D2,2019,9,0
C0D2,2019,10,0
C0D2,2019,11,0
C0D2,2019,12,4
C007,2019,6,0
C007,2019,7,0
C007,2019,8,0
C007,2019,9,0
C007,2019,10,0
C007,2019,11,0
C007,2019,12,0
C0D0,2019,1,7
C0D0,2019,2,2
C0D0,2019,3,0
C0D0,2019,4,1
C0D0,2019,5,0
C0D0,2019,6,0
C0D0,2019,7,0
C0D0,2019,8,0
C0D0,2019,9,0
C0D0,2019,10,0
C0D0,2019,11,0
C0D0,2019,12,6
C064,2019,1,0
C064,2019,2,0
C064,2019,3,0
C064,2019,4,0
C064,2019,5,0
C064,2019,6,0
C064,2019,7,0
C064,2019,8,0
C064,2019,9,0
C064,2019,10,0
C064,2019,11,0
C064,2019,12,0
C028,2019,1,4
C028,2019,2,1
C028,2019,3,0
C028,2019,4,0
C028,2019,5,0
C028,2019,6,0
C028,2019,7,0
C028,2019,8,0
C028,2019,9,0
C028,2019,10,0
C028,2019,11,0
C028,2019,12,0
C029,2019,1,4
C029,2019,2,0
C029,2019,3,0
C029,2019,4,0
C029,2019,5,0
C029,2019,6,0
C029,2019,7,0
C029,2019,8,0
C029,2019,9,0
C029,2019,10,0
C029,2019,11,0
C029,2019,12,0
