code,year,month,humedad_media_diaria
C076,2016,1,86.1
C076,2016,2,86.4
C076,2016,3,84.6
C076,2016,4,79.7
C076,2016,5,77.3
C076,2016,6,77.6
C076,2016,7,76.5
C076,2016,8,71.7
C076,2016,9,77.9
C076,2016,10,82.9
C076,2016,11,87.0
C076,2016,12,93.0
C056,2016,1,90.9
C056,2016,2,90.3
C056,2016,3,88.8
C056,2016,4,83.1
C056,2016,5,80.4
C056,2016,6,80.5
C056,2016,7,77.9
C056,2016,8,69.7
C056,2016,9,78.6
C056,2016,10,84.1
C056,2016,11,93.1
C035,2016,1,91.9
C035,2016,2,94.2
C035,2016,3,95.3
C035,2016,4,89.4
C035,2016,5,83.0
C035,2016,6,85.8
C035,2016,7,88.6
C035,2016,8,83.7
C035,2016,9,87.1
C035,2016,10,93.4
C035,2016,11,96.8
C035,2016,12,98.5
C001,2016,1,85.6
C001,2016,2,86.1
C001,2016,3,83.1
C001,2016,4,80.2
C001,2016,5,78.1
C001,2016,6,77.7
C001,2016,7,76.1
C001,2016,8,71.1
C001,2016,9,77.2
C001,2016,10,82.7
C001,2016,11,87.6
C001,2016,12,94.1
C025,2016,1,85.2
C025,2016,2,86.7
C025,2016,3,87.8
C025,2016,4,81.9
C025,2016,5,80.5
C025,2016,6,83.9
C025,2016,7,84.9
C025,2016,8,74.5
C025,2016,9,77.9
C025,2016,10,81.8
C025,2016,11,87.2
C025,2016,12,92.2
C034,2016,1,84.4
C034,2016,2,82.0
C034,2016,3,80.4
C034,2016,4,77.7
C034,2016,5,76.3
C034,2016,6,73.8
C034,2016,7,67.9
C034,2016,8,63.6
C034,2016,9,69.6
C034,2016,10,75.2
C034,2016,11,83.3
C034,2016,12,93.8
C0AA,2016,1,88.2
C0AA,2016,2,87.8
C0AA,2016,3,85.8
C0AA,2016,4,81.3
C0AA,2016,5,81.1
C0AA,2016,6,80.2
C0AA,2016,7,78.0
C0AA,2016,8,71.5
C0AA,2016,9,77.5
C0AA,2016,10,82.0
C0AA,2016,11,87.1
C0AA,2016,12,94.7
C067,2016,1,77.5
C067,2016,2,80.2
C067,2016,3,80.5
C067,2016,4,69.9
C067,2016,5,71.1
C067,2016,6,73.9
C067,2016,7,74.4
C067,2016,8,69.8
C067,2016,9,74.6
C067,2016,10,76.8
C067,2016,11,81.7
C067,2016,12,81.4
C040,2016,1,79.3
C040,2016,2,79.4
C040,2016,3,76.5
C040,2016,4,71.8
C040,2016,5,70.2
C040,2016,6,73.1
C040,2016,7,74.2
C040,2016,8,67.9
C040,2016,9,72.2
C040,2016,10,75.5
C040,2016,11,79.3
C040,2016,12,89.9
C044,2016,1,95.8
C044,2016,2,88.0
C044,2016,3,85.7
C044,2016,4,82.6
C044,2016,5,80.2
C044,2016,6,84.1
C044,2016,7,85.3
C044,2016,8,80.1
C044,2016,9,83.8
C044,2016,10,88.5
C044,2016,11,91.3
C044,2016,12,95.1
C048,2016,1,94.8
C048,2016,2,92.7
C048,2016,3,94.0
C048,2016,4,88.9
C048,2016,5,79.0
C048,2016,6,79.2
C048,2016,7,80.8
C048,2016,8,71.0
C048,2016,9,76.0
C048,2016,10,78.1
C048,2016,11,88.2
C048,2016,12,77.9
C068,2016,1,83.8
C068,2016,2,81.6
C068,2016,3,80.3
C068,2016,4,74.1
C068,2016,5,74.6
C068,2016,6,74.3
C068,2016,7,71.9
C068,2016,8,62.5
C068,2016,9,71.0
C068,2016,10,75.5
C068,2016,11,82.5
C068,2016,12,88.2
C024,2016,1,89.5
C024,2016,2,88.8
C024,2016,3,86.8
C024,2016,4,81.0
C024,2016,5,80.4
C024,2016,6,78.8
C024,2016,7,75.3
C024,2016,8,65.0
C024,2016,9,73.9
C024,2016,10,80.9
C024,2016,11,88.8
C024,2016,12,87.0
C00A,2016,1,85.6
C00A,2016,2,81.2
C00A,2016,3,78.4
C00A,2016,4,73.1
C00A,2016,5,72.8
C00A,2016,6,66.8
C00A,2016,7,63.2
C00A,2016,8,56.0
C00A,2016,9,65.7
C00A,2016,10,77.2
C00A,2016,11,85.0
C00A,2016,12,93.9
C047,2016,1,94.0
C047,2016,2,92.6
C047,2016,3,93.0
C047,2016,4,87.5
C047,2016,5,84.4
C047,2016,6,82.7
C047,2016,7,82.3
C047,2016,8,71.7
C047,2016,9,77.9
C047,2016,10,81.3
C047,2016,11,90.6
C047,2016,12,82.2
C031,2016,1,80.2
C031,2016,2,74.1
C031,2016,3,73.0
C031,2016,4,69.6
C031,2016,5,67.6
C031,2016,6,60.7
C031,2016,7,60.9
C031,2016,8,53.6
C031,2016,9,61.8
C031,2016,10,72.0
C031,2016,11,79.1
C031,2016,12,91.2
C041,2016,1,87.8
C041,2016,2,87.7
C041,2016,3,84.9
C041,2016,4,79.5
C041,2016,5,76.5
C041,2016,6,74.3
C041,2016,7,72.3
C041,2016,8,64.4
C041,2016,9,73.5
C041,2016,10,81.8
C041,2016,11,88.9
C041,2016,12,95.6
C055,2016,1,82.7
C055,2016,2,81.4
C055,2016,3,80.2
C055,2016,4,76.1
C055,2016,5,76.1
C055,2016,6,76.8
C055,2016,7,77.2
C055,2016,8,72.7
C055,2016,9,78.6
C055,2016,10,83.2
C055,2016,11,85.5
C055,2016,12,91.8
C060,2016,1,83.0
C060,2016,2,77.9
C060,2016,3,75.2
C060,2016,4,70.3
C060,2016,5,67.1
C060,2016,6,63.2
C060,2016,7,63.7
C060,2016,8,56.4
C060,2016,9,65.1
C060,2016,10,74.6
C060,2016,11,80.8
C060,2016,12,93.7
C021,2016,1,96.1
C021,2016,2,95.2
C021,2016,3,95.1
C021,2016,4,91.1
C021,2016,5,87.5
C021,2016,6,85.7
C021,2016,7,80.9
C021,2016,8,69.0
C021,2016,9,78.0
C021,2016,10,86.3
C021,2016,11,93.2
C021,2016,12,88.1
C030,2016,1,83.9
C030,2016,2,82.2
C030,2016,3,79.9
C030,2016,4,75.3
C030,2016,5,75.6
C030,2016,6,75.6
C030,2016,7,70.5
C030,2016,8,61.5
C030,2016,9,69.9
C030,2016,10,75.5
C030,2016,11,83.8
C030,2016,12,91.2
C051,2016,1,72.1
C051,2016,2,75.9
C051,2016,3,76.5
C051,2016,4,68.8
C051,2016,5,69.0
C051,2016,6,72.2
C051,2016,7,73.2
C051,2016,8,68.9
C051,2016,9,71.8
C051,2016,10,74.3
C051,2016,11,78.0
C051,2016,12,80.8
C0A0,2016,2,91.3
C0A0,2016,3,89.9
C0A0,2016,4,85.2
C0A0,2016,5,81.0
C0A0,2016,6,82.5
C0A0,2016,7,84.3
C0A0,2016,8,79.4
C0A0,2016,9,84.3
C0A0,2016,10,90.5
C0A0,2016,11,94.3
C0A0,2016,12,96.1
C049,2016,1,85.7
C049,2016,2,84.6
C049,2016,3,80.7
C049,2016,4,76.9
C049,2016,5,73.1
C049,2016,6,71.7
C049,2016,7,69.3
C049,2016,8,64.1
C049,2016,9,71.2
C049,2016,10,78.9
C049,2016,12,93.3
C020,2016,1,91.8
C020,2016,2,93.3
C020,2016,3,90.1
C020,2016,4,85.7
C020,2016,5,81.2
C020,2016,6,78.0
C020,2016,7,75.2
C020,2016,8,67.3
C020,2016,9,77.6
C020,2016,10,85.0
C020,2016,11,91.5
C070,2016,1,92.6
C070,2016,2,89.2
C070,2016,3,89.7
C070,2016,4,83.4
C070,2016,5,80.8
C070,2016,6,87.8
C070,2016,7,85.3
C070,2016,8,72.9
C070,2016,9,78.3
C070,2016,10,82.0
C070,2016,11,89.5
C070,2016,12,88.8
C050,2016,1,80.9
C050,2016,2,79.9
C050,2016,3,76.5
C050,2016,4,73.3
C050,2016,5,70.7
C050,2016,6,68.5
C050,2016,7,64.1
C050,2016,8,60.4
C050,2016,9,66.2
C050,2016,10,73.8
C050,2016,11,80.1
C050,2016,12,93.6
C0B1,2016,1,83.2
C0B1,2016,2,91.3
C0B1,2016,3,94.2
C0B1,2016,4,80.0
C0B1,2016,5,84.9
C0B1,2016,6,95.1
C0B1,2016,7,95.1
C0B1,2016,8,77.0
C0B1,2016,9,78.3
C0B1,2016,10,79.3
C0B1,2016,11,81.4
C0B1,2016,12,80.6
C079,2016,1,82.6
C079,2016,2,84.6
C079,2016,3,83.7
C079,2016,4,74.8
C079,2016,5,75.4
C079,2016,6,80.3
C079,2016,7,80.7
C079,2016,8,77.6
C079,2016,9,82.4
C079,2016,10,84.5
C079,2016,11,89.3
C079,2016,12,88.2
C0C1,2016,1,79.8
C0C1,2016,2,80.6
C0C1,2016,3,80.4
C0C1,2016,4,73.0
C0C1,2016,5,73.0
C0C1,2016,6,76.2
C0C1,2016,7,76.5
C0C1,2016,8,73.1
C0C1,2016,9,78.2
C0C1,2016,10,79.8
C0C1,2016,11,85.1
C0C1,2016,12,86.4
C061,2016,1,68.8
C061,2016,2,76.2
C061,2016,3,77.2
C061,2016,4,71.8
C061,2016,5,75.0
C061,2016,6,82.5
C061,2016,7,83.4
C061,2016,8,78.4
C061,2016,9,80.7
C061,2016,10,77.9
C061,2016,11,78.9
C061,2016,12,77.1
C032,2016,1,77.3
C032,2016,2,79.0
C032,2016,3,79.0
C032,2016,4,69.2
C032,2016,5,71.7
C032,2016,6,74.3
C032,2016,7,75.0
C032,2016,8,71.1
C032,2016,9,75.7
C032,2016,10,77.3
C032,2016,11,82.9
C032,2016,12,81.8
C002,2016,1,76.6
C002,2016,2,77.6
C002,2016,3,76.8
C002,2016,4,70.5
C002,2016,5,72.9
C002,2016,6,77.6
C002,2016,7,77.6
C002,2016,8,76.0
C002,2016,9,79.9
C002,2016,10,80.9
C002,2016,11,82.8
C002,2016,12,79.8
C0C2,2016,1,76.4
C0C2,2016,2,78.0
C0C2,2016,3,76.9
C0C2,2016,4,72.1
C0C2,2016,5,70.1
C0C2,2016,6,73.4
C0C2,2016,7,74.7
C0C2,2016,8,70.4
C0C2,2016,9,74.2
C0C2,2016,10,77.6
C0C2,2016,11,82.6
C0C2,2016,12,86.6
C069,2016,1,70.5
C069,2016,2,76.7
C069,2016,3,75.9
C069,2016,4,70.8
C069,2016,5,76.2
C069,2016,6,85.0
C069,2016,7,83.2
C069,2016,8,80.7
C069,2016,9,83.1
C069,2016,10,81.1
C069,2016,11,83.2
C069,2016,12,76.4
C0B6,2016,1,81.8
C0B6,2016,2,83.7
C0B6,2016,3,81.4
C0B6,2016,4,73.4
C0B6,2016,5,74.4
C0B6,2016,6,78.6
C0B6,2016,7,79.6
C0B6,2016,8,76.1
C0B6,2016,9,80.1
C0B6,2016,10,83.6
C0B6,2016,11,88.1
C0B6,2016,12,85.4
C0BE,2016,1,80.2
C0BE,2016,2,82.1
C0BE,2016,3,81.9
C0BE,2016,4,75.8
C0BE,2016,5,77.5
C0BE,2016,6,81.6
C0BE,2016,7,81.2
C0BE,2016,8,80.5
C0BE,2016,9,83.2
C0BE,2016,10,85.8
C0BE,2016,11,86.5
C0BE,2016,12,84.4
C065,2016,1,73.9
C065,2016,2,81.8
C065,2016,3,86.2
C065,2016,4,79.9
C065,2016,5,80.2
C065,2016,6,85.2
C065,2016,7,85.6
C065,2016,8,75.1
C065,2016,9,75.6
C065,2016,10,73.8
C065,2016,11,80.2
C065,2016,12,74.4
C003,2016,1,73.2
C003,2016,2,76.7
C003,2016,3,76.0
C003,2016,4,67.7
C003,2016,5,70.8
C003,2016,6,75.6
C003,2016,7,76.1
C003,2016,8,74.0
C003,2016,9,77.4
C003,2016,10,77.1
C003,2016,11,79.4
C003,2016,12,77.5
C039,2016,1,67.4
C039,2016,2,74.4
C039,2016,3,73.9
C039,2016,4,67.2
C039,2016,5,69.2
C039,2016,6,74.7
C039,2016,7,74.3
C039,2016,8,72.0
C039,2016,9,75.5
C039,2016,10,74.4
C039,2016,11,76.4
C039,2016,12,81.8
C074,2016,1,81.4
C074,2016,2,83.4
C074,2016,3,82.2
C074,2016,4,73.4
C074,2016,5,75.3
C074,2016,6,80.7
C074,2016,7,82.6
C074,2016,8,79.0
C074,2016,9,82.8
C074,2016,10,86.4
C074,2016,11,88.6
C074,2016,12,86.9
C038,2016,1,65.9
C038,2016,2,71.9
C038,2016,3,69.8
C038,2016,4,63.5
C038,2016,5,67.4
C038,2016,6,73.1
C038,2016,7,72.7
C038,2016,8,71.2
C038,2016,9,73.8
C038,2016,10,72.8
C038,2016,11,75.6
C038,2016,12,73.1
C033,2016,1,94.3
C033,2016,2,91.6
C033,2016,3,92.6
C033,2016,4,87.7
C033,2016,5,85.6
C033,2016,6,90.3
C033,2016,7,91.0
C033,2016,8,87.5
C033,2016,9,91.0
C033,2016,10,94.3
C033,2016,11,97.6
C033,2016,12,97.1
C0BD,2016,1,83.5
C0BD,2016,2,83.6
C0BD,2016,3,82.3
C0BD,2016,4,76.6
C0BD,2016,5,77.5
C0BD,2016,6,81.3
C0BD,2016,7,82.3
C0BD,2016,8,79.7
C0BD,2016,9,82.9
C0BD,2016,10,86.2
C0BD,2016,11,87.4
C0BD,2016,12,85.5
C036,2016,1,78.2
C036,2016,2,81.9
C036,2016,3,81.0
C036,2016,4,72.9
C036,2016,5,74.1
C036,2016,6,79.6
C036,2016,7,79.1
C036,2016,8,75.5
C036,2016,9,79.1
C036,2016,10,80.0
C036,2016,11,83.8
C036,2016,12,81.4
C045,2016,1,87.8
C045,2016,2,91.0
C045,2016,3,94.7
C045,2016,4,88.3
C045,2016,5,85.8
C045,2016,6,89.9
C045,2016,7,90.8
C045,2016,8,81.8
C045,2016,9,83.5
C045,2016,10,81.7
C045,2016,11,89.0
C045,2016,12,86.5
C0B7,2016,1,77.0
C0B7,2016,2,81.0
C0B7,2016,3,79.6
C0B7,2016,4,71.8
C0B7,2016,5,74.0
C0B7,2016,6,79.1
C0B7,2016,7,80.4
C0B7,2016,8,76.0
C0B7,2016,9,79.2
C0B7,2016,10,83.2
C0B7,2016,12,82.3
C019,2016,1,77.0
C019,2016,2,83.3
C019,2016,3,83.5
C019,2016,4,76.2
C019,2016,5,80.3
C019,2016,6,87.0
C019,2016,7,85.6
C019,2016,8,82.5
C019,2016,9,85.2
C019,2016,10,77.2
C019,2016,11,84.3
C019,2016,12,77.0
C057,2016,1,75.6
C057,2016,2,80.3
C057,2016,3,78.6
C057,2016,4,70.8
C057,2016,5,75.3
C057,2016,6,80.6
C057,2016,7,81.1
C057,2016,8,79.5
C057,2016,9,82.8
C057,2016,10,82.3
C057,2016,11,85.3
C057,2016,12,82.2
C063,2016,1,76.6
C063,2016,2,80.6
C063,2016,3,80.2
C063,2016,4,73.0
C063,2016,5,72.3
C063,2016,6,75.2
C063,2016,7,77.3
C063,2016,8,75.3
C063,2016,9,79.7
C063,2016,10,82.2
C063,2016,11,84.1
C063,2016,12,81.7
C046,2016,1,94.9
C046,2016,2,95.7
C046,2016,3,96.8
C046,2016,4,90.0
C046,2016,5,92.1
C046,2016,6,89.6
C046,2016,7,91.3
C046,2016,8,82.7
C046,2016,9,80.5
C046,2016,10,80.0
C046,2016,11,90.1
C046,2016,12,76.0
C0BA,2016,1,83.7
C0BA,2016,2,86.2
C0BA,2016,3,84.9
C0BA,2016,4,79.0
C0BA,2016,5,81.2
C0BA,2016,6,86.4
C0BA,2016,7,85.8
C0BA,2016,8,86.2
C0BA,2016,9,90.1
C0BA,2016,10,93.0
C0BA,2016,11,95.3
C0BA,2016,12,92.1
C059,2016,1,71.6
C059,2016,2,73.9
C059,2016,3,73.3
C059,2016,4,69.6
C059,2016,5,68.7
C059,2016,6,72.7
C059,2016,7,74.1
C059,2016,8,69.1
C059,2016,9,71.2
C059,2016,10,73.8
C059,2016,11,75.4
C059,2016,12,79.9
C072,2016,1,92.9
C072,2016,2,93.9
C072,2016,3,94.3
C072,2016,4,87.4
C072,2016,5,82.9
C072,2016,6,88.4
C072,2016,7,92.4
C072,2016,8,80.9
C072,2016,9,80.4
C072,2016,10,83.4
C072,2016,11,87.9
C072,2016,12,86.8
C0B4,2016,1,80.5
C0B4,2016,2,83.4
C0B4,2016,3,84.2
C0B4,2016,4,73.9
C0B4,2016,5,74.5
C0B4,2016,7,80.0
C0B4,2016,8,75.3
C0B4,2016,9,78.9
C0B4,2016,10,82.8
C0B4,2016,11,86.7
C0B4,2016,12,84.7
C054,2016,1,85.7
C054,2016,2,86.8
C054,2016,3,85.7
C054,2016,4,79.6
C054,2016,5,80.0
C054,2016,6,81.8
C054,2016,7,82.8
C054,2016,8,78.8
C054,2016,9,82.8
C054,2016,10,86.0
C054,2016,11,89.5
C054,2016,12,92.2
C042,2016,1,66.4
C042,2016,2,72.6
C042,2016,3,70.7
C042,2016,4,66.3
C042,2016,5,73.0
C042,2016,6,78.3
C042,2016,7,76.0
C042,2016,8,76.1
C042,2016,9,77.7
C042,2016,10,74.9
C042,2016,11,74.7
C042,2016,12,73.4
C0B9,2016,1,76.5
C0B9,2016,2,81.1
C0B9,2016,3,79.9
C0B9,2016,4,73.9
C0B9,2016,5,77.0
C0B9,2016,6,81.4
C0B9,2016,7,81.7
C0B9,2016,8,80.5
C0B9,2016,9,84.4
C0B9,2016,10,85.9
C0B9,2016,11,87.2
C0B9,2016,12,85.2
C0C3,2016,1,80.3
C0C3,2016,2,82.1
C0C3,2016,3,81.3
C0C3,2016,4,71.6
C0C3,2016,5,72.8
C0C3,2016,6,75.9
C0C3,2016,7,75.9
C0C3,2016,8,72.0
C0C3,2016,9,77.8
C0C3,2016,10,79.1
C0C3,2016,11,84.1
C0C3,2016,12,83.4
C066,2016,1,81.8
C066,2016,2,86.5
C066,2016,3,89.5
C066,2016,4,80.4
C066,2016,5,80.2
C066,2016,6,85.0
C066,2016,7,87.4
C066,2016,9,78.2
C066,2016,10,75.1
C066,2016,11,82.5
C022,2016,1,88.3
C022,2016,2,87.4
C022,2016,3,86.1
C022,2016,4,80.8
C022,2016,5,80.6
C022,2016,6,83.3
C022,2016,7,85.6
C022,2016,8,79.3
C022,2016,9,82.4
C022,2016,10,84.1
C022,2016,11,88.2
C022,2016,12,89.2
C0B3,2016,1,83.6
C0B3,2016,2,86.7
C0B3,2016,3,86.9
C0B3,2016,4,77.2
C0B3,2016,5,77.8
C0B3,2016,6,82.1
C0B3,2016,7,82.3
C0B3,2016,8,78.2
C0B3,2016,9,83.5
C0B3,2016,10,85.7
C0B3,2016,11,89.5
C0B3,2016,12,86.1
C037,2016,1,70.7
C037,2016,2,77.1
C037,2016,3,77.0
C037,2016,4,68.9
C037,2016,5,72.9
C037,2016,6,77.6
C037,2016,7,77.8
C037,2016,8,73.5
C037,2016,9,77.5
C037,2016,10,77.6
C037,2016,11,79.2
C037,2016,12,79.6
C0E5,2016,1,82.0
C0E5,2016,2,80.7
C0E5,2016,3,79.3
C0E5,2016,4,72.0
C0E5,2016,5,74.3
C0E5,2016,6,77.4
C0E5,2016,7,79.7
C0E5,2016,8,74.9
C0E5,2016,9,79.4
C0E5,2016,10,83.0
C0E5,2016,11,85.3
C0E5,2016,12,83.5
C0DB,2016,1,81.3
C0DB,2016,2,82.7
C0DB,2016,3,81.5
C0DB,2016,4,73.8
C0DB,2016,5,74.3
C0DB,2016,6,77.6
C0DB,2016,7,80.9
C0DB,2016,8,76.7
C0DB,2016,9,80.6
C0DB,2016,10,86.1
C0DB,2016,11,86.2
C0DB,2016,12,85.8
C0D3,2016,1,83.5
C0D3,2016,2,85.2
C0D3,2016,3,83.4
C0D3,2016,4,76.8
C0D3,2016,5,78.8
C0D3,2016,6,83.6
C0D3,2016,7,86.9
C0D3,2016,8,84.1
C0D3,2016,9,86.4
C0D3,2016,10,88.5
C0D3,2016,11,89.1
C0D3,2016,12,87.4
C0DD,2016,1,80.7
C0DD,2016,2,85.2
C0DD,2016,3,85.6
C0DD,2016,4,77.0
C0DD,2016,5,79.4
C0DD,2016,6,86.5
C0DD,2016,7,87.6
C0DD,2016,8,85.6
C0DD,2016,9,87.4
C0DD,2016,10,92.3
C0DD,2016,11,91.8
C0DD,2016,12,84.9
C0E9,2016,1,88.4
C0E9,2016,2,86.6
C0E9,2016,3,83.8
C0E9,2016,4,79.5
C0E9,2016,5,80.5
C0E9,2016,6,77.7
C0E9,2016,7,79.5
C0E9,2016,8,76.9
C0E9,2016,9,83.4
C0E9,2016,10,88.6
C0E9,2016,11,93.9
C0E9,2016,12,94.0
C078,2016,1,82.5
C078,2016,2,82.6
C078,2016,3,81.7
C078,2016,4,74.6
C078,2016,5,76.1
C078,2016,6,79.8
C078,2016,7,80.8
C078,2016,8,78.9
C078,2016,9,81.6
C078,2016,10,85.0
C078,2016,11,85.4
C078,2016,12,83.0
C052,2016,1,78.8
C052,2016,2,78.6
C052,2016,3,77.2
C052,2016,4,71.3
C052,2016,5,75.6
C052,2016,6,82.4
C052,2016,7,84.1
C052,2016,8,80.2
C052,2016,9,82.7
C052,2016,10,82.3
C052,2016,11,82.2
C052,2016,12,78.8
C0E1,2016,1,83.0
C0E1,2016,2,85.6
C0E1,2016,3,85.8
C0E1,2016,4,74.9
C0E1,2016,5,79.6
C0E1,2016,6,83.2
C0E1,2016,7,85.6
C0E1,2016,8,80.9
C0E1,2016,9,84.0
C0E1,2016,10,87.5
C0E1,2016,11,89.5
C0E1,2016,12,88.6
C077,2016,1,82.8
C077,2016,2,81.6
C077,2016,3,80.3
C077,2016,4,73.4
C077,2016,5,75.4
C077,2016,6,81.5
C077,2016,7,84.6
C077,2016,8,82.5
C077,2016,9,84.7
C077,2016,10,88.3
C077,2016,11,88.5
C077,2016,12,84.1
C080,2016,1,88.0
C080,2016,2,87.8
C080,2016,3,86.4
C080,2016,4,81.1
C080,2016,5,82.9
C080,2016,6,90.3
C080,2016,7,91.2
C080,2016,8,88.6
C080,2016,9,90.6
C080,2016,10,92.5
C080,2016,11,93.8
C080,2016,12,89.2
C0E8,2016,1,78.8
C0E8,2016,2,78.8
C0E8,2016,4,78.7
C023,2016,1,77.2
C023,2016,2,80.2
C023,2016,3,79.3
C023,2016,4,71.9
C023,2016,5,72.6
C023,2016,6,75.0
C023,2016,7,76.2
C023,2016,8,71.3
C023,2016,9,75.2
C023,2016,10,78.0
C023,2016,11,81.4
C023,2016,12,81.9
C084,2016,1,73.5
C084,2016,2,77.1
C084,2016,3,74.5
C084,2016,4,68.6
C084,2016,5,71.6
C084,2016,6,78.8
C084,2016,7,76.7
C084,2016,8,75.6
C084,2016,9,76.9
C084,2016,10,75.8
C084,2016,11,79.6
C084,2016,12,72.5
C0EA,2016,1,83.1
C0EA,2016,2,81.6
C0EA,2016,3,78.5
C0EA,2016,4,74.8
C0EA,2016,5,79.1
C0EA,2016,6,82.0
C0EA,2016,7,82.9
C0EA,2016,8,81.7
C0EA,2016,9,86.0
C0EA,2016,10,89.5
C0EA,2016,11,91.7
C0EA,2016,12,93.4
C026,2016,1,80.3
C026,2016,2,80.3
C026,2016,3,80.8
C026,2016,4,74.1
C026,2016,5,77.3
C026,2016,6,81.2
C026,2016,7,82.7
C026,2016,8,77.3
C026,2016,9,79.8
C026,2016,10,84.9
C026,2016,11,87.2
C026,2016,12,85.0
C058,2016,1,84.6
C058,2016,2,86.9
C058,2016,3,88.9
C058,2016,4,80.4
C058,2016,5,82.9
C058,2016,6,87.2
C058,2016,7,88.9
C058,2016,8,80.5
C058,2016,9,84.9
C058,2016,10,83.7
C058,2016,11,88.0
C058,2016,12,81.4
C0F0,2016,1,90.6
C0F0,2016,2,90.8
C0F0,2016,3,88.2
C0F0,2016,4,84.7
C0F0,2016,5,86.4
C0F0,2016,6,92.1
C0F0,2016,7,90.3
C0F0,2016,8,84.7
C0F0,2016,9,88.0
C0F0,2016,10,90.4
C0F0,2016,11,92.2
C0F0,2016,12,88.5
C0E7,2016,1,83.3
C0E7,2016,2,84.0
C0E7,2016,3,81.7
C0E7,2016,4,73.4
C0E7,2016,5,75.5
C0E7,2016,6,77.6
C0E7,2016,7,78.7
C0E7,2016,8,74.1
C0E7,2016,9,79.6
C0E7,2016,10,83.7
C0E7,2016,11,87.4
C0E7,2016,12,86.4
C018,2016,1,79.5
C018,2016,2,73.9
C018,2016,3,72.0
C018,2016,4,66.6
C018,2016,5,72.4
C018,2016,6,78.6
C018,2016,7,76.9
C018,2016,8,82.5
C018,2016,9,89.0
C018,2016,10,86.8
C018,2016,12,72.5
C0DC,2016,1,85.8
C0DC,2016,2,87.7
C0DC,2016,3,86.8
C0DC,2016,4,78.2
C0DC,2016,5,79.3
C0DC,2016,6,84.3
C0DC,2016,7,86.1
C0DC,2016,8,83.4
C0DC,2016,9,87.0
C0DC,2016,10,90.2
C0DC,2016,11,92.3
C0DC,2016,12,89.8
C071,2016,1,74.3
C071,2016,2,79.9
C071,2016,3,79.4
C071,2016,4,74.2
C071,2016,5,79.0
C071,2016,6,86.0
C071,2016,7,86.1
C071,2016,8,81.6
C071,2016,9,84.2
C071,2016,10,75.2
C071,2016,11,81.6
C071,2016,12,70.9
C0EC,2016,1,75.3
C0EC,2016,2,79.0
C0EC,2016,3,78.0
C0EC,2016,4,70.9
C0EC,2016,5,74.3
C0EC,2016,6,80.0
C0EC,2016,7,81.8
C0EC,2016,8,79.4
C0EC,2016,9,82.1
C0EC,2016,10,84.9
C0EC,2016,11,86.4
C0EC,2016,12,78.1
C0DE,2016,1,87.7
C0DE,2016,2,88.4
C0DE,2016,3,87.4
C0DE,2016,4,80.9
C0DE,2016,5,82.8
C0DE,2016,6,87.1
C0DE,2016,7,89.6
C0DE,2016,8,86.4
C0DE,2016,9,90.6
C0DE,2016,10,92.6
C0DE,2016,11,92.6
C0DE,2016,12,89.9
C017,2016,1,74.2
C017,2016,2,78.5
C017,2016,3,76.9
C017,2016,4,71.1
C017,2016,5,76.1
C017,2016,6,83.6
C017,2016,7,84.2
C017,2016,8,82.1
C017,2016,9,85.2
C017,2016,10,84.8
C017,2016,11,86.9
C017,2016,12,78.9
C0F4,2016,1,73.6
C0F4,2016,2,76.0
C0F4,2016,3,72.8
C0F4,2016,4,66.9
C0F4,2016,5,69.7
C0F4,2016,6,74.4
C0F4,2016,7,74.7
C0F4,2016,8,73.4
C0F4,2016,9,76.2
C0F4,2016,10,77.8
C0F4,2016,11,81.5
C0F4,2016,12,75.6
C0D1,2016,1,81.2
C0D1,2016,2,84.9
C0D1,2016,3,83.3
C0D1,2016,4,76.5
C0D1,2016,5,75.0
C0D1,2016,6,78.4
C0D1,2016,7,81.0
C0D1,2016,8,77.2
C0D1,2016,9,81.2
C0D1,2016,10,83.8
C0D1,2016,11,88.3
C0D1,2016,12,88.8
C043,2016,1,83.4
C043,2016,2,83.6
C043,2016,3,84.1
C043,2016,4,75.6
C043,2016,5,79.3
C043,2016,6,83.1
C043,2016,7,84.1
C043,2016,8,79.5
C043,2016,9,83.8
C043,2016,10,86.2
C043,2016,11,87.7
C043,2016,12,85.5
C007,2016,1,69.6
C007,2016,2,73.6
C007,2016,3,69.4
C007,2016,4,62.9
C007,2016,5,72.5
C007,2016,6,81.0
C007,2016,7,79.4
C007,2016,8,80.0
C007,2016,9,79.3
C007,2016,10,79.0
C007,2016,11,80.6
C007,2016,12,61.4
C0D0,2016,1,77.3
C0D0,2016,2,82.0
C0D0,2016,3,81.3
C0D0,2016,4,73.9
C0D0,2016,5,73.6
C0D0,2016,6,77.5
C0D0,2016,7,81.0
C0D0,2016,8,74.9
C0D0,2016,9,78.9
C0D0,2016,10,82.3
C0D0,2016,11,83.3
C0D0,2016,12,84.6
C064,2016,1,69.5
C064,2016,2,75.1
C064,2016,3,74.3
C064,2016,4,68.9
C064,2016,5,75.1
C064,2016,6,81.2
C064,2016,7,80.6
C064,2016,8,79.5
C064,2016,9,80.1
C064,2016,10,78.5
C064,2016,11,78.2
C064,2016,12,73.0
C028,2016,1,81.2
C028,2016,2,82.8
C028,2016,3,84.0
C028,2016,4,77.6
C028,2016,5,78.9
C028,2016,6,82.9
C028,2016,7,85.9
C028,2016,8,76.3
C028,2016,9,82.2
C028,2016,10,79.9
C028,2016,11,82.6
C028,2016,12,79.4
C029,2016,1,76.2
C029,2016,2,78.9
C029,2016,3,79.7
C029,2016,4,72.8
C029,2016,5,77.0
C029,2016,6,83.0
C029,2016,7,85.4
C029,2016,8,81.9
C029,2016,9,84.6
C029,2016,10,85.0
C029,2016,11,83.4
C029,2016,12,78.9
C076,2017,1,88.0
C076,2017,2,83.1
C076,2017,3,78.8
C076,2017,4,74.9
C076,2017,5,72.2
C076,2017,6,80.1
C076,2017,7,74.6
C076,2017,8,73.3
C076,2017,9,80.1
C076,2017,10,81.6
C076,2017,11,86.7
C076,2017,12,91.0
C0A4,2017,3,75.5
C0A4,2017,4,72.3
C0A4,2017,5,71.0
C0A4,2017,6,78.4
C0A4,2017,7,71.4
C0A4,2017,8,71.0
C0A4,2017,9,78.4
C0A4,2017,10,78.5
C0A4,2017,11,83.1
C0A4,2017,12,89.0
C056,2017,1,88.0
C056,2017,2,79.6
C056,2017,3,74.5
C056,2017,4,69.5
C056,2017,5,69.1
C056,2017,6,78.2
C056,2017,7,73.2
C056,2017,8,71.5
C056,2017,9,80.3
C056,2017,10,78.7
C056,2017,11,85.6
C056,2017,12,92.5
C035,2017,1,98.4
C035,2017,2,95.7
C035,2017,3,90.1
C035,2017,4,80.6
C035,2017,5,74.0
C035,2017,6,83.6
C035,2017,7,80.2
C035,2017,8,78.8
C035,2017,9,83.3
C035,2017,10,81.1
C035,2017,11,86.9
C035,2017,12,91.3
C0A3,2017,1,81.1
C0A3,2017,2,79.5
C0A3,2017,3,72.3
C0A3,2017,4,71.0
C0A3,2017,5,68.5
C0A3,2017,6,73.7
C0A3,2017,7,68.0
C0A3,2017,8,67.5
C0A3,2017,9,77.1
C0A3,2017,10,77.4
C0A3,2017,11,84.7
C0A3,2017,12,90.1
C016,2017,1,88.7
C016,2017,2,84.2
C016,2017,3,76.8
C016,2017,4,72.5
C016,2017,5,71.9
C016,2017,6,79.4
C016,2017,7,74.2
C016,2017,8,72.7
C016,2017,9,79.1
C016,2017,10,79.7
C016,2017,11,84.1
C016,2017,12,89.8
C025,2017,1,83.0
C025,2017,2,80.0
C025,2017,3,77.0
C025,2017,4,74.9
C025,2017,5,74.9
C025,2017,6,85.0
C025,2017,7,82.1
C025,2017,8,80.3
C025,2017,9,85.2
C025,2017,10,79.9
C025,2017,11,83.2
C025,2017,12,90.4
C0A2,2017,1,92.3
C0A2,2017,2,83.8
C0A2,2017,3,74.1
C0A2,2017,4,68.1
C0A2,2017,5,73.2
C0A2,2017,6,78.0
C0A2,2017,7,72.9
C0A2,2017,8,70.7
C0A2,2017,9,80.6
C0A2,2017,10,80.5
C0A2,2017,11,86.8
C0A2,2017,12,94.6
C034,2017,1,83.6
C034,2017,2,81.5
C034,2017,3,75.6
C034,2017,4,70.0
C034,2017,5,72.2
C034,2017,6,75.3
C034,2017,7,67.8
C034,2017,8,66.0
C034,2017,9,72.9
C034,2017,10,74.3
C034,2017,11,81.4
C034,2017,12,86.3
C0AA,2017,1,90.7
C0AA,2017,2,86.4
C0AA,2017,3,83.1
C0AA,2017,4,78.6
C0AA,2017,5,78.0
C0AA,2017,6,85.0
C0AA,2017,7,79.4
C0AA,2017,8,77.4
C0AA,2017,9,82.9
C0AA,2017,10,82.3
C0AA,2017,11,86.9
C0AA,2017,12,92.7
C067,2017,1,83.1
C067,2017,3,79.9
C067,2017,4,82.1
C067,2017,5,74.5
C067,2017,6,78.8
C067,2017,7,76.5
C067,2017,8,75.8
C067,2017,9,81.3
C067,2017,10,80.0
C067,2017,11,83.5
C067,2017,12,89.4
C040,2017,1,80.6
C040,2017,2,77.2
C040,2017,3,71.8
C040,2017,4,66.1
C040,2017,5,66.6
C040,2017,6,75.9
C040,2017,7,73.2
C040,2017,8,72.5
C040,2017,9,76.2
C040,2017,10,76.1
C040,2017,11,77.7
C040,2017,12,84.2
C044,2017,1,87.3
C044,2017,2,86.6
C044,2017,3,83.4
C044,2017,4,76.4
C044,2017,5,78.4
C044,2017,6,87.3
C044,2017,7,85.6
C044,2017,8,84.0
C044,2017,9,87.9
C044,2017,10,86.9
C044,2017,11,88.7
C044,2017,12,93.6
C048,2017,1,82.5
C048,2017,2,85.2
C048,2017,3,77.3
C048,2017,4,68.0
C048,2017,5,69.6
C048,2017,6,79.9
C048,2017,7,78.0
C048,2017,8,75.2
C048,2017,9,80.9
C048,2017,10,72.8
C048,2017,11,79.2
C048,2017,12,92.7
C068,2017,1,83.0
C068,2017,2,77.3
C068,2017,3,74.4
C068,2017,4,66.5
C068,2017,5,66.3
C068,2017,6,75.5
C068,2017,7,71.5
C068,2017,8,70.1
C068,2017,9,77.4
C068,2017,10,75.4
C068,2017,11,80.3
C068,2017,12,88.0
C024,2017,1,84.2
C024,2017,2,83.2
C024,2017,3,78.6
C024,2017,4,69.0
C024,2017,5,70.5
C024,2017,6,77.5
C024,2017,7,74.8
C024,2017,8,72.5
C024,2017,9,83.0
C024,2017,10,80.7
C024,2017,11,83.8
C024,2017,12,90.2
C00A,2017,1,79.8
C00A,2017,2,83.2
C00A,2017,3,77.1
C00A,2017,4,67.7
C00A,2017,5,71.6
C00A,2017,6,76.2
C00A,2017,7,62.1
C00A,2017,8,61.8
C00A,2017,9,70.7
C00A,2017,10,71.6
C00A,2017,11,78.2
C00A,2017,12,87.6
C047,2017,1,82.2
C047,2017,2,77.6
C047,2017,3,70.8
C047,2017,4,70.8
C047,2017,5,72.2
C047,2017,6,82.3
C047,2017,7,80.5
C047,2017,8,78.4
C047,2017,9,84.6
C047,2017,10,77.5
C047,2017,11,82.1
C047,2017,12,94.4
C031,2017,1,73.9
C031,2017,2,80.7
C031,2017,3,69.0
C031,2017,4,55.5
C031,2017,5,60.6
C031,2017,6,64.9
C031,2017,7,61.5
C031,2017,8,60.2
C031,2017,9,66.7
C031,2017,10,66.9
C031,2017,11,73.6
C031,2017,12,86.3
C041,2017,1,86.5
C041,2017,2,85.7
C041,2017,3,78.0
C041,2017,4,70.2
C041,2017,5,72.2
C041,2017,6,78.5
C041,2017,7,72.9
C041,2017,8,71.5
C041,2017,9,79.9
C041,2017,10,81.5
C041,2017,11,88.9
C041,2017,12,93.4
C055,2017,1,83.8
C055,2017,2,80.3
C055,2017,3,76.9
C055,2017,4,74.1
C055,2017,5,74.1
C055,2017,6,79.2
C055,2017,7,74.2
C055,2017,8,73.4
C055,2017,9,79.3
C055,2017,10,79.0
C055,2017,11,83.3
C055,2017,12,88.5
C060,2017,1,76.1
C060,2017,2,79.8
C060,2017,3,69.3
C060,2017,4,56.8
C060,2017,5,61.5
C060,2017,6,67.9
C060,2017,7,63.2
C060,2017,8,63.1
C060,2017,9,67.7
C060,2017,10,69.8
C060,2017,11,75.6
C060,2017,12,82.2
C0A1,2017,1,82.4
C0A1,2017,2,79.8
C0A1,2017,3,75.3
C0A1,2017,4,73.1
C0A1,2017,5,72.9
C0A1,2017,6,79.8
C0A1,2017,7,71.7
C0A1,2017,8,71.4
C0A1,2017,9,77.9
C0A1,2017,10,77.1
C0A1,2017,11,81.7
C0A1,2017,12,86.2
C021,2017,1,83.5
C021,2017,2,84.4
C021,2017,3,78.8
C021,2017,4,69.8
C021,2017,5,71.3
C021,2017,6,78.6
C021,2017,7,75.6
C021,2017,8,72.7
C021,2017,9,82.5
C021,2017,10,79.5
C021,2017,11,82.7
C021,2017,12,93.7
C030,2017,1,87.5
C030,2017,3,80.7
C030,2017,4,74.9
C030,2017,5,68.9
C030,2017,6,77.1
C030,2017,7,68.4
C030,2017,8,67.8
C030,2017,9,76.5
C030,2017,10,75.2
C030,2017,11,81.6
C030,2017,12,88.5
C051,2017,1,78.6
C051,2017,2,70.0
C051,2017,3,69.1
C051,2017,4,69.3
C051,2017,5,67.0
C051,2017,6,76.2
C051,2017,7,73.8
C051,2017,8,72.5
C051,2017,9,76.9
C051,2017,10,73.8
C051,2017,11,78.0
C051,2017,12,81.8
C0A0,2017,1,93.4
C0A0,2017,2,87.9
C0A0,2017,3,85.7
C0A0,2017,4,79.4
C0A0,2017,5,79.6
C0A0,2017,6,85.4
C0A0,2017,7,79.9
C0A0,2017,8,79.7
C0A0,2017,9,85.0
C0A0,2017,10,85.1
C0A0,2017,11,89.3
C0A0,2017,12,94.7
C049,2017,1,84.1
C049,2017,2,80.8
C049,2017,3,75.8
C049,2017,4,69.1
C049,2017,5,69.2
C049,2017,6,74.7
C049,2017,7,68.7
C049,2017,8,67.4
C049,2017,9,73.8
C049,2017,10,76.1
C049,2017,11,82.6
C049,2017,12,86.7
C00B,2017,5,71.8
C00B,2017,6,77.7
C00B,2017,7,72.2
C00B,2017,8,69.5
C00B,2017,9,77.0
C00B,2017,10,75.3
C00B,2017,11,81.7
C00B,2017,12,87.1
C020,2017,1,88.3
C020,2017,2,80.3
C020,2017,3,75.3
C020,2017,4,70.8
C020,2017,5,70.6
C020,2017,6,75.5
C020,2017,7,69.9
C020,2017,8,68.6
C020,2017,9,76.0
C020,2017,10,74.5
C020,2017,11,81.2
C020,2017,12,85.9
C070,2017,1,88.2
C070,2017,2,89.1
C070,2017,3,75.5
C070,2017,4,69.0
C070,2017,5,70.3
C070,2017,6,82.8
C070,2017,7,79.8
C070,2017,8,78.2
C070,2017,9,81.4
C070,2017,10,74.9
C070,2017,11,80.9
C070,2017,12,94.6
C050,2017,1,83.5
C050,2017,2,79.0
C050,2017,3,71.4
C050,2017,4,65.5
C050,2017,5,66.6
C050,2017,6,68.4
C050,2017,7,61.2
C050,2017,8,60.9
C050,2017,9,66.8
C050,2017,10,69.8
C050,2017,11,76.4
C050,2017,12,83.6
C0B1,2017,1,78.6
C0B1,2017,2,72.5
C0B1,2017,3,72.1
C0B1,2017,4,72.3
C0B1,2017,5,72.6
C0B1,2017,6,79.8
C0B1,2017,7,80.0
C0B1,2017,8,80.2
C0B1,2017,9,83.9
C0B1,2017,10,83.6
C0B1,2017,11,83.6
C0B1,2017,12,86.2
C079,2017,1,88.5
C079,2017,2,74.1
C079,2017,3,73.2
C079,2017,4,71.7
C079,2017,5,71.8
C079,2017,6,79.4
C079,2017,7,80.0
C079,2017,8,81.1
C079,2017,9,85.3
C079,2017,10,85.9
C079,2017,11,87.0
C079,2017,12,91.6
C0C1,2017,1,83.5
C0C1,2017,2,77.7
C0C1,2017,3,76.2
C0C1,2017,4,74.4
C0C1,2017,5,73.8
C0C1,2017,6,78.7
C0C1,2017,7,77.8
C0C1,2017,8,78.0
C0C1,2017,9,81.7
C0C1,2017,10,81.4
C0C1,2017,11,84.2
C0C1,2017,12,86.9
C061,2017,1,77.7
C061,2017,2,73.8
C061,2017,3,73.9
C061,2017,4,76.0
C061,2017,5,75.7
C061,2017,6,88.5
C061,2017,7,92.0
C061,2017,8,90.6
C061,2017,9,92.0
C061,2017,10,84.6
C061,2017,11,82.6
C061,2017,12,89.0
C032,2017,1,81.6
C032,2017,2,74.3
C032,2017,3,72.7
C032,2017,4,71.6
C032,2017,5,70.8
C032,2017,6,78.4
C032,2017,7,77.0
C032,2017,8,76.8
C032,2017,9,80.8
C032,2017,10,80.7
C032,2017,11,84.1
C002,2017,1,78.3
C002,2017,2,73.0
C002,2017,3,73.1
C002,2017,4,72.8
C002,2017,5,73.0
C002,2017,6,77.2
C002,2017,7,78.1
C002,2017,8,78.1
C002,2017,9,79.3
C002,2017,10,84.5
C002,2017,11,82.5
C002,2017,12,85.4
C0C2,2017,1,83.0
C0C2,2017,2,78.7
C0C2,2017,3,76.6
C0C2,2017,4,75.2
C0C2,2017,5,74.0
C0C2,2017,6,79.5
C0C2,2017,7,79.1
C0C2,2017,8,77.8
C0C2,2017,9,83.1
C0C2,2017,10,83.0
C0C2,2017,11,86.6
C0C2,2017,12,89.2
C069,2017,1,77.0
C069,2017,2,73.9
C069,2017,3,76.0
C069,2017,4,76.8
C069,2017,5,78.4
C069,2017,6,86.6
C069,2017,7,88.3
C069,2017,8,86.1
C069,2017,9,87.0
C069,2017,10,83.1
C069,2017,11,75.7
C069,2017,12,81.8
C0B6,2017,1,86.5
C0B6,2017,2,79.0
C0B6,2017,3,79.3
C0B6,2017,4,77.8
C0B6,2017,5,76.1
C0B6,2017,6,82.5
C0B6,2017,7,81.4
C0B6,2017,8,81.7
C0B6,2017,9,86.4
C0B6,2017,10,85.8
C0B6,2017,11,88.8
C0B6,2017,12,93.5
C0BE,2017,1,84.5
C0BE,2017,2,79.8
C0BE,2017,3,80.3
C0BE,2017,4,79.0
C0BE,2017,5,77.9
C0BE,2017,6,82.6
C0BE,2017,7,83.3
C0BE,2017,8,85.0
C0BE,2017,9,86.7
C0BE,2017,10,87.0
C065,2017,1,73.0
C065,2017,2,73.9
C065,2017,3,74.9
C065,2017,4,74.0
C065,2017,5,75.9
C065,2017,6,85.2
C065,2017,7,85.9
C065,2017,8,83.3
C065,2017,9,91.9
C065,2017,10,75.8
C065,2017,11,77.5
C065,2017,12,86.9
C003,2017,1,76.8
C003,2017,2,71.4
C003,2017,3,71.7
C003,2017,4,71.7
C003,2017,5,70.5
C003,2017,6,77.6
C003,2017,7,78.2
C003,2017,8,77.4
C003,2017,9,80.9
C003,2017,10,79.8
C003,2017,11,82.8
C003,2017,12,91.6
C039,2017,1,100.0
C039,2017,2,89.6
C039,2017,3,67.8
C039,2017,4,68.7
C039,2017,5,70.1
C039,2017,6,79.2
C039,2017,7,79.3
C039,2017,8,77.0
C039,2017,9,80.0
C039,2017,10,78.9
C039,2017,11,77.7
C039,2017,12,81.4
C075,2017,7,80.9
C075,2017,8,81.7
C075,2017,9,85.3
C075,2017,10,84.2
C075,2017,11,84.4
C075,2017,12,88.8
C074,2017,1,87.0
C074,2017,2,78.4
C074,2017,3,76.9
C074,2017,4,74.7
C074,2017,5,75.0
C074,2017,6,84.0
C074,2017,7,82.2
C074,2017,8,82.9
C074,2017,9,87.2
C074,2017,10,86.7
C074,2017,11,87.8
C074,2017,12,90.7
C009,2017,8,76.7
C009,2017,9,80.9
C009,2017,10,80.9
C009,2017,11,82.4
C009,2017,12,83.6
C038,2017,1,71.5
C038,2017,2,67.6
C038,2017,3,67.1
C038,2017,4,67.8
C038,2017,5,68.1
C038,2017,6,75.5
C038,2017,7,75.9
C038,2017,8,74.2
C038,2017,9,76.6
C038,2017,10,75.0
C038,2017,11,73.3
C038,2017,12,77.2
C033,2017,1,89.4
C033,2017,2,80.5
C033,2017,3,74.1
C033,2017,4,74.0
C033,2017,5,68.8
C033,2017,6,80.5
C033,2017,7,80.0
C033,2017,8,78.6
C033,2017,9,83.0
C033,2017,10,80.3
C033,2017,11,82.1
C033,2017,12,86.6
C0BD,2017,1,84.2
C0BD,2017,2,80.4
C0BD,2017,3,79.8
C0BD,2017,4,76.5
C0BD,2017,5,76.5
C0BD,2017,6,82.9
C0BD,2017,7,83.3
C0BD,2017,8,84.1
C0BD,2017,9,86.1
C0BD,2017,10,87.0
C0BD,2017,11,87.8
C0BD,2017,12,88.8
C036,2017,1,83.4
C036,2017,2,75.7
C036,2017,3,74.9
C036,2017,4,74.8
C036,2017,5,75.1
C036,2017,6,89.8
C036,2017,7,86.2
C036,2017,8,84.4
C036,2017,9,90.6
C036,2017,10,87.5
C036,2017,11,89.4
C036,2017,12,96.7
C045,2017,1,84.5
C045,2017,2,85.8
C045,2017,3,83.6
C045,2017,4,79.7
C045,2017,5,80.6
C045,2017,6,90.0
C045,2017,7,91.2
C045,2017,8,90.8
C045,2017,9,92.5
C045,2017,10,83.0
C045,2017,11,84.7
C045,2017,12,95.9
C0B7,2017,1,82.4
C0B7,2017,2,73.7
C0B7,2017,3,72.1
C0B7,2017,4,71.8
C0B7,2017,5,71.1
C0B7,2017,6,78.1
C0B7,2017,7,77.4
C0B7,2017,8,77.8
C0B7,2017,9,83.1
C0B7,2017,10,81.1
C0B7,2017,11,83.0
C0B7,2017,12,85.1
C019,2017,1,81.8
C019,2017,2,78.1
C019,2017,3,78.6
C019,2017,4,77.4
C019,2017,5,78.1
C019,2017,6,86.5
C019,2017,7,88.0
C019,2017,8,85.2
C019,2017,9,85.8
C019,2017,10,80.2
C019,2017,11,76.3
C019,2017,12,84.0
C057,2017,1,80.8
C057,2017,2,76.4
C057,2017,3,77.5
C057,2017,4,76.4
C057,2017,5,76.0
C057,2017,6,83.8
C057,2017,7,84.7
C057,2017,8,83.6
C057,2017,9,90.5
C057,2017,10,98.0
C057,2017,11,97.9
C057,2017,12,99.2
C063,2017,1,81.2
C063,2017,2,76.3
C063,2017,3,76.4
C063,2017,4,74.9
C063,2017,5,74.4
C063,2017,6,78.0
C063,2017,7,81.1
C063,2017,8,82.6
C063,2017,9,85.4
C063,2017,10,86.1
C063,2017,11,85.8
C063,2017,12,87.1
C046,2017,1,78.4
C046,2017,2,83.3
C046,2017,3,80.3
C046,2017,4,77.1
C046,2017,5,74.9
C046,2017,6,85.6
C046,2017,7,86.8
C046,2017,8,85.6
C046,2017,9,88.0
C046,2017,10,78.1
C046,2017,11,81.9
C046,2017,12,91.9
C0BA,2017,1,92.1
C0BA,2017,2,80.1
C0BA,2017,3,79.7
C0BA,2017,4,78.8
C0BA,2017,5,78.7
C0BA,2017,6,82.7
C0BA,2017,7,83.3
C0BA,2017,8,84.2
C0BA,2017,9,87.2
C0BA,2017,10,86.9
C0BA,2017,11,84.0
C0BA,2017,12,86.9
C059,2017,1,73.9
C059,2017,2,71.1
C059,2017,3,71.2
C059,2017,4,71.8
C059,2017,5,72.6
C059,2017,6,80.7
C059,2017,7,79.8
C059,2017,8,78.4
C059,2017,9,82.8
C059,2017,10,79.8
C059,2017,11,81.0
C059,2017,12,84.4
C072,2017,1,83.1
C072,2017,2,83.6
C072,2017,3,78.4
C072,2017,4,74.5
C072,2017,5,74.3
C072,2017,6,82.6
C072,2017,7,84.8
C072,2017,8,81.8
C072,2017,9,84.9
C072,2017,10,76.1
C072,2017,11,80.0
C072,2017,12,90.1
C0B4,2017,1,84.9
C0B4,2017,2,78.0
C0B4,2017,3,75.4
C0B4,2017,4,75.6
C0B4,2017,5,75.3
C0B4,2017,6,84.0
C0B4,2017,7,81.0
C0B4,2017,8,81.0
C0B4,2017,9,84.5
C0B4,2017,10,82.2
C0B4,2017,11,86.2
C0B4,2017,12,90.8
C054,2017,1,88.0
C054,2017,2,83.1
C054,2017,3,80.4
C054,2017,4,76.9
C054,2017,5,75.1
C054,2017,6,84.5
C054,2017,7,81.2
C054,2017,8,81.6
C054,2017,9,86.5
C054,2017,10,86.2
C054,2017,11,87.8
C054,2017,12,90.6
C042,2017,1,71.3
C042,2017,2,70.9
C042,2017,3,73.5
C042,2017,4,77.2
C042,2017,5,80.6
C042,2017,6,86.4
C042,2017,7,82.2
C042,2017,8,78.9
C042,2017,9,79.4
C042,2017,10,78.3
C042,2017,11,71.2
C042,2017,12,75.4
C0B9,2017,1,84.3
C0B9,2017,2,77.4
C0B9,2017,3,78.0
C0B9,2017,4,79.1
C0B9,2017,5,78.7
C0B9,2017,6,83.9
C0B9,2017,7,84.0
C0B9,2017,8,83.5
C0B9,2017,9,86.7
C0B9,2017,10,86.5
C0B9,2017,11,86.8
C0B9,2017,12,85.9
C0C3,2017,1,82.5
C0C3,2017,2,76.2
C0C3,2017,3,76.3
C0C3,2017,4,74.3
C0C3,2017,5,73.4
C0C3,2017,6,78.9
C0C3,2017,7,78.1
C0C3,2017,8,77.7
C0C3,2017,9,81.3
C0C3,2017,10,81.1
C0C3,2017,11,84.7
C0C3,2017,12,88.1
C066,2017,7,84.9
C066,2017,8,84.9
C066,2017,9,86.1
C066,2017,10,77.5
C066,2017,11,80.1
C066,2017,12,88.9
C022,2017,1,84.4
C022,2017,2,83.0
C022,2017,3,80.5
C022,2017,4,75.9
C022,2017,5,76.0
C022,2017,6,87.8
C022,2017,7,86.3
C022,2017,8,86.9
C022,2017,9,88.6
C022,2017,10,84.9
C022,2017,11,84.6
C022,2017,12,92.5
C0B3,2017,1,88.7
C0B3,2017,2,78.4
C0B3,2017,3,79.5
C0B3,2017,4,78.2
C0B3,2017,5,76.9
C0B3,2017,6,81.6
C0B3,2017,7,79.9
C0B3,2017,8,80.1
C0B3,2017,9,83.7
C0B3,2017,10,83.1
C0B3,2017,11,84.5
C0B3,2017,12,88.3
C037,2017,1,80.4
C037,2017,2,74.0
C037,2017,3,73.6
C037,2017,4,73.4
C037,2017,5,73.9
C037,2017,6,83.6
C037,2017,7,87.5
C037,2017,8,87.3
C037,2017,9,82.2
C037,2017,10,81.5
C037,2017,11,81.3
C037,2017,12,85.4
C0E5,2017,1,84.9
C0E5,2017,2,77.3
C0E5,2017,3,73.7
C0E5,2017,4,71.5
C0E5,2017,5,72.0
C0E5,2017,6,80.2
C0E5,2017,7,78.2
C0E5,2017,8,78.6
C0E5,2017,9,84.9
C0E5,2017,10,85.1
C0E5,2017,11,86.1
C0E5,2017,12,88.2
C0DB,2017,1,85.5
C0DB,2017,2,79.6
C0DB,2017,3,77.8
C0DB,2017,4,74.8
C0DB,2017,5,73.5
C0DB,2017,6,81.4
C0DB,2017,7,79.0
C0DB,2017,8,81.2
C0DB,2017,9,84.9
C0DB,2017,10,86.1
C0DB,2017,11,87.3
C0DB,2017,12,89.6
C0D3,2017,1,86.6
C0D3,2017,2,80.6
C0D3,2017,3,79.3
C0D3,2017,4,78.3
C0D3,2017,5,78.5
C0D3,2017,6,86.8
C0D3,2017,7,85.2
C0D3,2017,8,86.6
C0D3,2017,9,88.8
C0D3,2017,10,89.2
C0D3,2017,11,86.7
C0D3,2017,12,89.1
C0DD,2017,1,82.2
C0DD,2017,2,76.0
C0DD,2017,3,74.3
C0DD,2017,4,76.1
C0DD,2017,5,76.6
C0DD,2017,6,82.4
C0DD,2017,7,82.8
C0DD,2017,8,83.1
C0DD,2017,9,87.6
C0DD,2017,10,86.9
C0DD,2017,11,84.4
C0DD,2017,12,84.1
C0E9,2017,1,92.1
C0E9,2017,2,83.9
C0E9,2017,3,78.6
C0E9,2017,4,74.6
C0E9,2017,5,75.9
C0E9,2017,6,81.1
C0E9,2017,7,80.1
C0E9,2017,8,81.4
C0E9,2017,9,87.2
C0E9,2017,10,89.9
C0E9,2017,11,94.2
C0E9,2017,12,95.7
C078,2017,1,83.5
C078,2017,2,78.0
C078,2017,3,78.2
C078,2017,4,75.4
C078,2017,5,76.5
C078,2017,6,80.8
C078,2017,7,81.4
C078,2017,8,82.5
C078,2017,9,85.6
C078,2017,10,86.1
C078,2017,11,86.4
C078,2017,12,87.8
C052,2017,1,78.9
C052,2017,2,74.0
C052,2017,3,73.2
C052,2017,4,71.9
C052,2017,5,75.6
C052,2017,6,84.1
C052,2017,7,82.4
C052,2017,8,83.4
C052,2017,9,85.9
C052,2017,10,83.9
C052,2017,11,81.6
C052,2017,12,85.7
C0E1,2017,1,90.6
C0E1,2017,2,78.1
C0E1,2017,3,74.7
C0E1,2017,4,74.8
C0E1,2017,5,73.8
C0E1,2017,6,82.9
C0E1,2017,7,80.9
C0E1,2017,8,82.5
C0E1,2017,9,88.0
C0E1,2017,10,88.4
C0E1,2017,11,89.1
C0E1,2017,12,92.2
C077,2017,1,86.7
C077,2017,2,79.8
C077,2017,3,78.4
C077,2017,4,77.2
C077,2017,5,78.4
C077,2017,6,85.9
C077,2017,7,85.4
C077,2017,8,87.3
C077,2017,9,90.4
C077,2017,10,90.3
C077,2017,11,89.4
C077,2017,12,92.9
C080,2017,1,91.3
C080,2017,2,83.4
C080,2017,3,83.5
C080,2017,4,81.7
C080,2017,5,85.1
C080,2017,6,91.8
C080,2017,7,91.0
C080,2017,8,92.6
C080,2017,9,93.9
C080,2017,10,94.1
C080,2017,11,94.0
C080,2017,12,95.5
C0E8,2017,1,87.1
C0E8,2017,2,80.7
C0E8,2017,3,77.8
C0E8,2017,4,75.0
C0E8,2017,5,76.3
C0E8,2017,6,83.1
C0E8,2017,7,81.5
C0E8,2017,8,82.5
C0E8,2017,9,88.1
C0E8,2017,10,90.4
C0E8,2017,11,90.3
C023,2017,1,80.2
C023,2017,2,75.4
C023,2017,3,72.6
C023,2017,4,69.5
C023,2017,5,69.2
C023,2017,6,76.9
C023,2017,7,73.8
C023,2017,8,72.8
C023,2017,9,79.1
C023,2017,10,77.9
C023,2017,11,80.2
C023,2017,12,85.7
C084,2017,1,75.7
C084,2017,2,70.6
C084,2017,3,69.5
C084,2017,4,68.8
C084,2017,5,69.8
C084,2017,6,76.7
C084,2017,7,81.3
C084,2017,8,77.3
C084,2017,9,79.5
C084,2017,10,79.8
C084,2017,11,76.5
C084,2017,12,80.9
C0EA,2017,1,89.3
C0EA,2017,2,81.9
C0EA,2017,3,78.9
C0EA,2017,4,75.8
C0EA,2017,5,77.1
C0EA,2017,6,83.3
C0EA,2017,7,82.8
C0EA,2017,8,83.7
C0EA,2017,9,89.1
C0EA,2017,10,91.7
C0EA,2017,11,93.0
C0EA,2017,12,93.1
C026,2017,1,85.7
C026,2017,2,78.6
C026,2017,3,78.1
C026,2017,4,76.1
C026,2017,5,75.2
C026,2017,6,85.5
C026,2017,7,85.1
C026,2017,8,85.6
C026,2017,9,85.2
C026,2017,10,82.9
C026,2017,11,83.0
C026,2017,12,87.8
C058,2017,1,86.0
C058,2017,2,72.8
C058,2017,3,72.8
C058,2017,4,69.4
C058,2017,5,70.8
C058,2017,6,80.5
C058,2017,7,82.8
C058,2017,8,82.7
C058,2017,9,84.3
C058,2017,10,79.8
C058,2017,11,79.2
C058,2017,12,85.2
C0F0,2017,1,89.1
C0F0,2017,2,81.6
C0F0,2017,3,79.5
C0F0,2017,4,79.7
C0F0,2017,5,81.8
C0F0,2017,6,87.9
C0F0,2017,7,88.3
C0F0,2017,8,89.8
C0F0,2017,9,92.3
C0F0,2017,10,93.3
C0F0,2017,11,92.5
C0F0,2017,12,93.4
C0F1,2017,11,76.7
C0F1,2017,12,85.6
C0E7,2017,1,86.1
C0E7,2017,2,79.0
C0E7,2017,3,76.4
C0E7,2017,4,72.0
C0E7,2017,5,70.5
C0E7,2017,6,77.3
C0E7,2017,7,75.3
C0E7,2017,8,76.1
C0E7,2017,9,82.3
C0E7,2017,10,84.2
C0E7,2017,11,88.5
C0E7,2017,12,93.3
C018,2017,1,74.8
C018,2017,2,71.7
C018,2017,3,69.6
C018,2017,4,69.3
C018,2017,5,74.0
C018,2017,6,78.8
C018,2017,7,80.0
C018,2017,8,77.3
C018,2017,9,78.2
C018,2017,10,78.4
C018,2017,11,71.5
C018,2017,12,75.2
C0DC,2017,1,91.0
C0DC,2017,2,85.6
C0DC,2017,3,85.4
C0DC,2017,4,82.9
C0DC,2017,5,80.7
C0DC,2017,6,88.4
C0DC,2017,7,87.5
C0DC,2017,8,88.9
C0DC,2017,9,90.6
C0DC,2017,10,91.4
C0DC,2017,11,91.4
C0DC,2017,12,94.8
C071,2017,1,75.2
C071,2017,2,75.0
C071,2017,3,77.0
C071,2017,4,74.0
C071,2017,5,74.7
C071,2017,6,86.4
C071,2017,7,88.7
C071,2017,8,86.8
C071,2017,9,83.8
C071,2017,10,79.8
C071,2017,11,75.9
C071,2017,12,85.7
C0EC,2017,1,81.9
C0EC,2017,2,75.5
C0EC,2017,3,74.4
C0EC,2017,4,74.9
C0EC,2017,5,74.7
C0EC,2017,6,82.1
C0EC,2017,7,82.2
C0EC,2017,8,82.6
C0EC,2017,9,85.5
C0EC,2017,10,86.0
C0EC,2017,11,83.6
C0EC,2017,12,86.5
C0DE,2017,1,91.3
C0DE,2017,2,84.9
C0DE,2017,3,83.5
C0DE,2017,4,81.9
C0DE,2017,5,82.3
C0DE,2017,6,89.4
C0DE,2017,7,87.9
C0DE,2017,8,89.1
C0DE,2017,9,91.8
C0DE,2017,10,89.6
C0DE,2017,11,90.6
C0DE,2017,12,93.3
C017,2017,1,83.7
C017,2017,2,76.7
C017,2017,3,76.5
C017,2017,4,76.9
C017,2017,5,80.1
C017,2017,6,87.8
C017,2017,7,89.1
C017,2017,8,88.0
C017,2017,9,90.7
C017,2017,10,89.7
C017,2017,11,85.7
C017,2017,12,89.6
C0F4,2017,1,77.3
C0F4,2017,2,70.7
C0F4,2017,3,70.2
C0F4,2017,4,68.2
C0F4,2017,5,70.4
C0F4,2017,6,78.2
C0F4,2017,7,79.7
C0F4,2017,8,79.7
C0F4,2017,9,84.3
C0F4,2017,10,85.0
C0F4,2017,11,82.8
C0F4,2017,12,85.2
C0D1,2017,1,85.7
C0D1,2017,2,79.8
C0D1,2017,3,77.7
C0D1,2017,4,74.7
C0D1,2017,5,74.4
C0D1,2017,6,82.0
C0D1,2017,7,79.6
C0D1,2017,8,79.3
C0D1,2017,9,84.4
C0D1,2017,10,84.8
C0D1,2017,11,87.0
C0D1,2017,12,92.0
C043,2017,1,87.4
C043,2017,2,81.1
C043,2017,3,78.8
C043,2017,4,76.9
C043,2017,5,77.4
C043,2017,6,86.0
C043,2017,7,84.4
C043,2017,8,84.0
C043,2017,9,88.5
C043,2017,10,86.8
C043,2017,11,85.6
C043,2017,12,99.3
C0D2,2017,1,85.9
C0D2,2017,2,79.4
C0D2,2017,3,76.1
C0D2,2017,4,72.7
C0D2,2017,5,71.3
C0D2,2017,6,78.1
C0D2,2017,7,75.0
C0D2,2017,8,75.2
C0D2,2017,9,81.5
C0D2,2017,10,82.2
C0D2,2017,11,87.5
C0D2,2017,12,90.4
C007,2017,1,74.6
C007,2017,2,71.4
C007,2017,3,74.3
C007,2017,4,74.0
C007,2017,5,77.5
C007,2017,6,84.8
C007,2017,7,88.0
C007,2017,8,88.3
C007,2017,9,91.1
C0D0,2017,1,84.5
C0D0,2017,2,76.1
C0D0,2017,3,73.2
C0D0,2017,4,73.1
C0D0,2017,5,71.9
C0D0,2017,6,81.8
C0D0,2017,7,79.9
C0D0,2017,8,79.1
C0D0,2017,9,86.2
C0D0,2017,10,82.0
C0D0,2017,11,84.0
C0D0,2017,12,85.9
C064,2017,1,75.1
C064,2017,2,72.0
C064,2017,3,72.8
C064,2017,4,72.9
C064,2017,5,76.5
C064,2017,6,82.6
C064,2017,7,83.3
C064,2017,8,80.6
C064,2017,9,80.3
C064,2017,10,80.6
C064,2017,11,73.4
C064,2017,12,77.8
C028,2017,1,80.4
C028,2017,2,77.9
C028,2017,3,75.7
C028,2017,4,71.8
C028,2017,5,71.6
C028,2017,6,83.5
C028,2017,7,83.0
C028,2017,8,81.6
C028,2017,9,81.7
C028,2017,10,74.8
C028,2017,11,76.5
C028,2017,12,82.8
C029,2017,1,83.5
C029,2017,2,76.7
C029,2017,3,74.9
C029,2017,4,74.8
C029,2017,5,76.7
C029,2017,6,85.0
C029,2017,7,84.6
C029,2017,8,84.5
C029,2017,9,86.9
C029,2017,10,85.6
C029,2017,11,84.1
C029,2017,12,86.6
C076,2018,1,90.3
C076,2018,2,89.5
C076,2018,3,78.5
C076,2018,4,79.2
C076,2018,5,86.1
C076,2018,6,82.7
C076,2018,7,82.1
C076,2018,8,78.9
C076,2018,9,79.0
C076,2018,10,84.4
C076,2018,11,82.8
C076,2018,12,87.3
C0A4,2018,1,87.3
C0A4,2018,2,86.1
C0A4,2018,3,75.1
C0A4,2018,4,75.3
C0A4,2018,5,81.6
C0A4,2018,6,79.2
C0A4,2018,7,77.5
C0A4,2018,8,74.0
C0A4,2018,9,77.0
C0A4,2018,10,81.2
C0A4,2018,11,81.8
C0A4,2018,12,85.9
C056,2018,1,91.7
C056,2018,2,90.4
C056,2018,3,78.3
C056,2018,4,72.9
C056,2018,5,81.4
C056,2018,6,78.7
C056,2018,7,78.3
C056,2018,8,74.2
C056,2018,9,74.7
C056,2018,10,80.8
C056,2018,11,80.1
C056,2018,12,85.9
C035,2018,1,89.8
C035,2018,2,91.2
C035,2018,3,76.7
C035,2018,4,77.7
C035,2018,5,85.6
C035,2018,6,85.1
C035,2018,7,86.1
C035,2018,8,83.0
C035,2018,9,80.3
C035,2018,10,85.8
C035,2018,11,83.6
C035,2018,12,86.5
C0A3,2018,1,89.0
C0A3,2018,2,86.4
C0A3,2018,3,78.6
C0A3,2018,4,77.9
C0A3,2018,5,82.1
C0A3,2018,6,80.3
C0A3,2018,7,79.4
C0A3,2018,8,76.4
C0A3,2018,9,79.8
C0A3,2018,10,85.6
C0A3,2018,11,91.9
C0A3,2018,12,91.4
C016,2018,1,89.6
C016,2018,2,89.9
C016,2018,3,76.2
C016,2018,4,77.2
C016,2018,5,85.9
C025,2018,1,89.6
C025,2018,2,92.1
C025,2018,3,79.7
C025,2018,4,80.5
C025,2018,5,90.7
C025,2018,6,90.2
C025,2018,7,91.5
C025,2018,8,85.0
C025,2018,9,82.1
C025,2018,10,86.2
C025,2018,11,86.0
C025,2018,12,88.1
C0A2,2018,1,94.8
C0A2,2018,2,92.3
C0A2,2018,3,81.6
C0A2,2018,4,77.8
C0A2,2018,5,90.8
C0A2,2018,6,82.3
C0A2,2018,7,83.1
C0A2,2018,8,79.9
C0A2,2018,9,75.4
C0A2,2018,10,80.4
C0A2,2018,11,82.3
C0A2,2018,12,88.2
C034,2018,1,86.0
C034,2018,2,84.9
C034,2018,3,73.0
C034,2018,4,81.1
C034,2018,5,81.9
C034,2018,6,81.2
C034,2018,7,79.4
C034,2018,8,73.4
C034,2018,9,74.8
C034,2018,10,81.3
C034,2018,11,84.4
C034,2018,12,89.6
C0AA,2018,1,93.3
C0AA,2018,2,89.9
C0AA,2018,3,80.8
C0AA,2018,4,82.0
C0AA,2018,5,88.8
C0AA,2018,6,87.2
C0AA,2018,7,86.8
C0AA,2018,8,83.2
C0AA,2018,9,82.3
C0AA,2018,10,87.3
C0AA,2018,11,89.8
C0AA,2018,12,94.9
C067,2018,1,88.1
C067,2018,2,87.4
C067,2018,3,69.9
C067,2018,4,73.9
C067,2018,5,79.0
C067,2018,6,80.2
C067,2018,7,78.4
C067,2018,8,76.7
C067,2018,9,74.1
C067,2018,10,77.9
C067,2018,11,75.4
C067,2018,12,82.2
C040,2018,1,84.1
C040,2018,2,84.2
C040,2018,3,72.3
C040,2018,4,73.1
C040,2018,5,81.6
C040,2018,6,80.2
C040,2018,7,83.1
C040,2018,8,80.0
C040,2018,9,80.6
C040,2018,10,83.9
C040,2018,11,82.1
C040,2018,12,86.2
C044,2018,1,94.9
C044,2018,2,93.0
C044,2018,3,82.7
C044,2018,4,83.5
C044,2018,5,88.8
C044,2018,6,88.2
C044,2018,7,89.3
C044,2018,8,86.9
C044,2018,9,86.1
C044,2018,10,90.4
C044,2018,11,90.3
C044,2018,12,91.9
C048,2018,1,89.8
C048,2018,2,95.0
C048,2018,3,88.1
C048,2018,4,81.8
C048,2018,5,87.0
C048,2018,6,80.6
C048,2018,7,86.6
C048,2018,8,82.7
C048,2018,9,79.8
C048,2018,10,88.6
C048,2018,11,88.4
C048,2018,12,82.0
C068,2018,1,88.2
C068,2018,2,84.1
C068,2018,3,75.0
C068,2018,4,72.4
C068,2018,5,82.2
C068,2018,6,80.0
C068,2018,7,78.7
C068,2018,8,75.8
C068,2018,9,73.0
C068,2018,10,78.6
C068,2018,11,77.8
C068,2018,12,83.8
C024,2018,1,90.9
C024,2018,2,91.6
C024,2018,3,84.6
C024,2018,4,79.7
C024,2018,5,87.4
C024,2018,6,84.2
C024,2018,7,83.6
C024,2018,8,80.1
C024,2018,9,77.7
C024,2018,10,85.9
C024,2018,11,88.9
C024,2018,12,87.9
C00A,2018,1,88.0
C00A,2018,2,82.7
C00A,2018,3,77.9
C00A,2018,4,79.6
C00A,2018,5,80.6
C00A,2018,6,78.0
C00A,2018,7,74.0
C00A,2018,8,67.8
C00A,2018,9,75.1
C00A,2018,10,84.1
C00A,2018,11,92.2
C00A,2018,12,86.7
C047,2018,1,95.2
C047,2018,2,97.5
C047,2018,3,93.6
C047,2018,4,85.1
C047,2018,5,90.2
C047,2018,6,82.7
C047,2018,7,86.9
C047,2018,8,83.7
C047,2018,9,83.9
C047,2018,10,99.7
C047,2018,11,93.5
C047,2018,12,82.1
C031,2018,1,83.3
C031,2018,2,81.5
C031,2018,3,71.4
C031,2018,4,73.5
C031,2018,5,68.6
C031,2018,6,67.2
C031,2018,7,66.9
C031,2018,8,61.1
C031,2018,9,65.4
C031,2018,10,70.0
C031,2018,11,77.8
C031,2018,12,75.3
C041,2018,1,92.4
C041,2018,2,91.2
C041,2018,3,81.7
C041,2018,4,82.3
C041,2018,5,86.8
C041,2018,6,83.6
C041,2018,7,82.0
C041,2018,8,79.0
C041,2018,9,80.3
C041,2018,10,87.0
C041,2018,11,91.5
C041,2018,12,92.6
C055,2018,1,89.9
C055,2018,2,85.2
C055,2018,3,75.3
C055,2018,4,74.8
C055,2018,5,82.3
C055,2018,6,81.3
C055,2018,7,81.2
C055,2018,8,77.6
C055,2018,9,77.3
C055,2018,10,81.8
C055,2018,11,82.1
C055,2018,12,86.3
C060,2018,1,78.6
C060,2018,2,74.8
C060,2018,3,68.2
C060,2018,4,70.6
C060,2018,5,69.7
C060,2018,6,68.9
C060,2018,7,70.6
C060,2018,8,63.7
C060,2018,9,69.4
C060,2018,10,73.4
C060,2018,11,80.2
C060,2018,12,78.7
C0A1,2018,1,85.1
C0A1,2018,2,85.0
C0A1,2018,3,74.0
C0A1,2018,4,76.2
C0A1,2018,5,82.9
C0A1,2018,6,81.5
C0A1,2018,7,79.3
C0A1,2018,8,77.0
C0A1,2018,9,78.2
C0A1,2018,10,82.2
C0A1,2018,11,80.5
C0A1,2018,12,84.5
C021,2018,1,92.7
C021,2018,2,93.6
C021,2018,3,86.6
C021,2018,4,83.8
C021,2018,5,91.0
C021,2018,6,86.7
C021,2018,7,85.3
C021,2018,8,80.6
C021,2018,9,78.2
C021,2018,10,87.0
C030,2018,1,88.5
C030,2018,2,85.6
C030,2018,3,74.8
C030,2018,4,73.4
C030,2018,5,83.0
C030,2018,6,79.8
C030,2018,7,78.4
C030,2018,8,73.9
C030,2018,9,72.7
C030,2018,10,78.7
C030,2018,11,79.9
C030,2018,12,86.8
C051,2018,1,79.5
C051,2018,2,80.9
C051,2018,3,64.0
C051,2018,4,69.5
C051,2018,5,77.6
C051,2018,6,78.7
C051,2018,7,78.4
C051,2018,8,76.5
C051,2018,9,73.7
C051,2018,10,76.9
C051,2018,11,72.7
C051,2018,12,76.5
C0A0,2018,1,93.0
C0A0,2018,2,91.6
C0A0,2018,3,80.6
C0A0,2018,4,78.2
C0A0,2018,5,84.6
C0A0,2018,6,84.8
C0A0,2018,7,83.7
C0A0,2018,8,81.3
C0A0,2018,9,79.9
C0A0,2018,10,87.1
C0A0,2018,11,87.8
C0A0,2018,12,90.3
C049,2018,1,86.4
C049,2018,2,83.7
C049,2018,3,72.3
C049,2018,4,74.8
C049,2018,5,78.3
C049,2018,6,76.2
C049,2018,7,74.4
C049,2018,8,70.4
C049,2018,9,71.6
C049,2018,10,78.1
C049,2018,11,80.1
C049,2018,12,85.6
C00B,2018,1,83.9
C00B,2018,2,86.0
C00B,2018,3,73.4
C00B,2018,4,78.2
C00B,2018,5,81.3
C00B,2018,6,79.3
C00B,2018,7,80.3
C00B,2018,8,75.3
C00B,2018,9,75.3
C00B,2018,10,80.6
C00B,2018,11,81.8
C00B,2018,12,83.5
C020,2018,1,82.5
C020,2018,2,81.9
C020,2018,3,73.4
C020,2018,4,75.8
C020,2018,5,81.0
C020,2018,6,79.8
C020,2018,7,77.6
C020,2018,8,72.5
C020,2018,9,75.3
C020,2018,10,80.5
C020,2018,11,81.5
C020,2018,12,85.5
C070,2018,1,92.7
C070,2018,3,73.5
C070,2018,4,70.1
C070,2018,5,78.8
C070,2018,6,83.0
C070,2018,7,85.8
C070,2018,8,82.0
C070,2018,9,79.9
C070,2018,10,85.3
C070,2018,11,85.5
C070,2018,12,82.8
C050,2018,1,81.9
C050,2018,2,82.2
C050,2018,3,70.2
C050,2018,4,77.9
C050,2018,5,76.0
C050,2018,6,74.6
C050,2018,7,72.2
C050,2018,8,66.3
C050,2018,9,71.4
C050,2018,10,76.1
C050,2018,11,80.5
C050,2018,12,84.4
C0B1,2018,1,84.8
C0B1,2018,2,85.4
C0B1,2018,3,66.0
C0B1,2018,4,75.0
C0B1,2018,5,83.3
C0B1,2018,6,85.3
C0B1,2018,7,85.7
C0B1,2018,8,83.9
C0B1,2018,9,84.5
C0B1,2018,10,84.3
C0B1,2018,11,78.0
C0B1,2018,12,81.5
C079,2018,1,95.3
C079,2018,2,99.0
C079,2018,3,94.1
C079,2018,4,71.2
C079,2018,5,78.8
C079,2018,6,81.0
C079,2018,7,80.9
C079,2018,8,79.9
C079,2018,9,78.8
C079,2018,10,81.0
C079,2018,11,77.0
C079,2018,12,84.8
C0C1,2018,1,89.2
C0C1,2018,2,84.0
C0C1,2018,3,66.9
C0C1,2018,4,72.9
C0C1,2018,5,77.1
C0C1,2018,6,79.3
C0C1,2018,7,78.9
C0C1,2018,8,76.6
C0C1,2018,9,77.4
C0C1,2018,10,78.9
C0C1,2018,11,76.5
C0C1,2018,12,82.5
C061,2018,1,89.6
C061,2018,2,97.2
C061,2018,3,77.1
C061,2018,5,83.7
C061,2018,8,85.7
C061,2018,9,85.3
C061,2018,10,83.1
C061,2018,11,74.3
C061,2018,12,74.6
C032,2018,1,83.3
C032,2018,2,85.0
C032,2018,3,67.4
C032,2018,4,74.0
C032,2018,5,78.9
C032,2018,6,80.5
C032,2018,7,79.5
C032,2018,8,78.9
C032,2018,9,77.3
C032,2018,10,80.3
C032,2018,11,78.3
C032,2018,12,85.0
C002,2018,1,83.5
C002,2018,2,85.3
C002,2018,3,68.4
C002,2018,4,76.3
C002,2018,5,82.3
C002,2018,6,83.6
C002,2018,7,84.4
C002,2018,8,83.8
C002,2018,9,84.3
C002,2018,10,84.1
C002,2018,11,79.5
C002,2018,12,82.6
C0C2,2018,1,86.8
C0C2,2018,2,87.0
C0C2,2018,3,71.4
C0C2,2018,4,76.7
C0C2,2018,5,81.0
C0C2,2018,6,82.9
C0C2,2018,7,81.9
C0C2,2018,8,79.0
C0C2,2018,9,80.8
C0C2,2018,10,83.1
C0C2,2018,11,81.0
C0C2,2018,12,84.0
C069,2018,1,82.1
C069,2018,2,84.2
C069,2018,3,69.1
C069,2018,4,78.0
C069,2018,5,88.4
C069,2018,6,92.3
C069,2018,7,94.7
C069,2018,8,92.1
C069,2018,9,90.7
C069,2018,10,85.9
C069,2018,11,76.5
C069,2018,12,78.1
C0B6,2018,1,92.9
C0B6,2018,2,92.3
C0B6,2018,4,76.1
C0B6,2018,5,85.2
C0B6,2018,6,86.2
C0B6,2018,7,86.1
C0B6,2018,8,86.3
C0B6,2018,9,84.2
C0B6,2018,10,86.4
C0B6,2018,11,83.9
C0B6,2018,12,91.3
C0BE,2018,5,83.8
C0BE,2018,6,85.4
C0BE,2018,7,86.5
C0BE,2018,8,86.3
C0BE,2018,9,86.4
C0BE,2018,10,86.5
C0BE,2018,11,80.6
C0BE,2018,12,84.5
C065,2018,1,87.7
C065,2018,2,95.4
C065,2018,3,77.0
C065,2018,4,75.9
C065,2018,5,86.7
C065,2018,6,88.3
C065,2018,7,91.2
C065,2018,8,84.9
C065,2018,9,82.4
C065,2018,10,82.3
C065,2018,11,78.0
C065,2018,12,70.9
C003,2018,1,83.5
C003,2018,2,79.3
C003,2018,3,62.7
C003,2018,4,69.3
C003,2018,5,79.0
C003,2018,6,80.9
C003,2018,7,82.8
C003,2018,8,81.7
C003,2018,9,81.2
C003,2018,10,80.1
C003,2018,11,73.0
C003,2018,12,78.0
C039,2018,1,80.1
C039,2018,2,83.6
C039,2018,3,63.4
C039,2018,4,73.7
C039,2018,5,84.3
C039,2018,6,87.2
C039,2018,7,87.9
C039,2018,8,83.8
C039,2018,9,82.2
C039,2018,10,80.8
C039,2018,11,72.0
C039,2018,12,73.5
C075,2018,1,87.4
C075,2018,2,89.1
C075,2018,3,74.0
C075,2018,4,76.9
C075,2018,5,86.8
C075,2018,6,88.1
C075,2018,7,87.9
C075,2018,8,86.3
C075,2018,9,83.3
C075,2018,10,85.5
C075,2018,11,80.6
C075,2018,12,86.0
C074,2018,1,89.1
C074,2018,2,89.0
C074,2018,3,72.7
C074,2018,4,74.5
C074,2018,5,84.4
C074,2018,6,85.6
C074,2018,7,85.7
C074,2018,8,84.9
C074,2018,9,83.1
C074,2018,10,86.3
C074,2018,11,80.7
C074,2018,12,87.6
C009,2018,1,82.8
C009,2018,2,83.1
C009,2018,3,64.7
C009,2018,4,70.2
C009,2018,5,78.2
C009,2018,6,78.9
C009,2018,7,78.0
C009,2018,8,76.3
C009,2018,9,75.3
C009,2018,10,77.0
C009,2018,11,74.2
C009,2018,12,77.7
C038,2018,1,75.4
C038,2018,2,77.0
C038,2018,3,60.5
C038,2018,4,69.6
C038,2018,5,78.0
C038,2018,6,81.1
C038,2018,7,81.1
C038,2018,8,78.8
C038,2018,9,80.3
C038,2018,12,70.8
C033,2018,1,86.4
C033,2018,2,87.3
C033,2018,3,68.7
C033,2018,4,71.8
C033,2018,5,82.3
C033,2018,6,83.4
C033,2018,7,82.7
C033,2018,8,80.6
C033,2018,9,77.6
C033,2018,10,79.5
C0BD,2018,1,88.3
C0BD,2018,2,87.1
C0BD,2018,3,74.0
C0BD,2018,4,77.7
C0BD,2018,5,84.1
C0BD,2018,6,85.2
C0BD,2018,7,86.2
C0BD,2018,8,85.4
C0BD,2018,9,84.8
C0BD,2018,10,86.2
C0BD,2018,11,82.7
C0BD,2018,12,86.2
C036,2018,1,97.5
C036,2018,2,85.0
C036,2018,3,69.3
C036,2018,4,71.9
C036,2018,5,82.0
C036,2018,6,82.6
C036,2018,7,82.2
C036,2018,8,79.8
C036,2018,9,76.9
C036,2018,10,70.3
C036,2018,11,74.1
C036,2018,12,83.9
C045,2018,1,97.0
C045,2018,3,91.7
C045,2018,4,85.6
C045,2018,5,93.2
C045,2018,6,96.5
C045,2018,7,96.4
C045,2018,8,90.0
C045,2018,9,86.9
C045,2018,10,88.9
C045,2018,11,92.5
C045,2018,12,84.0
C0B7,2018,1,84.6
C0B7,2018,2,84.6
C0B7,2018,3,68.2
C0B7,2018,4,72.3
C0B7,2018,5,81.5
C0B7,2018,6,82.2
C0B7,2018,7,82.9
C0B7,2018,8,81.6
C0B7,2018,9,79.6
C0B7,2018,10,80.6
C0B7,2018,11,73.9
C0B7,2018,12,81.9
C019,2018,1,85.4
C019,2018,2,87.4
C019,2018,3,75.7
C019,2018,4,77.1
C019,2018,5,88.0
C019,2018,6,90.9
C019,2018,7,94.2
C019,2018,8,88.5
C019,2018,9,87.3
C019,2018,10,86.4
C019,2018,11,76.4
C019,2018,12,78.5
C057,2018,1,55.7
C057,2018,2,46.8
C057,2018,3,59.3
C057,2018,4,66.6
C057,2018,5,80.2
C057,2018,6,83.9
C057,2018,7,85.9
C057,2018,8,84.8
C057,2018,9,84.9
C057,2018,10,82.8
C057,2018,11,75.2
C057,2018,12,80.1
C063,2018,1,86.1
C063,2018,2,87.7
C063,2018,3,69.9
C063,2018,4,76.5
C063,2018,5,82.2
C063,2018,6,83.4
C063,2018,7,83.7
C063,2018,8,83.3
C063,2018,9,83.1
C063,2018,10,84.1
C063,2018,11,78.9
C063,2018,12,83.0
C046,2018,2,93.9
C046,2018,3,83.6
C046,2018,4,79.2
C046,2018,5,89.2
C046,2018,6,88.0
C046,2018,7,92.4
C046,2018,8,87.7
C046,2018,9,82.2
C046,2018,10,86.8
C046,2018,11,82.1
C046,2018,12,75.7
C0BA,2018,1,85.2
C0BA,2018,2,86.2
C0BA,2018,3,71.4
C0BA,2018,4,78.9
C0BA,2018,5,84.4
C0BA,2018,6,86.4
C0BA,2018,7,86.6
C0BA,2018,8,86.5
C0BA,2018,9,85.8
C0BA,2018,10,86.0
C0BA,2018,11,83.7
C0BA,2018,12,84.8
C059,2018,1,84.0
C059,2018,2,97.5
C059,2018,3,76.8
C059,2018,4,73.1
C059,2018,5,78.8
C059,2018,6,80.2
C059,2018,7,80.2
C059,2018,8,77.2
C059,2018,9,78.0
C059,2018,10,78.2
C059,2018,11,76.0
C059,2018,12,75.9
C072,2018,1,88.2
C072,2018,2,94.2
C072,2018,3,82.1
C072,2018,4,80.7
C072,2018,5,88.6
C072,2018,6,88.0
C072,2018,7,91.0
C072,2018,8,85.4
C072,2018,9,81.3
C072,2018,10,85.5
C072,2018,11,85.8
C072,2018,12,82.6
C0B4,2018,1,89.1
C0B4,2018,2,89.3
C0B4,2018,3,74.1
C0B4,2018,4,77.3
C0B4,2018,5,84.9
C0B4,2018,6,86.1
C0B4,2018,7,85.2
C0B4,2018,8,84.0
C0B4,2018,10,83.7
C0B4,2018,11,80.1
C0B4,2018,12,82.3
C054,2018,1,90.9
C054,2018,2,90.1
C054,2018,3,77.6
C054,2018,4,78.8
C054,2018,5,87.4
C054,2018,6,86.5
C054,2018,7,86.6
C054,2018,11,81.6
C054,2018,12,86.7
C042,2018,1,76.3
C042,2018,2,77.6
C042,2018,3,64.8
C042,2018,4,73.2
C042,2018,5,82.8
C042,2018,6,84.5
C042,2018,7,86.9
C042,2018,8,84.2
C042,2018,9,84.5
C042,2018,10,84.7
C042,2018,11,75.0
C042,2018,12,75.0
C0B9,2018,1,83.6
C0B9,2018,2,86.6
C0B9,2018,3,69.0
C0B9,2018,4,77.2
C0B9,2018,5,85.0
C0B9,2018,6,85.9
C0B9,2018,7,86.3
C0B9,2018,8,84.5
C0B9,2018,9,84.5
C0B9,2018,10,85.4
C0B9,2018,11,79.6
C0B9,2018,12,81.0
C0C3,2018,1,88.8
C0C3,2018,2,87.4
C0C3,2018,3,69.8
C0C3,2018,4,75.0
C0C3,2018,5,81.5
C0C3,2018,6,83.4
C0C3,2018,7,81.6
C0C3,2018,8,80.0
C0C3,2018,9,79.4
C0C3,2018,10,83.5
C0C3,2018,11,80.8
C0C3,2018,12,89.6
C066,2018,1,88.1
C066,2018,2,94.4
C066,2018,3,79.5
C066,2018,4,79.2
C066,2018,5,89.8
C066,2018,6,90.4
C066,2018,7,93.0
C066,2018,8,87.5
C066,2018,9,82.1
C066,2018,10,84.9
C066,2018,11,81.1
C066,2018,12,77.9
C022,2018,1,93.4
C022,2018,2,94.4
C022,2018,3,82.4
C022,2018,4,81.4
C022,2018,5,91.6
C022,2018,6,91.1
C022,2018,7,93.1
C022,2018,8,89.3
C022,2018,9,87.4
C022,2018,10,90.1
C022,2018,11,87.3
C022,2018,12,90.0
C0B3,2018,1,88.5
C0B3,2018,2,92.1
C0B3,2018,3,71.9
C0B3,2018,4,73.9
C0B3,2018,5,82.2
C0B3,2018,6,87.0
C0B3,2018,7,88.0
C0B3,2018,8,82.7
C0B3,2018,9,79.8
C0B3,2018,10,82.1
C0B3,2018,11,77.2
C0B3,2018,12,83.2
C037,2018,1,84.7
C037,2018,2,89.4
C037,2018,3,69.4
C037,2018,4,75.4
C037,2018,5,86.5
C037,2018,6,82.5
C037,2018,7,82.0
C037,2018,8,80.1
C037,2018,9,78.4
C037,2018,10,78.3
C037,2018,11,72.4
C037,2018,12,74.3
C0E5,2018,2,85.5
C0E5,2018,3,70.8
C0E5,2018,4,71.8
C0E5,2018,5,82.9
C0E5,2018,6,82.0
C0E5,2018,7,83.0
C0E5,2018,8,82.3
C0E5,2018,9,80.1
C0E5,2018,10,83.5
C0E5,2018,11,78.7
C0E5,2018,12,87.5
C0DB,2018,1,89.2
C0DB,2018,2,86.9
C0DB,2018,3,73.3
C0DB,2018,4,74.7
C0DB,2018,5,83.4
C0DB,2018,6,82.6
C0DB,2018,7,82.8
C0DB,2018,8,81.6
C0DB,2018,9,80.1
C0DB,2018,10,84.8
C0DB,2018,11,80.0
C0DB,2018,12,88.0
C0D3,2018,1,88.3
C0D3,2018,2,87.9
C0D3,2018,3,71.7
C0D3,2018,4,75.6
C0D3,2018,5,84.9
C0D3,2018,6,86.2
C0D3,2018,7,86.7
C0D3,2018,8,86.5
C0D3,2018,9,84.9
C0D3,2018,10,86.3
C0D3,2018,11,80.8
C0D3,2018,12,85.9
C0DD,2018,1,82.0
C0DD,2018,2,84.9
C0DD,2018,3,67.7
C0DD,2018,4,73.8
C0DD,2018,5,85.5
C0DD,2018,6,86.7
C0DD,2018,7,88.1
C0DD,2018,8,87.6
C0DD,2018,9,87.2
C0DD,2018,10,87.2
C0DD,2018,11,77.5
C0DD,2018,12,79.9
C0E9,2018,1,96.1
C0E9,2018,2,92.6
C0E9,2018,3,78.6
C0E9,2018,4,81.1
C0E9,2018,5,88.8
C0E9,2018,6,89.0
C0E9,2018,7,88.4
C0E9,2018,8,87.3
C0E9,2018,9,86.2
C0E9,2018,10,90.8
C0E9,2018,11,90.9
C0E9,2018,12,96.2
C078,2018,1,87.2
C078,2018,2,86.4
C078,2018,3,71.6
C078,2018,4,74.9
C078,2018,5,83.2
C078,2018,6,84.0
C078,2018,7,85.1
C078,2018,8,84.5
C078,2018,9,82.9
C078,2018,10,83.9
C078,2018,11,79.0
C078,2018,12,84.8
C052,2018,1,84.8
C052,2018,2,82.5
C052,2018,3,67.7
C052,2018,4,70.1
C052,2018,5,83.6
C052,2018,6,85.7
C052,2018,7,86.1
C052,2018,8,85.3
C052,2018,9,82.8
C052,2018,10,82.1
C052,2018,11,74.4
C052,2018,12,82.9
C0E1,2018,1,91.4
C0E1,2018,2,91.6
C0E1,2018,3,72.1
C0E1,2018,4,74.6
C0E1,2018,5,88.7
C0E1,2018,6,84.9
C077,2018,1,92.6
C077,2018,2,91.9
C077,2018,3,75.8
C077,2018,4,78.0
C077,2018,5,90.1
C077,2018,6,92.5
C077,2018,7,91.8
C077,2018,8,90.8
C077,2018,9,89.5
C077,2018,10,90.3
C077,2018,11,84.2
C077,2018,12,91.3
C080,2018,1,94.5
C080,2018,2,93.7
C080,2018,3,80.6
C080,2018,4,81.6
C080,2018,5,92.8
C080,2018,6,91.0
C080,2018,7,89.8
C080,2018,8,89.1
C080,2018,9,90.6
C080,2018,10,90.2
C080,2018,11,84.8
C080,2018,12,92.1
C0E8,2018,2,88.7
C0E8,2018,3,72.0
C0E8,2018,4,76.4
C0E8,2018,5,85.7
C0E8,2018,6,86.7
C0E8,2018,7,85.5
C0E8,2018,8,84.4
C0E8,2018,9,83.2
C0E8,2018,10,86.6
C0E8,2018,11,84.9
C0E8,2018,12,91.1
C023,2018,1,84.2
C023,2018,2,84.6
C023,2018,3,70.3
C023,2018,4,71.6
C023,2018,5,80.8
C023,2018,6,81.0
C023,2018,7,80.9
C023,2018,8,78.1
C023,2018,9,75.5
C023,2018,10,79.0
C023,2018,11,75.6
C023,2018,12,78.2
C084,2018,3,65.8
C084,2018,4,69.8
C084,2018,5,81.2
C084,2018,6,84.2
C084,2018,7,82.4
C084,2018,8,80.5
C084,2018,9,79.0
C084,2018,10,81.7
C084,2018,11,75.8
C084,2018,12,78.9
C0EA,2018,1,93.3
C0EA,2018,2,89.0
C0EA,2018,3,72.9
C0EA,2018,4,77.4
C0EA,2018,5,86.0
C0EA,2018,6,87.4
C0EA,2018,7,86.0
C0EA,2018,8,86.1
C0EA,2018,9,84.4
C0EA,2018,10,88.5
C0EA,2018,11,87.1
C0EA,2018,12,93.3
C026,2018,1,88.2
C026,2018,2,88.0
C026,2018,3,72.3
C026,2018,4,74.0
C058,2018,1,85.5
C058,2018,2,88.5
C058,2018,3,74.1
C058,2018,4,74.5
C058,2018,5,87.1
C058,2018,6,86.6
C0F0,2018,1,92.0
C0F0,2018,2,91.0
C0F0,2018,3,73.8
C0F0,2018,4,79.5
C0F0,2018,5,89.6
C0F0,2018,6,91.6
C0F0,2018,7,90.8
C0F0,2018,8,90.8
C0F0,2018,9,91.2
C0F0,2018,10,92.1
C0F0,2018,11,87.6
C0F0,2018,12,93.3
C0F1,2018,1,85.2
C0F1,2018,2,88.1
C0F1,2018,3,76.3
C0F1,2018,4,75.6
C0F1,2018,5,90.4
C0F1,2018,6,88.9
C0F1,2018,7,90.9
C0F1,2018,8,88.6
C0F1,2018,9,83.5
C0F1,2018,10,86.8
C0F1,2018,11,77.8
C0F1,2018,12,77.7
C0E7,2018,1,92.0
C0E7,2018,2,90.0
C0E7,2018,3,73.2
C0E7,2018,4,74.8
C0E7,2018,5,84.2
C0E7,2018,6,83.3
C0E7,2018,7,82.6
C0E7,2018,8,81.4
C0E7,2018,9,78.0
C0E7,2018,10,83.9
C0E7,2018,11,81.5
C0E7,2018,12,91.3
C018,2018,1,77.5
C018,2018,2,78.2
C018,2018,3,65.7
C018,2018,4,70.9
C018,2018,5,82.2
C018,2018,6,83.1
C018,2018,7,81.9
C018,2018,8,79.3
C0DC,2018,1,94.6
C0DC,2018,2,93.4
C0DC,2018,3,78.4
C0DC,2018,4,81.9
C0DC,2018,5,91.0
C0DC,2018,6,91.0
C0DC,2018,7,91.8
C0DC,2018,8,90.7
C0DC,2018,9,89.4
C0DC,2018,10,90.5
C0DC,2018,11,86.4
C0DC,2018,12,93.2
C071,2018,1,86.9
C071,2018,2,89.9
C071,2018,3,77.1
C071,2018,4,76.8
C071,2018,5,90.9
C071,2018,6,91.1
C071,2018,7,96.1
C071,2018,8,91.2
C071,2018,9,85.4
C071,2018,10,86.9
C071,2018,11,75.1
C071,2018,12,77.4
C0EC,2018,1,85.5
C0EC,2018,2,86.5
C0EC,2018,3,68.6
C0EC,2018,4,72.5
C0EC,2018,5,85.2
C0EC,2018,6,86.4
C0EC,2018,7,85.7
C0EC,2018,8,84.5
C0EC,2018,9,84.2
C0EC,2018,10,85.4
C0EC,2018,11,75.3
C0EC,2018,12,80.2
C0DE,2018,1,92.3
C0DE,2018,2,90.7
C0DE,2018,3,75.4
C0DE,2018,4,78.0
C0DE,2018,5,88.0
C0DE,2018,6,88.3
C0DE,2018,7,89.4
C0DE,2018,8,88.9
C0DE,2018,9,86.3
C0DE,2018,10,88.1
C0DE,2018,11,81.9
C0DE,2018,12,92.6
C017,2018,1,89.2
C017,2018,2,91.7
C017,2018,3,74.0
C017,2018,4,77.3
C017,2018,5,92.6
C017,2018,6,93.9
C017,2018,7,92.6
C017,2018,8,92.9
C017,2018,9,91.4
C017,2018,10,90.7
C017,2018,11,81.7
C017,2018,12,86.0
C0F4,2018,1,84.2
C0F4,2018,2,84.2
C0F4,2018,3,67.7
C0F4,2018,4,72.1
C0F4,2018,5,82.3
C0F4,2018,6,83.7
C0F4,2018,7,83.3
C0F4,2018,8,82.1
C0F4,2018,9,81.0
C0F4,2018,10,82.5
C0F4,2018,11,77.6
C0F4,2018,12,83.9
C0D1,2018,1,92.0
C0D1,2018,2,90.3
C0D1,2018,3,73.7
C0D1,2018,4,75.9
C0D1,2018,5,82.7
C0D1,2018,6,82.4
C0D1,2018,7,81.9
C0D1,2018,8,81.2
C0D1,2018,9,79.1
C0D1,2018,10,83.6
C0D1,2018,11,81.1
C0D1,2018,12,89.6
C043,2018,1,99.2
C043,2018,2,99.2
C043,2018,3,80.9
C043,2018,4,77.0
C043,2018,5,90.8
C043,2018,6,92.1
C043,2018,7,93.5
C043,2018,8,90.7
C043,2018,9,85.8
C043,2018,10,87.9
C043,2018,11,82.9
C043,2018,12,93.5
C0D2,2018,1,90.2
C0D2,2018,2,88.9
C0D2,2018,3,73.7
C0D2,2018,4,75.6
C0D2,2018,5,81.4
C0D2,2018,6,80.7
C0D2,2018,7,79.5
C0D2,2018,8,78.7
C0D2,2018,9,77.3
C0D2,2018,10,83.1
C0D2,2018,11,81.7
C0D2,2018,12,87.6
C007,2018,4,75.5
C007,2018,5,84.3
C007,2018,6,86.4
C007,2018,7,86.6
C007,2018,8,85.2
C0D0,2018,1,85.7
C0D0,2018,2,86.0
C0D0,2018,3,71.4
C0D0,2018,4,74.4
C0D0,2018,5,83.6
C0D0,2018,7,83.8
C0D0,2018,8,82.2
C0D0,2018,9,79.9
C0D0,2018,10,82.1
C0D0,2018,11,74.6
C0D0,2018,12,80.7
C064,2018,1,78.3
C064,2018,2,80.9
C064,2018,3,65.5
C064,2018,4,73.3
C064,2018,5,85.3
C064,2018,6,87.1
C064,2018,7,86.8
C064,2018,8,84.0
C064,2018,9,82.3
C064,2018,10,81.9
C064,2018,11,70.6
C064,2018,12,75.8
C028,2018,1,82.9
C028,2018,2,85.3
C028,2018,3,71.7
C028,2018,4,73.3
C028,2018,5,85.3
C028,2018,6,84.4
C028,2018,9,79.6
C028,2018,10,83.3
C028,2018,11,76.2
C028,2018,12,78.5
C029,2018,1,85.3
C029,2018,2,86.6
C029,2018,3,69.1
C029,2018,4,74.5
C029,2018,5,87.1
C029,2018,6,89.2
C029,2018,7,89.1
C029,2018,8,87.5
C029,2018,9,85.2
C029,2018,10,85.3
C029,2018,11,75.2
C029,2018,12,81.5
C076,2019,1,90.4
C076,2019,2,79.9
C076,2019,3,75.1
C076,2019,4,77.6
C076,2019,5,78.2
C076,2019,6,70.2
C076,2019,7,74.3
C076,2019,8,75.5
C076,2019,9,77.9
C076,2019,10,79.9
C076,2019,11,87.3
C076,2019,12,87.0
C0A4,2019,1,86.7
C0A4,2019,2,75.4
C0A4,2019,3,71.4
C0A4,2019,4,75.7
C0A4,2019,5,74.7
C0A4,2019,6,66.7
C0A4,2019,7,68.7
C0A4,2019,8,72.6
C0A4,2019,9,75.3
C0A4,2019,10,76.5
C0A4,2019,11,83.3
C0A4,2019,12,83.5
C056,2019,1,89.8
C056,2019,2,72.6
C056,2019,3,72.0
C056,2019,4,76.2
C056,2019,5,76.8
C056,2019,6,68.7
C056,2019,7,72.6
C056,2019,8,75.5
C056,2019,9,76.0
C056,2019,10,78.2
C056,2019,11,87.3
C056,2019,12,86.6
C035,2019,1,91.4
C035,2019,2,73.8
C035,2019,3,70.6
C035,2019,4,75.5
C035,2019,5,77.5
C035,2019,6,74.2
C035,2019,7,78.4
C035,2019,8,79.0
C035,2019,9,81.6
C035,2019,10,81.7
C035,2019,11,89.0
C035,2019,12,85.3
C0A3,2019,1,91.4
C0A3,2019,2,82.8
C0A3,2019,3,78.3
C0A3,2019,4,81.8
C0A3,2019,5,81.0
C0A3,2019,6,70.4
C0A3,2019,7,74.6
C0A3,2019,8,77.3
C0A3,2019,9,82.4
C0A3,2019,10,87.4
C0A3,2019,11,94.9
C0A3,2019,12,93.4
C016,2019,3,73.3
C016,2019,4,76.6
C016,2019,5,76.9
C016,2019,6,70.3
C016,2019,7,72.3
C016,2019,8,73.6
C016,2019,9,74.7
C016,2019,10,76.4
C016,2019,11,82.2
C016,2019,12,83.4
C025,2019,1,91.2
C025,2019,2,75.4
C025,2019,3,77.7
C025,2019,4,83.0
C025,2019,5,83.6
C025,2019,6,80.7
C025,2019,7,78.5
C025,2019,8,86.9
C025,2019,9,86.6
C025,2019,10,88.3
C025,2019,11,93.9
C025,2019,12,88.2
C0A2,2019,1,91.4
C0A2,2019,2,71.7
C0A2,2019,3,71.2
C0A2,2019,4,74.7
C0A2,2019,5,77.7
C0A2,2019,6,67.9
C0A2,2019,7,72.0
C0A2,2019,8,74.6
C0A2,2019,9,76.9
C0A2,2019,11,87.4
C0A2,2019,12,86.3
C034,2019,1,88.8
C034,2019,2,80.8
C034,2019,3,71.8
C034,2019,4,77.9
C034,2019,5,73.8
C034,2019,6,68.5
C034,2019,7,71.8
C034,2019,8,71.3
C034,2019,9,74.6
C034,2019,10,78.8
C034,2019,11,87.1
C034,2019,12,89.5
C0AA,2019,3,73.0
C0AA,2019,4,77.2
C0AA,2019,5,77.2
C0AA,2019,6,69.3
C0AA,2019,7,71.7
C0AA,2019,8,74.7
C0AA,2019,9,76.0
C0AA,2019,10,78.4
C0AA,2019,11,85.6
C0AA,2019,12,86.0
C067,2019,1,87.2
C067,2019,2,70.0
C067,2019,3,69.1
C067,2019,4,70.7
C067,2019,5,73.0
C067,2019,6,69.0
C067,2019,7,71.5
C067,2019,8,71.5
C067,2019,9,73.3
C067,2019,10,74.9
C067,2019,11,83.3
C067,2019,12,77.5
C040,2019,1,90.1
C040,2019,2,75.3
C040,2019,3,72.6
C040,2019,4,76.3
C040,2019,5,75.5
C040,2019,6,71.4
C040,2019,7,76.6
C040,2019,8,79.6
C040,2019,9,78.4
C040,2019,10,79.0
C040,2019,11,85.3
C040,2019,12,85.2
C044,2019,1,92.6
C044,2019,2,83.4
C044,2019,3,79.3
C044,2019,4,82.2
C044,2019,5,81.7
C044,2019,6,78.7
C044,2019,7,83.9
C044,2019,8,86.1
C044,2019,9,87.8
C044,2019,10,90.8
C044,2019,11,94.8
C044,2019,12,92.1
C048,2019,1,89.3
C048,2019,2,69.4
C048,2019,3,72.3
C048,2019,4,80.3
C048,2019,5,77.5
C048,2019,6,66.2
C048,2019,7,73.9
C048,2019,8,74.3
C048,2019,9,80.9
C048,2019,10,81.4
C048,2019,11,95.4
C048,2019,12,77.1
C068,2019,1,86.1
C068,2019,2,67.4
C068,2019,3,69.1
C068,2019,4,74.1
C068,2019,5,75.4
C068,2019,6,65.6
C068,2019,7,70.0
C068,2019,8,73.2
C068,2019,9,74.0
C068,2019,10,77.3
C068,2019,11,86.7
C068,2019,12,85.7
C024,2019,1,90.4
C024,2019,2,74.9
C024,2019,3,74.8
C024,2019,4,81.3
C024,2019,5,80.5
C024,2019,6,67.2
C024,2019,7,73.5
C024,2019,8,75.7
C024,2019,9,81.0
C024,2019,10,86.1
C024,2019,11,94.7
C024,2019,12,87.3
C00A,2019,1,83.8
C00A,2019,2,78.7
C00A,2019,3,73.7
C00A,2019,4,79.3
C00A,2019,5,77.3
C00A,2019,10,75.2
C00A,2019,11,82.0
C047,2019,1,82.0
C047,2019,2,84.0
C047,2019,3,77.0
C047,2019,4,82.0
C047,2019,5,80.5
C047,2019,6,69.8
C047,2019,7,76.4
C047,2019,8,77.8
C047,2019,9,82.9
C047,2019,10,86.4
C047,2019,11,97.3
C047,2019,12,79.3
C031,2019,1,70.6
C031,2019,2,65.0
C031,2019,3,57.6
C031,2019,4,64.2
C031,2019,5,59.0
C031,2019,6,51.6
C031,2019,7,57.0
C031,2019,8,58.4
C031,2019,9,64.5
C031,2019,10,69.6
C031,2019,11,76.1
C031,2019,12,76.6
C041,2019,1,92.4
C041,2019,2,82.7
C041,2019,3,76.5
C041,2019,4,81.5
C041,2019,5,79.5
C041,2019,6,69.7
C041,2019,7,75.1
C041,2019,8,77.2
C041,2019,9,81.5
C041,2019,10,85.2
C041,2019,11,93.9
C041,2019,12,92.1
C055,2019,1,86.4
C055,2019,2,73.8
C055,2019,3,71.0
C055,2019,4,75.0
C055,2019,5,76.0
C055,2019,6,69.7
C055,2019,7,72.2
C055,2019,8,75.7
C055,2019,9,77.4
C055,2019,10,80.6
C055,2019,11,85.6
C055,2019,12,85.3
C060,2019,1,75.1
C060,2019,2,66.5
C060,2019,3,59.7
C060,2019,4,66.4
C060,2019,5,61.2
C060,2019,6,52.8
C060,2019,7,57.7
C060,2019,8,59.8
C060,2019,9,66.2
C060,2019,10,69.2
C060,2019,11,80.9
C060,2019,12,80.9
C0A1,2019,1,86.1
C0A1,2019,2,78.0
C0A1,2019,3,70.8
C0A1,2019,4,76.6
C0A1,2019,5,75.9
C0A1,2019,6,70.0
C0A1,2019,7,72.8
C0A1,2019,8,74.3
C0A1,2019,9,76.3
C0A1,2019,10,77.4
C0A1,2019,11,82.1
C0A1,2019,12,81.7
C021,2019,7,72.7
C021,2019,8,74.4
C021,2019,9,91.0
C021,2019,10,82.6
C021,2019,11,92.2
C021,2019,12,83.2
C030,2019,1,89.0
C030,2019,2,71.3
C030,2019,3,71.5
C030,2019,4,76.1
C030,2019,5,80.1
C030,2019,8,75.0
C030,2019,9,74.1
C030,2019,10,77.0
C030,2019,11,86.4
C030,2019,12,86.2
C051,2019,1,84.1
C051,2019,2,68.4
C051,2019,3,67.4
C051,2019,4,68.5
C051,2019,5,71.4
C051,2019,6,68.5
C051,2019,7,70.3
C051,2019,8,71.2
C051,2019,9,72.5
C051,2019,10,71.1
C051,2019,11,78.1
C051,2019,12,75.6
C0A0,2019,1,91.8
C0A0,2019,2,80.1
C0A0,2019,3,74.5
C0A0,2019,4,76.7
C0A0,2019,5,77.6
C0A0,2019,6,77.3
C0A0,2019,7,79.8
C0A0,2019,8,81.9
C0A0,2019,9,86.4
C0A0,2019,10,89.9
C0A0,2019,11,96.3
C0A0,2019,12,93.1
C049,2019,1,85.0
C049,2019,2,77.5
C049,2019,3,69.4
C049,2019,4,72.2
C049,2019,5,70.4
C049,2019,6,63.9
C049,2019,7,67.5
C049,2019,8,68.3
C049,2019,9,71.9
C049,2019,10,75.8
C049,2019,11,82.9
C049,2019,12,84.7
C00B,2019,1,84.7
C00B,2019,2,79.8
C00B,2019,3,71.8
C00B,2019,4,76.0
C00B,2019,5,72.1
C00B,2019,6,68.3
C00B,2019,7,70.7
C00B,2019,8,72.7
C00B,2019,9,76.2
C00B,2019,10,76.4
C00B,2019,11,81.7
C00B,2019,12,81.6
C020,2019,1,86.3
C020,2019,2,76.4
C020,2019,3,70.9
C020,2019,4,76.8
C020,2019,5,74.7
C020,2019,6,66.5
C020,2019,7,67.5
C020,2019,8,71.1
C020,2019,9,74.1
C020,2019,10,75.6
C020,2019,11,83.1
C020,2019,12,84.1
C070,2019,1,90.1
C070,2019,2,70.8
C070,2019,3,71.8
C070,2019,4,79.1
C070,2019,5,78.6
C070,2019,6,71.0
C070,2019,7,76.3
C070,2019,8,78.7
C070,2019,9,81.1
C070,2019,10,81.2
C070,2019,11,93.6
C070,2019,12,80.9
C050,2019,1,85.4
C050,2019,2,78.6
C050,2019,3,67.6
C050,2019,4,73.0
C050,2019,5,69.7
C050,2019,6,67.1
C050,2019,8,65.3
C050,2019,9,69.0
C050,2019,10,71.1
C050,2019,11,77.8
C050,2019,12,80.6
C0B1,2019,1,89.3
C0B1,2019,2,72.9
C0B1,2019,3,72.6
C0B1,2019,4,76.0
C0B1,2019,5,79.1
C0B1,2019,6,78.7
C0B1,2019,7,82.4
C0B1,2019,8,82.6
C0B1,2019,9,83.6
C0B1,2019,10,88.6
C0B1,2019,11,96.6
C0B1,2019,12,96.6
C079,2019,1,87.6
C079,2019,2,72.4
C079,2019,3,71.0
C079,2019,4,73.7
C079,2019,5,76.9
C079,2019,6,74.1
C079,2019,7,77.7
C079,2019,8,77.7
C079,2019,9,77.3
C079,2019,10,77.9
C079,2019,11,83.4
C079,2019,12,79.4
C0C1,2019,1,85.3
C0C1,2019,2,73.6
C0C1,2019,3,70.0
C0C1,2019,4,72.2
C0C1,2019,5,73.5
C0C1,2019,6,71.2
C0C1,2019,7,73.4
C0C1,2019,8,72.7
C0C1,2019,9,74.7
C0C1,2019,10,77.7
C061,2019,1,86.9
C061,2019,2,65.2
C061,2019,3,75.0
C061,2019,4,77.5
C061,2019,5,83.4
C061,2019,6,83.5
C061,2019,7,87.9
C061,2019,8,86.9
C061,2019,9,85.2
C061,2019,10,79.5
C061,2019,11,83.2
C061,2019,12,75.4
C032,2019,1,88.1
C032,2019,2,72.7
C032,2019,3,70.8
C032,2019,4,73.3
C032,2019,5,75.2
C032,2019,6,72.3
C032,2019,7,75.5
C032,2019,8,75.0
C032,2019,9,77.1
C032,2019,10,78.5
C032,2019,11,85.3
C032,2019,12,80.9
C002,2019,1,87.2
C002,2019,2,72.9
C002,2019,3,72.6
C002,2019,4,76.5
C002,2019,5,79.2
C002,2019,6,78.5
C002,2019,7,84.4
C002,2019,8,84.0
C002,2019,9,81.2
C002,2019,10,81.7
C002,2019,11,86.1
C002,2019,12,79.8
C0C2,2019,1,88.8
C0C2,2019,2,77.7
C0C2,2019,3,72.7
C0C2,2019,4,76.7
C0C2,2019,6,73.9
C0C2,2019,7,74.9
C0C2,2019,8,76.2
C0C2,2019,9,80.3
C0C2,2019,10,82.4
C0C2,2019,11,88.3
C0C2,2019,12,82.1
C069,2019,1,90.0
C069,2019,2,65.2
C069,2019,3,73.4
C069,2019,4,82.0
C069,2019,5,87.3
C069,2019,6,88.2
C069,2019,7,91.1
C069,2019,8,89.7
C069,2019,9,87.5
C069,2019,10,83.8
C069,2019,11,90.9
C069,2019,12,81.7
C0B6,2019,1,94.2
C0B6,2019,2,77.2
C0B6,2019,3,76.4
C0B6,2019,4,78.9
C0B6,2019,5,83.8
C0B6,2019,6,89.8
C0B6,2019,7,84.8
C0B6,2019,8,81.6
C0B6,2019,9,82.3
C0B6,2019,10,83.4
C0B6,2019,11,89.4
C0B6,2019,12,85.9
C0BE,2019,1,89.2
C0BE,2019,2,74.9
C0BE,2019,3,76.4
C0BE,2019,4,80.6
C0BE,2019,5,82.9
C0BE,2019,6,82.1
C0BE,2019,7,85.9
C0BE,2019,8,87.4
C0BE,2019,9,84.8
C0BE,2019,10,88.1
C0BE,2019,11,94.1
C0BE,2019,12,91.9
C065,2019,1,88.2
C065,2019,2,64.5
C065,2019,3,73.8
C065,2019,4,77.7
C065,2019,5,82.2
C065,2019,6,81.7
C065,2019,7,84.4
C065,2019,8,84.4
C065,2019,9,85.0
C065,2019,10,79.5
C065,2019,11,89.3
C065,2019,12,75.6
C003,2019,1,84.3
C003,2019,2,68.5
C003,2019,3,70.5
C003,2019,4,72.1
C003,2019,5,76.2
C003,2019,6,75.3
C003,2019,7,79.5
C003,2019,8,78.8
C003,2019,9,79.7
C003,2019,10,78.7
C003,2019,11,81.5
C003,2019,12,75.7
C039,2019,1,86.7
C039,2019,2,67.1
C039,2019,3,65.3
C039,2019,4,67.0
C039,2019,5,70.4
C039,2019,6,70.5
C039,2019,7,73.5
C039,2019,8,71.4
C039,2019,9,71.4
C039,2019,10,69.5
C039,2019,11,73.1
C039,2019,12,68.2
C075,2019,1,94.1
C075,2019,2,74.2
C075,2019,3,74.8
C075,2019,4,80.2
C075,2019,5,84.7
C075,2019,6,79.4
C075,2019,7,83.4
C075,2019,8,84.7
C075,2019,9,83.2
C075,2019,10,83.3
C075,2019,11,91.3
C075,2019,12,86.2
C074,2019,1,92.0
C074,2019,2,74.1
C074,2019,3,72.8
C074,2019,4,75.5
C074,2019,5,80.2
C074,2019,6,76.1
C074,2019,7,79.1
C074,2019,8,81.9
C074,2019,9,84.5
C074,2019,10,85.5
C074,2019,11,90.4
C074,2019,12,88.3
C009,2019,1,84.4
C009,2019,2,69.5
C009,2019,3,67.6
C009,2019,4,69.7
C009,2019,5,72.3
C009,2019,6,70.3
C009,2019,7,72.7
C009,2019,8,73.0
C009,2019,9,74.8
C009,2019,10,76.9
C009,2019,11,81.0
C009,2019,12,76.1
C038,2019,1,78.3
C038,2019,2,63.1
C038,2019,3,65.0
C038,2019,4,67.9
C038,2019,5,71.5
C038,2019,6,71.3
C038,2019,7,73.6
C038,2019,8,72.5
C038,2019,9,72.7
C038,2019,10,71.4
C038,2019,11,75.5
C038,2019,12,71.4
C033,2019,6,76.1
C033,2019,7,79.4
C033,2019,8,79.0
C033,2019,9,79.7
C033,2019,10,79.2
C033,2019,11,85.7
C033,2019,12,78.7
C0BD,2019,1,88.8
C0BD,2019,2,76.5
C0BD,2019,3,74.5
C0BD,2019,4,78.5
C0BD,2019,5,80.7
C0BD,2019,6,78.5
C0BD,2019,7,82.1
C0BD,2019,8,82.2
C0BD,2019,9,81.2
C0BD,2019,10,84.4
C0BD,2019,11,88.7
C0BD,2019,12,90.8
C036,2019,1,92.9
C036,2019,2,68.6
C036,2019,3,70.5
C036,2019,4,73.5
C036,2019,5,77.7
C036,2019,6,73.2
C036,2019,7,76.9
C036,2019,8,77.2
C036,2019,9,76.7
C036,2019,10,77.1
C036,2019,11,84.6
C036,2019,12,79.6
C045,2019,1,92.5
C045,2019,2,80.1
C045,2019,3,78.9
C045,2019,4,83.5
C045,2019,5,85.0
C045,2019,6,83.8
C045,2019,7,86.7
C045,2019,8,88.1
C045,2019,9,90.1
C045,2019,10,87.6
C045,2019,11,97.8
C045,2019,12,88.4
C0B7,2019,1,87.4
C0B7,2019,2,69.2
C0B7,2019,3,70.0
C0B7,2019,4,73.4
C0B7,2019,5,77.2
C0B7,2019,6,73.5
C0B7,2019,7,77.7
C0B7,2019,8,78.6
C0B7,2019,9,78.8
C0B7,2019,10,77.4
C0B7,2019,11,81.5
C0B7,2019,12,80.5
C019,2019,1,91.9
C019,2019,2,64.4
C019,2019,3,74.1
C019,2019,4,80.4
C019,2019,5,84.8
C019,2019,6,85.2
C019,2019,7,86.7
C019,2019,8,85.6
C019,2019,9,80.0
C019,2019,10,77.9
C019,2019,11,86.3
C019,2019,12,76.4
C057,2019,1,85.4
C057,2019,2,70.7
C057,2019,3,72.1
C057,2019,4,75.8
C057,2019,5,79.6
C057,2019,6,80.6
C057,2019,7,85.2
C057,2019,8,84.4
C057,2019,9,83.5
C057,2019,10,83.6
C057,2019,11,84.2
C057,2019,12,78.4
C063,2019,1,88.1
C063,2019,2,73.9
C063,2019,3,73.0
C063,2019,4,76.6
C063,2019,5,79.4
C063,2019,6,76.0
C063,2019,7,79.7
C063,2019,8,81.4
C063,2019,9,80.3
C063,2019,10,82.8
C063,2019,11,85.9
C063,2019,12,80.9
C046,2019,1,90.0
C046,2019,2,66.0
C046,2019,3,76.1
C046,2019,4,81.0
C046,2019,5,83.2
C046,2019,6,75.8
C046,2019,7,82.2
C046,2019,8,85.7
C046,2019,9,84.8
C046,2019,10,83.2
C046,2019,11,94.2
C046,2019,12,77.9
C0BA,2019,1,87.9
C0BA,2019,2,75.9
C0BA,2019,3,76.3
C0BA,2019,4,80.3
C0BA,2019,5,81.5
C0BA,2019,6,79.3
C0BA,2019,7,83.2
C0BA,2019,8,83.6
C0BA,2019,9,80.9
C0BA,2019,10,82.8
C0BA,2019,11,85.4
C0BA,2019,12,81.1
C059,2019,1,82.0
C059,2019,2,70.5
C059,2019,3,69.3
C059,2019,4,72.4
C059,2019,5,71.8
C059,2019,6,72.3
C059,2019,7,69.6
C059,2019,8,74.8
C059,2019,9,81.2
C059,2019,10,84.7
C059,2019,11,94.9
C059,2019,12,97.6
C072,2019,1,90.0
C072,2019,2,75.6
C072,2019,3,75.5
C072,2019,4,80.2
C072,2019,5,79.3
C072,2019,6,75.9
C072,2019,7,78.6
C072,2019,8,82.6
C072,2019,9,83.2
C072,2019,10,82.5
C072,2019,11,91.8
C072,2019,12,78.5
C0B4,2019,1,91.5
C0B4,2019,2,73.3
C0B4,2019,3,73.6
C0B4,2019,4,76.3
C0B4,2019,5,79.5
C0B4,2019,6,74.5
C0B4,2019,7,78.5
C0B4,2019,8,77.3
C0B4,2019,9,79.3
C0B4,2019,10,79.5
C0B4,2019,11,88.3
C0B4,2019,12,81.9
C054,2019,1,89.7
C054,2019,2,77.5
C054,2019,3,74.9
C054,2019,4,77.5
C054,2019,5,80.0
C054,2019,6,76.1
C054,2019,7,80.9
C054,2019,8,82.7
C054,2019,9,82.7
C054,2019,10,85.3
C054,2019,11,88.7
C054,2019,12,85.9
C042,2019,1,83.7
C042,2019,2,70.7
C042,2019,3,74.3
C042,2019,4,78.6
C042,2019,5,88.6
C042,2019,11,75.2
C0B9,2019,1,88.8
C0B9,2019,2,74.7
C0B9,2019,3,74.9
C0B9,2019,4,77.0
C0B9,2019,5,80.0
C0B9,2019,6,78.7
C0B9,2019,7,81.5
C0B9,2019,8,81.4
C0B9,2019,9,83.0
C0B9,2019,10,84.2
C0B9,2019,11,85.1
C0B9,2019,12,80.5
C0C3,2019,1,96.1
C0C3,2019,2,82.7
C0C3,2019,4,75.2
C0C3,2019,5,77.9
C0C3,2019,6,74.9
C0C3,2019,7,76.5
C0C3,2019,8,76.0
C0C3,2019,9,78.9
C0C3,2019,10,81.8
C0C3,2019,11,87.8
C0C3,2019,12,82.1
C066,2019,1,91.4
C066,2019,2,67.8
C066,2019,3,74.3
C066,2019,4,76.9
C066,2019,5,80.9
C066,2019,6,77.9
C066,2019,7,81.4
C066,2019,8,82.8
C066,2019,9,81.8
C066,2019,10,78.4
C066,2019,11,88.6
C066,2019,12,74.5
C022,2019,1,94.2
C022,2019,2,75.8
C022,2019,3,78.2
C022,2019,4,82.7
C022,2019,5,83.5
C022,2019,6,80.8
C022,2019,7,84.6
C022,2019,8,87.5
C022,2019,9,87.0
C022,2019,10,88.5
C022,2019,11,95.2
C022,2019,12,88.4
C0B3,2019,1,89.4
C0B3,2019,2,72.8
C0B3,2019,3,71.5
C0B3,2019,4,73.9
C0B3,2019,5,77.2
C0B3,2019,6,73.6
C0B3,2019,7,77.8
C0B3,2019,8,77.6
C0B3,2019,9,78.4
C0B3,2019,10,79.7
C0B3,2019,11,85.8
C0B3,2019,12,81.4
C037,2019,4,72.6
C037,2019,5,76.0
C037,2019,6,75.3
C037,2019,7,77.2
C037,2019,8,76.5
C037,2019,9,77.4
C037,2019,10,74.9
C037,2019,11,79.0
C037,2019,12,74.1
C0E5,2019,1,90.1
C0E5,2019,2,73.1
C0E5,2019,3,72.3
C0E5,2019,4,75.8
C0E5,2019,5,80.0
C0E5,2019,6,75.9
C0E5,2019,7,80.2
C0E5,2019,8,83.3
C0E5,2019,9,81.9
C0E5,2019,10,82.5
C0E5,2019,11,90.1
C0E5,2019,12,86.5
C0DB,2019,1,88.2
C0DB,2019,2,73.7
C0DB,2019,3,71.5
C0DB,2019,4,74.8
C0DB,2019,5,79.0
C0DB,2019,6,74.7
C0DB,2019,7,79.0
C0DB,2019,8,81.1
C0DB,2019,9,81.6
C0DB,2019,10,84.8
C0DB,2019,11,88.3
C0DB,2019,12,84.4
C0D3,2019,1,91.2
C0D3,2019,2,76.8
C0D3,2019,3,74.0
C0D3,2019,4,77.8
C0D3,2019,5,82.4
C0D3,2019,6,78.5
C0D3,2019,7,84.3
C0D3,2019,8,86.2
C0D3,2019,9,86.3
C0D3,2019,10,86.9
C0D3,2019,11,90.7
C0D3,2019,12,86.2
C0DD,2019,1,87.6
C0DD,2019,2,67.8
C0DD,2019,3,72.4
C0DD,2019,4,77.0
C0DD,2019,5,82.5
C0DD,2019,6,79.1
C0DD,2019,7,84.2
C0DD,2019,8,85.9
C0DD,2019,9,84.9
C0DD,2019,10,83.8
C0DD,2019,11,87.0
C0DD,2019,12,80.3
C0E9,2019,1,96.5
C0E9,2019,2,83.3
C0E9,2019,3,79.6
C0E9,2019,4,82.8
C0E9,2019,5,86.0
C0E9,2019,6,83.2
C0E9,2019,7,86.7
C0E9,2019,8,88.0
C0E9,2019,9,87.2
C0E9,2019,10,91.0
C0E9,2019,11,95.5
C0E9,2019,12,92.8
C078,2019,1,87.7
C078,2019,2,72.7
C078,2019,3,72.2
C078,2019,4,76.3
C078,2019,5,79.6
C078,2019,6,75.6
C078,2019,7,80.1
C078,2019,8,82.2
C078,2019,9,79.5
C078,2019,10,82.1
C078,2019,11,85.7
C078,2019,12,81.1
C052,2019,1,86.5
C052,2019,2,67.6
C052,2019,3,71.5
C052,2019,4,75.6
C052,2019,5,82.2
C052,2019,6,78.0
C052,2019,7,84.7
C052,2019,8,85.9
C052,2019,9,82.5
C052,2019,10,81.4
C052,2019,11,86.5
C052,2019,12,82.4
C0E1,2019,3,75.1
C0E1,2019,4,75.4
C0E1,2019,5,81.4
C0E1,2019,6,76.4
C0E1,2019,7,81.0
C0E1,2019,8,82.2
C0E1,2019,9,80.8
C0E1,2019,10,81.5
C0E1,2019,11,85.8
C0E1,2019,12,84.8
C077,2019,1,95.7
C077,2019,2,79.3
C077,2019,3,80.8
C077,2019,4,84.3
C077,2019,5,89.5
C077,2019,6,87.7
C077,2019,7,92.2
C077,2019,8,93.0
C077,2019,9,90.6
C077,2019,10,91.7
C077,2019,11,94.8
C077,2019,12,91.2
C080,2019,1,93.0
C080,2019,2,74.9
C080,2019,3,75.5
C080,2019,4,81.2
C080,2019,5,87.8
C080,2019,6,85.4
C080,2019,7,90.9
C080,2019,8,91.6
C080,2019,9,89.6
C080,2019,10,93.4
C080,2019,11,93.2
C080,2019,12,88.8
C0E8,2019,1,91.7
C0E8,2019,2,77.5
C0E8,2019,3,74.4
C0E8,2019,4,77.2
C0E8,2019,5,82.1
C0E8,2019,6,78.7
C0E8,2019,7,83.3
C0E8,2019,8,84.2
C0E8,2019,9,83.0
C0E8,2019,10,86.6
C0E8,2019,11,88.8
C0E8,2019,12,86.5
C023,2019,1,87.9
C023,2019,2,69.3
C023,2019,3,68.9
C023,2019,4,73.3
C023,2019,5,75.4
C023,2019,6,71.7
C023,2019,7,74.7
C023,2019,8,76.2
C023,2019,9,75.6
C023,2019,10,76.2
C023,2019,11,84.5
C023,2019,12,78.6
C084,2019,1,85.4
C084,2019,2,65.3
C084,2019,3,67.6
C084,2019,4,73.5
C084,2019,5,78.0
C084,2019,6,75.9
C084,2019,7,79.9
C084,2019,8,79.3
C084,2019,9,76.7
C084,2019,10,76.9
C084,2019,11,81.2
C084,2019,12,76.7
C0EA,2019,1,91.3
C0EA,2019,2,79.1
C0EA,2019,3,75.9
C0EA,2019,4,79.5
C0EA,2019,5,83.0
C0EA,2019,6,80.5
C0EA,2019,7,85.0
C0EA,2019,8,88.4
C0EA,2019,9,98.7
C0EA,2019,10,88.1
C026,2019,1,63.8
C026,2019,2,50.2
C026,2019,3,58.2
C026,2019,4,75.7
C026,2019,5,83.0
C026,2019,6,76.7
C026,2019,7,82.4
C026,2019,8,84.2
C026,2019,9,81.8
C026,2019,10,81.3
C026,2019,11,86.3
C026,2019,12,83.7
C058,2019,1,88.1
C058,2019,3,70.2
C058,2019,4,75.4
C058,2019,5,79.8
C058,2019,6,75.0
C058,2019,7,80.9
C058,2019,8,82.0
C058,2019,9,79.0
C058,2019,10,77.5
C058,2019,11,84.8
C058,2019,12,74.7
C0F0,2019,1,95.0
C0F0,2019,2,81.5
C0F0,2019,3,78.9
C0F0,2019,4,84.6
C0F0,2019,5,89.4
C0F0,2019,6,88.4
C0F0,2019,7,94.7
C0F0,2019,8,96.9
C0F0,2019,9,94.9
C0F0,2019,10,97.1
C0F0,2019,11,96.9
C0F0,2019,12,91.5
C0F1,2019,1,92.1
C0F1,2019,2,63.6
C0F1,2019,3,72.9
C0F1,2019,4,80.0
C0F1,2019,5,84.9
C0F1,2019,6,76.2
C0F1,2019,7,83.1
C0F1,2019,8,82.9
C0F1,2019,9,79.2
C0F1,2019,10,77.5
C0F1,2019,11,87.5
C0F1,2019,12,73.0
C0E7,2019,1,91.9
C0E7,2019,2,73.4
C0E7,2019,3,71.7
C0E7,2019,4,76.2
C0E7,2019,5,78.9
C0E7,2019,6,72.6
C0E7,2019,7,76.0
C0E7,2019,8,78.8
C0E7,2019,9,77.7
C0E7,2019,10,80.8
C0E7,2019,11,90.2
C0E7,2019,12,86.4
C018,2019,5,78.1
C018,2019,6,79.7
C018,2019,7,82.4
C018,2019,8,79.1
C018,2019,9,76.3
C018,2019,10,73.3
C018,2019,11,76.1
C018,2019,12,73.4
C0DC,2019,1,95.2
C0DC,2019,2,80.7
C0DC,2019,3,80.0
C0DC,2019,4,84.1
C0DC,2019,5,86.9
C0DC,2019,6,84.2
C0DC,2019,7,88.5
C0DC,2019,8,89.2
C0DC,2019,9,86.8
C0DC,2019,11,85.0
C0DC,2019,12,81.3
C071,2019,1,91.6
C071,2019,2,61.0
C071,2019,3,71.0
C071,2019,4,78.9
C071,2019,5,84.9
C071,2019,6,83.0
C071,2019,7,89.6
C071,2019,8,87.2
C071,2019,9,82.2
C071,2019,10,78.6
C071,2019,12,73.1
C0EC,2019,1,89.0
C0EC,2019,2,67.8
C0EC,2019,3,70.5
C0EC,2019,4,76.8
C0EC,2019,5,82.0
C0EC,2019,6,78.7
C0EC,2019,7,83.8
C0EC,2019,8,83.0
C0EC,2019,9,80.4
C0EC,2019,10,79.7
C0EC,2019,11,86.1
C0EC,2019,12,78.1
C0DE,2019,1,98.0
C0DE,2019,3,75.5
C0DE,2019,4,78.3
C0DE,2019,5,82.0
C0DE,2019,6,78.6
C0DE,2019,7,81.9
C0DE,2019,8,84.0
C0DE,2019,9,83.5
C0DE,2019,10,85.4
C0DE,2019,11,88.4
C0DE,2019,12,86.5
C017,2019,1,94.6
C017,2019,2,70.3
C017,2019,3,75.6
C017,2019,4,83.4
C017,2019,5,89.8
C017,2019,6,88.0
C017,2019,7,93.8
C017,2019,8,93.1
C017,2019,9,90.6
C017,2019,10,87.4
C017,2019,11,93.9
C017,2019,12,86.4
C0F4,2019,1,85.4
C0F4,2019,2,69.6
C0F4,2019,3,69.4
C0F4,2019,4,74.5
C0F4,2019,5,79.0
C0F4,2019,6,75.9
C0F4,2019,7,80.7
C0F4,2019,8,81.3
C0F4,2019,9,78.5
C0F4,2019,10,82.0
C0F4,2019,11,85.6
C0F4,2019,12,79.7
C0D1,2019,1,92.2
C0D1,2019,2,77.5
C0D1,2019,3,72.4
C0D1,2019,4,74.9
C0D1,2019,5,78.5
C0D1,2019,6,72.0
C0D1,2019,7,77.3
C0D1,2019,8,78.4
C0D1,2019,9,78.3
C0D1,2019,10,83.9
C0D1,2019,12,96.5
C043,2019,1,98.2
C043,2019,2,82.2
C043,2019,3,76.9
C043,2019,4,81.2
C043,2019,5,86.4
C043,2019,6,82.2
C043,2019,7,86.5
C043,2019,8,89.9
C043,2019,9,88.5
C043,2019,10,87.1
C043,2019,11,97.6
C043,2019,12,96.0
C0D2,2019,1,92.0
C0D2,2019,2,77.4
C0D2,2019,3,72.7
C0D2,2019,4,76.5
C0D2,2019,5,79.5
C0D2,2019,6,72.4
C0D2,2019,7,77.6
C0D2,2019,8,78.7
C0D2,2019,9,79.3
C0D2,2019,10,83.1
C0D2,2019,11,90.3
C0D2,2019,12,87.1
C007,2019,6,77.1
C007,2019,7,81.4
C007,2019,8,79.7
C007,2019,9,77.1
C007,2019,10,74.7
C007,2019,11,79.0
C007,2019,12,70.3
C0D0,2019,1,87.8
C0D0,2019,2,68.5
C0D0,2019,3,70.0
C0D0,2019,4,73.1
C0D0,2019,5,77.1
C0D0,2019,6,71.2
C0D0,2019,7,76.6
C0D0,2019,8,78.8
C0D0,2019,9,79.6
C0D0,2019,10,78.4
C0D0,2019,11,81.5
C0D0,2019,12,78.8
C064,2019,1,83.2
C064,2019,2,63.2
C064,2019,3,68.7
C064,2019,4,75.3
C064,2019,5,81.2
C064,2019,6,81.8
C064,2019,7,85.1
C064,2019,8,83.1
C064,2019,9,79.0
C064,2019,10,75.2
C064,2019,11,77.9
C064,2019,12,72.6
C028,2019,1,87.8
C028,2019,2,63.3
C028,2019,3,68.7
C028,2019,4,74.3
C028,2019,5,77.5
C028,2019,6,73.1
C028,2019,7,77.8
C028,2019,8,81.3
C028,2019,9,78.9
C028,2019,10,76.8
C028,2019,11,86.1
C028,2019,12,77.5
C029,2019,1,88.7
C029,2019,2,66.9
C029,2019,3,71.4
C029,2019,4,76.8
C029,2019,5,83.1
C029,2019,6,80.9
C029,2019,7,86.4
C029,2019,8,86.2
C029,2019,9,82.6
C029,2019,10,79.9
C029,2019,11,83.9
C029,2019,12,78.7
