code,year,month,lam_agua_nivel_max
C076,2016,1,0.166
C076,2016,2,2.837
C076,2016,3,2.572
C076,2016,4,0.519
C076,2016,5,0.089
C076,2016,6,0.095
C076,2016,7,0.065
C076,2016,8,0.074
C076,2016,9,0.068
C076,2016,10,0.058
C076,2016,11,0.178
C076,2016,12,0.063
C056,2016,1,0.652
C056,2016,2,1.897
C056,2016,3,1.891
C056,2016,4,0.871
C056,2016,5,0.641
C056,2016,6,0.924
C056,2016,7,0.564
C056,2016,8,0.692
C056,2016,9,0.624
C056,2016,10,0.560
C056,2016,11,0.655
C056,2016,12,0.172
C0AA,2016,1,0.613
C0AA,2016,2,2.833
C0AA,2016,3,2.767
C0AA,2016,4,0.656
C0AA,2016,5,0.553
C0AA,2016,6,0.340
C0AA,2016,7,0.134
C0AA,2016,8,0.093
C0AA,2016,9,0.209
C0AA,2016,10,0.216
C0AA,2016,11,0.515
C0AA,2016,12,0.278
C067,2016,1,0.626
C067,2016,2,1.660
C067,2016,3,1.428
C067,2016,4,0.991
C067,2016,5,0.442
C067,2016,6,0.334
C067,2016,7,0.226
C067,2016,8,0.138
C067,2016,9,0.550
C067,2016,10,0.216
C067,2016,11,0.968
C067,2016,12,0.476
C055,2016,1,0.404
C055,2016,2,1.645
C055,2016,3,1.446
C055,2016,4,0.571
C055,2016,5,0.145
C055,2016,6,0.148
C055,2016,7,0.166
C055,2016,8,0.178
C055,2016,9,0.131
C055,2016,10,0.304
C055,2016,11,0.680
C055,2016,12,0.385
C051,2016,1,0.471
C051,2016,2,1.654
C051,2016,3,1.253
C051,2016,4,0.805
C051,2016,5,0.300
C051,2016,6,0.294
C051,2016,7,0.139
C051,2016,8,0.122
C051,2016,9,0.318
C051,2016,10,0.112
C051,2016,11,1.107
C051,2016,12,0.447
C0A0,2016,1,0.453
C0A0,2016,2,1.376
C0A0,2016,3,0.932
C0A0,2016,4,0.683
C0A0,2016,5,0.334
C0A0,2016,6,0.231
C0A0,2016,7,0.204
C0A0,2016,8,0.094
C0A0,2016,9,0.555
C0A0,2016,10,0.291
C0A0,2016,11,1.073
C0A0,2016,12,0.463
C0B1,2016,1,1.378
C0B1,2016,2,4.313
C0B1,2016,3,3.046
C0B1,2016,4,1.484
C0B1,2016,5,0.434
C0B1,2016,6,0.466
C0B1,2016,7,0.362
C0B1,2016,8,0.156
C0B1,2016,9,0.808
C0B1,2016,10,0.386
C0B1,2016,11,2.434
C0B1,2016,12,0.502
C079,2016,1,1.059
C079,2016,2,4.014
C079,2016,3,2.115
C079,2016,4,1.042
C079,2016,5,0.462
C079,2016,6,0.492
C079,2016,7,0.414
C079,2016,8,0.326
C079,2016,9,0.650
C079,2016,10,0.442
C079,2016,11,1.730
C079,2016,12,0.371
C0C1,2016,1,1.472
C0C1,2016,2,3.578
C0C1,2016,3,3.742
C0C1,2016,4,1.784
C0C1,2016,5,0.722
C0C1,2016,6,0.603
C0C1,2016,7,0.620
C0C1,2016,8,0.548
C0C1,2016,9,0.666
C0C1,2016,10,0.524
C0C1,2016,11,1.556
C0C1,2016,12,0.683
C032,2016,1,0.567
C032,2016,2,1.381
C032,2016,3,1.047
C032,2016,4,0.599
C032,2016,5,0.336
C032,2016,6,0.290
C032,2016,7,0.293
C032,2016,8,0.259
C032,2016,9,0.454
C032,2016,10,0.309
C032,2016,11,0.747
C032,2016,12,0.386
C0C2,2016,1,0.456
C0C2,2016,2,2.543
C0C2,2016,3,2.690
C0C2,2016,4,0.826
C0C2,2016,5,0.358
C0C2,2016,6,0.313
C0C2,2016,7,0.295
C0C2,2016,8,0.260
C0C2,2016,9,0.278
C0C2,2016,10,0.268
C0C2,2016,11,0.646
C0C2,2016,12,0.304
C0BE,2016,1,0.763
C0BE,2016,2,2.373
C0BE,2016,3,1.232
C0BE,2016,4,0.642
C0BE,2016,5,0.263
C0BE,2016,6,0.310
C0BE,2016,7,0.262
C0BE,2016,8,0.191
C0BE,2016,9,0.481
C0BE,2016,10,0.241
C0BE,2016,11,1.196
C0BE,2016,12,0.230
C074,2016,1,0.485
C074,2016,2,1.644
C074,2016,3,0.837
C074,2016,4,0.449
C074,2016,5,0.278
C074,2016,6,0.269
C074,2016,7,0.222
C074,2016,8,0.155
C074,2016,9,0.283
C074,2016,10,0.181
C074,2016,11,0.653
C074,2016,12,0.143
C0BD,2016,1,0.584
C0BD,2016,2,1.676
C0BD,2016,3,0.964
C0BD,2016,4,0.543
C0BD,2016,5,0.246
C0BD,2016,6,0.289
C0BD,2016,7,0.251
C0BD,2016,8,0.166
C0BD,2016,9,0.455
C0BD,2016,10,0.243
C0BD,2016,11,0.916
C0BD,2016,12,0.175
C0B7,2016,1,0.492
C0B7,2016,2,1.343
C0B7,2016,3,0.988
C0B7,2016,4,0.516
C0B7,2016,5,0.264
C0B7,2016,6,0.248
C0B7,2016,7,0.176
C0B7,2016,8,0.160
C0B7,2016,9,0.330
C0B7,2016,10,0.270
C0B7,2016,11,0.890
C0B7,2016,12,0.198
C057,2016,1,2.068
C057,2016,2,6.174
C057,2016,3,4.774
C057,2016,4,1.213
C057,2016,5,0.881
C057,2016,6,1.328
C057,2016,7,0.627
C057,2016,8,0.351
C057,2016,9,1.675
C057,2016,10,0.726
C057,2016,11,5.622
C057,2016,12,0.702
C063,2016,1,0.666
C063,2016,2,2.592
C063,2016,3,1.382
C063,2016,4,0.636
C063,2016,5,0.302
C063,2016,6,0.272
C063,2016,7,0.216
C063,2016,8,0.154
C063,2016,9,0.583
C063,2016,10,0.280
C063,2016,11,1.120
C063,2016,12,0.198
C0BA,2016,1,0.702
C0BA,2016,2,2.775
C0BA,2016,3,1.377
C0BA,2016,4,0.654
C0BA,2016,5,0.222
C0BA,2016,6,0.314
C0BA,2016,7,0.210
C0BA,2016,8,0.140
C0BA,2016,9,0.558
C0BA,2016,10,0.246
C0BA,2016,11,1.926
C0BA,2016,12,0.192
C0B4,2016,1,0.630
C0B4,2016,2,2.083
C0B4,2016,3,1.553
C0B4,2016,4,0.667
C0B4,2016,5,0.104
C0B4,2016,6,0.110
C0B4,2016,7,0.068
C0B4,2016,8,0.068
C0B4,2016,9,0.231
C0B4,2016,10,0.064
C0B4,2016,11,0.879
C0B4,2016,12,0.266
C054,2016,1,0.821
C054,2016,2,3.373
C054,2016,3,2.335
C054,2016,4,0.902
C054,2016,5,0.368
C054,2016,6,0.302
C054,2016,7,0.221
C054,2016,8,0.114
C054,2016,9,0.318
C054,2016,10,0.203
C054,2016,11,1.894
C054,2016,12,0.262
C0B9,2016,1,1.018
C0B9,2016,2,3.502
C0B9,2016,3,2.399
C0B9,2016,4,0.982
C0B9,2016,5,0.990
C0B9,2016,6,0.723
C0B9,2016,7,1.229
C0B9,2016,8,0.459
C0B9,2016,9,1.271
C0B9,2016,10,0.658
C0B9,2016,11,1.977
C0B9,2016,12,0.981
C0C4,2016,1,0.680
C0C4,2016,2,1.905
C0C4,2016,3,1.925
C0C4,2016,4,0.971
C0C4,2016,5,0.426
C0C4,2016,6,0.357
C0C4,2016,7,0.343
C0C4,2016,8,0.311
C0C4,2016,9,0.513
C0C4,2016,10,0.304
C0C4,2016,11,0.904
C0C4,2016,12,0.410
C0B3,2016,1,0.764
C0B3,2016,2,3.535
C0B3,2016,3,2.188
C0B3,2016,4,1.145
C0B3,2016,5,0.512
C0B3,2016,6,0.397
C0B3,2016,7,0.257
C0B3,2016,8,0.181
C0B3,2016,9,0.487
C0B3,2016,10,0.426
C0B3,2016,11,1.472
C0B3,2016,12,0.379
C0E5,2016,1,0.601
C0E5,2016,2,1.284
C0E5,2016,3,1.124
C0E5,2016,4,0.748
C0E5,2016,5,0.290
C0E5,2016,6,0.489
C0E5,2016,7,0.339
C0E5,2016,8,0.224
C0E5,2016,9,0.338
C0E5,2016,10,0.428
C0E5,2016,11,0.984
C0E5,2016,12,0.263
C0DB,2016,1,0.689
C0DB,2016,2,1.621
C0DB,2016,3,1.154
C0DB,2016,4,0.626
C0DB,2016,5,0.307
C0DB,2016,6,0.350
C0DB,2016,7,0.263
C0DB,2016,8,0.140
C0DB,2016,9,0.600
C0DB,2016,10,0.318
C0DB,2016,11,1.003
C0DB,2016,12,0.174
C0D3,2016,1,0.224
C0D3,2016,2,0.570
C0D3,2016,3,0.465
C0D3,2016,4,0.262
C0D3,2016,5,0.279
C0D3,2016,6,0.275
C0D3,2016,7,0.292
C0D3,2016,8,0.152
C0D3,2016,9,0.295
C0D3,2016,10,0.163
C0D3,2016,11,0.308
C0D3,2016,12,0.087
C0DD,2016,1,0.954
C0DD,2016,2,2.794
C0DD,2016,3,1.921
C0DD,2016,4,1.048
C0DD,2016,5,0.488
C0DD,2016,6,0.444
C0DD,2016,7,0.405
C0DD,2016,8,0.565
C0DD,2016,9,0.614
C0DD,2016,10,0.463
C0DD,2016,11,1.346
C0DD,2016,12,0.414
C0E9,2016,1,1.066
C0E9,2016,2,3.138
C0E9,2016,3,2.144
C0E9,2016,4,1.207
C0E9,2016,5,0.510
C0E9,2016,6,0.748
C0E9,2016,7,0.450
C0E9,2016,8,0.314
C0E9,2016,9,0.602
C0E9,2016,10,0.658
C0E9,2016,11,1.356
C0E9,2016,12,0.410
C078,2016,1,1.293
C078,2016,2,4.664
C078,2016,3,3.227
C078,2016,4,1.268
C078,2016,5,0.550
C078,2016,6,0.572
C078,2016,7,0.480
C078,2016,8,0.386
C078,2016,9,0.804
C078,2016,10,0.442
C078,2016,11,1.681
C078,2016,12,0.466
C052,2016,1,1.080
C052,2016,2,1.831
C052,2016,3,1.601
C052,2016,4,1.161
C052,2016,5,0.569
C052,2016,6,0.660
C052,2016,7,0.554
C052,2016,8,0.609
C052,2016,9,0.396
C052,2016,10,0.306
C052,2016,11,0.907
C052,2016,12,0.129
C0E1,2016,1,0.616
C0E1,2016,2,0.920
C0E1,2016,3,0.806
C0E1,2016,4,0.666
C0E1,2016,5,0.440
C0E1,2016,6,0.632
C0E1,2016,7,0.427
C0E1,2016,8,0.236
C0E1,2016,9,0.611
C0E1,2016,10,0.595
C0E1,2016,11,0.825
C0E1,2016,12,0.371
C077,2016,1,0.686
C077,2016,2,1.496
C077,2016,3,1.120
C077,2016,4,0.720
C077,2016,5,0.445
C077,2016,6,0.430
C077,2016,7,0.382
C077,2016,8,0.528
C077,2016,9,0.476
C077,2016,10,0.417
C077,2016,11,0.930
C077,2016,12,0.447
C080,2016,1,0.565
C080,2016,2,1.349
C080,2016,3,0.924
C080,2016,4,0.622
C080,2016,5,0.689
C080,2016,6,0.487
C080,2016,7,0.335
C080,2016,8,0.294
C080,2016,9,0.384
C080,2016,10,0.538
C080,2016,11,0.955
C080,2016,12,0.322
C0E8,2016,1,0.844
C0E8,2016,2,1.819
C0E8,2016,3,1.319
C0E8,2016,4,0.804
C0E8,2016,5,0.405
C0E8,2016,6,0.495
C0E8,2016,7,0.235
C0E8,2016,8,0.223
C0E8,2016,9,0.379
C0E8,2016,10,0.328
C0E8,2016,11,1.035
C0E8,2016,12,0.344
C0EA,2016,1,0.444
C0EA,2016,2,0.973
C0EA,2016,3,0.782
C0EA,2016,4,0.492
C0EA,2016,5,0.282
C0EA,2016,6,0.298
C0EA,2016,7,0.262
C0EA,2016,8,0.222
C0EA,2016,9,0.254
C0EA,2016,10,0.241
C0EA,2016,11,0.596
C0EA,2016,12,0.253
C0F0,2016,1,0.872
C0F0,2016,2,1.695
C0F0,2016,3,1.380
C0F0,2016,4,1.054
C0F0,2016,5,0.610
C0F0,2016,6,0.560
C0F0,2016,7,0.518
C0F0,2016,8,0.406
C0F0,2016,9,0.620
C0F0,2016,10,0.600
C0F0,2016,11,1.122
C0F0,2016,12,0.582
C0E7,2016,1,0.570
C0E7,2016,2,1.752
C0E7,2016,3,1.275
C0E7,2016,4,0.609
C0E7,2016,5,0.432
C0E7,2016,6,0.256
C0E7,2016,7,0.137
C0E7,2016,8,0.112
C0E7,2016,9,0.328
C0E7,2016,10,0.156
C0E7,2016,11,0.638
C0E7,2016,12,0.136
C0DC,2016,1,0.462
C0DC,2016,2,1.313
C0DC,2016,3,1.196
C0DC,2016,4,0.686
C0DC,2016,5,0.238
C0DC,2016,6,0.222
C0DC,2016,7,0.318
C0DC,2016,8,0.240
C0DC,2016,9,0.306
C0DC,2016,10,0.210
C0DC,2016,11,0.706
C0DC,2016,12,0.220
C0EC,2016,1,1.214
C0EC,2016,2,3.926
C0EC,2016,3,2.886
C0EC,2016,4,1.361
C0EC,2016,5,0.628
C0EC,2016,6,0.750
C0EC,2016,7,0.547
C0EC,2016,8,0.463
C0EC,2016,9,0.753
C0EC,2016,10,0.701
C0EC,2016,11,1.952
C0EC,2016,12,0.611
C0DE,2016,1,0.381
C0DE,2016,2,0.845
C0DE,2016,3,0.703
C0DE,2016,4,0.423
C0DE,2016,5,0.264
C0DE,2016,6,0.168
C0DE,2016,7,0.146
C0DE,2016,8,0.133
C0DE,2016,9,0.230
C0DE,2016,10,0.159
C0DE,2016,11,0.564
C0DE,2016,12,0.118
C0F4,2016,1,0.622
C0F4,2016,2,1.421
C0F4,2016,3,0.915
C0F4,2016,4,0.503
C0F4,2016,5,0.525
C0F4,2016,6,0.501
C0F4,2016,7,0.323
C0F4,2016,8,0.209
C0F4,2016,9,0.499
C0F4,2016,10,0.582
C0F4,2016,11,1.133
C0F4,2016,12,0.308
C0D1,2016,1,0.756
C0D1,2016,2,1.985
C0D1,2016,3,1.556
C0D1,2016,4,0.961
C0D1,2016,5,0.358
C0D1,2016,6,0.382
C0D1,2016,7,0.220
C0D1,2016,8,0.184
C0D1,2016,9,0.504
C0D1,2016,10,0.246
C0D1,2016,11,1.179
C0D1,2016,12,0.299
C0D2,2016,1,1.020
C0D2,2016,2,2.177
C0D2,2016,3,1.764
C0D2,2016,4,1.044
C0D2,2016,5,0.512
C0D2,2016,6,0.518
C0D2,2016,7,0.536
C0D2,2016,8,0.319
C0D2,2016,9,0.725
C0D2,2016,10,0.368
C0D2,2016,11,1.082
C0D2,2016,12,0.324
C0D0,2016,1,0.296
C0D0,2016,2,0.721
C0D0,2016,3,0.466
C0D0,2016,4,0.394
C0D0,2016,5,0.148
C0D0,2016,6,0.258
C0D0,2016,7,0.146
C0D0,2016,8,0.143
C0D0,2016,9,0.234
C0D0,2016,10,0.048
C0D0,2016,11,0.532
C0D0,2016,12,0.134
C076,2017,1,1.404
C076,2017,2,0.290
C076,2017,3,0.199
C076,2017,4,0.086
C076,2017,5,0.086
C076,2017,6,0.086
C076,2017,7,0.079
C076,2017,8,0.070
C076,2017,9,0.058
C076,2017,10,0.057
C076,2017,11,0.098
C076,2017,12,0.281
C0A4,2017,3,0.653
C0A4,2017,4,0.359
C0A4,2017,5,0.232
C0A4,2017,6,0.192
C0A4,2017,7,0.186
C0A4,2017,8,0.170
C0A4,2017,9,0.146
C0A4,2017,10,0.155
C0A4,2017,11,0.243
C0A4,2017,12,0.541
C056,2017,1,1.570
C056,2017,2,1.107
C056,2017,3,0.974
C056,2017,4,0.342
C056,2017,5,0.759
C056,2017,6,1.073
C056,2017,7,0.746
C056,2017,8,0.580
C056,2017,9,0.570
C056,2017,10,0.172
C056,2017,11,0.282
C056,2017,12,0.789
C0A3,2017,1,1.666
C0A3,2017,2,1.036
C0A3,2017,3,0.922
C0A3,2017,4,0.640
C0A3,2017,5,0.481
C0A3,2017,6,0.483
C0A3,2017,7,0.469
C0A3,2017,8,0.481
C0A3,2017,9,0.436
C0A3,2017,10,0.459
C0A3,2017,11,0.578
C0A3,2017,12,1.032
C0A2,2017,1,1.890
C0A2,2017,2,0.817
C0A2,2017,3,0.626
C0A2,2017,4,0.507
C0A2,2017,5,0.164
C0A2,2017,6,0.307
C0A2,2017,7,0.310
C0A2,2017,8,0.289
C0A2,2017,9,0.169
C0A2,2017,10,0.141
C0A2,2017,11,0.403
C0A2,2017,12,0.773
C0AA,2017,1,2.022
C0AA,2017,2,1.209
C0AA,2017,3,0.745
C0AA,2017,4,0.434
C0AA,2017,5,0.314
C0AA,2017,6,0.300
C0AA,2017,7,0.263
C0AA,2017,8,0.351
C0AA,2017,9,0.162
C0AA,2017,10,0.218
C0AA,2017,11,0.236
C0AA,2017,12,1.273
C067,2017,1,1.772
C067,2017,2,0.660
C067,2017,3,0.850
C067,2017,4,0.522
C067,2017,5,0.624
C067,2017,6,0.510
C067,2017,7,0.502
C067,2017,8,0.136
C067,2017,9,0.202
C067,2017,10,0.144
C067,2017,11,0.622
C067,2017,12,1.082
C055,2017,1,2.217
C055,2017,2,0.877
C055,2017,3,0.901
C055,2017,4,0.630
C055,2017,5,0.425
C055,2017,6,0.494
C055,2017,7,0.047
C055,2017,8,0.024
C055,2017,9,0.037
C055,2017,10,0.054
C055,2017,11,0.228
C055,2017,12,0.777
C0A1,2017,1,0.290
C0A1,2017,2,0.278
C0A1,2017,3,0.306
C0A1,2017,4,0.224
C0A1,2017,5,0.233
C0A1,2017,6,0.220
C0A1,2017,7,0.185
C0A1,2017,8,0.195
C0A1,2017,9,0.180
C0A1,2017,10,0.190
C0A1,2017,11,0.165
C0A1,2017,12,0.188
C051,2017,1,1.739
C051,2017,2,0.505
C051,2017,3,0.865
C051,2017,4,0.532
C051,2017,5,0.706
C051,2017,6,0.480
C051,2017,7,0.200
C051,2017,8,0.116
C051,2017,9,0.138
C051,2017,10,0.128
C051,2017,11,0.704
C051,2017,12,0.980
C0A0,2017,1,2.040
C0A0,2017,2,0.533
C0A0,2017,3,0.731
C0A0,2017,4,0.419
C0A0,2017,5,0.679
C0A0,2017,6,0.339
C0A0,2017,7,0.377
C0A0,2017,8,0.149
C0A0,2017,9,0.327
C0A0,2017,10,0.308
C0A0,2017,11,0.689
C0A0,2017,12,0.894
C0B1,2017,1,4.039
C0B1,2017,2,1.520
C0B1,2017,3,1.538
C0B1,2017,4,0.858
C0B1,2017,5,1.134
C0B1,2017,6,0.630
C0B1,2017,7,0.648
C0B1,2017,8,0.266
C0B1,2017,9,0.701
C0B1,2017,10,0.376
C0B1,2017,11,1.761
C0B1,2017,12,2.622
C079,2017,1,2.734
C079,2017,2,1.275
C079,2017,3,1.340
C079,2017,4,0.867
C079,2017,5,0.972
C079,2017,6,0.467
C079,2017,7,0.663
C079,2017,8,0.440
C079,2017,9,0.724
C079,2017,10,0.347
C079,2017,11,1.228
C079,2017,12,1.991
C0C1,2017,1,2.902
C0C1,2017,2,1.493
C0C1,2017,3,0.949
C0C1,2017,4,0.892
C0C1,2017,5,0.805
C0C1,2017,6,0.628
C0C1,2017,7,0.554
C0C1,2017,8,0.540
C0C1,2017,9,0.514
C0C1,2017,10,0.550
C0C1,2017,11,1.179
C0C1,2017,12,2.096
C032,2017,1,1.451
C032,2017,2,0.557
C032,2017,3,0.647
C032,2017,4,0.436
C032,2017,5,0.501
C032,2017,6,0.405
C032,2017,7,0.354
C032,2017,8,0.332
C032,2017,9,0.340
C032,2017,10,0.342
C032,2017,11,0.522
C032,2017,12,0.755
C0C2,2017,1,1.642
C0C2,2017,2,0.591
C0C2,2017,3,0.382
C0C2,2017,4,0.362
C0C2,2017,5,0.312
C0C2,2017,6,0.297
C0C2,2017,7,0.298
C0C2,2017,8,0.294
C0C2,2017,9,0.274
C0C2,2017,10,0.262
C0C2,2017,11,0.386
C0C2,2017,12,0.919
C0BE,2017,1,1.816
C0BE,2017,2,0.820
C0BE,2017,3,1.198
C0BE,2017,4,0.475
C0BE,2017,5,0.611
C0BE,2017,6,0.279
C0BE,2017,7,0.407
C0BE,2017,8,0.553
C0BE,2017,9,0.560
C0BE,2017,10,0.411
C0BE,2017,11,0.892
C0BE,2017,12,1.452
C074,2017,1,0.940
C074,2017,2,0.562
C074,2017,3,0.596
C074,2017,4,0.411
C074,2017,5,0.373
C074,2017,6,0.210
C074,2017,7,0.330
C074,2017,8,0.242
C074,2017,9,0.234
C074,2017,10,0.246
C074,2017,11,0.435
C074,2017,12,0.730
C009,2017,10,0.786
C009,2017,11,2.677
C009,2017,12,3.824
C0BD,2017,1,1.090
C0BD,2017,2,0.655
C0BD,2017,3,0.810
C0BD,2017,4,0.414
C0BD,2017,5,0.550
C0BD,2017,6,0.237
C0BD,2017,7,0.344
C0BD,2017,8,0.234
C0BD,2017,9,0.383
C0BD,2017,10,0.179
C0BD,2017,11,0.693
C0BD,2017,12,0.958
C0B7,2017,1,1.114
C0B7,2017,2,0.688
C0B7,2017,3,0.610
C0B7,2017,4,0.474
C0B7,2017,5,0.582
C0B7,2017,6,0.312
C0B7,2017,7,0.414
C0B7,2017,8,0.262
C0B7,2017,9,0.498
C0B7,2017,10,0.148
C0B7,2017,11,0.800
C0B7,2017,12,0.934
C057,2017,1,5.123
C057,2017,2,2.759
C057,2017,3,4.234
C057,2017,4,1.068
C057,2017,5,1.432
C057,2017,6,0.720
C057,2017,7,1.116
C057,2017,8,0.573
C057,2017,9,2.776
C057,2017,10,0.558
C057,2017,11,4.262
C057,2017,12,4.420
C063,2017,1,1.448
C063,2017,2,0.938
C063,2017,3,0.848
C063,2017,4,0.440
C063,2017,5,0.530
C063,2017,6,0.413
C063,2017,7,0.372
C063,2017,8,0.256
C063,2017,9,0.406
C063,2017,10,0.155
C063,2017,11,0.801
C063,2017,12,1.484
C0BA,2017,1,2.320
C0BA,2017,2,0.728
C0BA,2017,3,1.258
C0BA,2017,4,0.444
C0BA,2017,5,0.734
C0BA,2017,6,0.340
C0BA,2017,7,0.436
C0BA,2017,8,0.382
C0BA,2017,9,0.714
C0BA,2017,10,0.296
C0BA,2017,11,1.000
C0BA,2017,12,1.460
C0B4,2017,1,2.054
C0B4,2017,2,0.506
C0B4,2017,3,0.587
C0B4,2017,4,0.331
C0B4,2017,5,0.343
C0B4,2017,6,0.150
C0B4,2017,7,0.124
C0B4,2017,8,0.016
C0B4,2017,9,0.024
C0B4,2017,10,0.020
C0B4,2017,11,0.265
C0B4,2017,12,0.870
C054,2017,1,2.815
C054,2017,2,1.105
C054,2017,3,0.900
C054,2017,4,0.836
C054,2017,5,0.982
C054,2017,6,0.281
C054,2017,7,0.347
C054,2017,8,0.165
C054,2017,9,0.397
C054,2017,10,0.145
C054,2017,11,1.576
C054,2017,12,2.287
C0B9,2017,1,2.636
C0B9,2017,2,1.515
C0B9,2017,3,1.779
C0B9,2017,4,1.033
C0B9,2017,5,0.966
C0B9,2017,6,0.868
C0B9,2017,7,1.123
C0B9,2017,8,0.783
C0B9,2017,9,1.270
C0B9,2017,10,0.584
C0B9,2017,11,2.300
C0B9,2017,12,2.750
C0C4,2017,1,1.669
C0C4,2017,2,0.814
C0C4,2017,3,0.523
C0C4,2017,4,0.476
C0C4,2017,5,0.456
C0C4,2017,6,0.409
C0C4,2017,7,0.348
C0C4,2017,8,0.361
C0C4,2017,9,0.341
C0C4,2017,10,0.307
C0C4,2017,11,0.579
C0C4,2017,12,1.115
C0B3,2017,1,2.857
C0B3,2017,2,1.280
C0B3,2017,3,1.050
C0B3,2017,4,0.842
C0B3,2017,5,0.868
C0B3,2017,6,0.364
C0B3,2017,7,0.452
C0B3,2017,8,0.255
C0B3,2017,9,0.391
C0B3,2017,10,0.837
C0B3,2017,11,1.185
C0B3,2017,12,1.452
C0E5,2017,1,1.532
C0E5,2017,2,0.730
C0E5,2017,3,0.946
C0E5,2017,4,0.557
C0E5,2017,5,0.278
C0E5,2017,6,0.475
C0E5,2017,7,0.295
C0E5,2017,8,0.415
C0E5,2017,9,0.350
C0E5,2017,10,0.361
C0E5,2017,11,0.656
C0E5,2017,12,0.885
C0DB,2017,1,1.234
C0DB,2017,2,0.739
C0DB,2017,3,0.840
C0DB,2017,4,0.558
C0DB,2017,5,0.364
C0DB,2017,6,0.446
C0DB,2017,7,0.509
C0DB,2017,8,0.366
C0DB,2017,9,0.294
C0DB,2017,10,0.200
C0DB,2017,11,0.543
C0DB,2017,12,0.988
C0D3,2017,1,0.461
C0D3,2017,2,0.267
C0D3,2017,3,0.310
C0D3,2017,4,0.265
C0D3,2017,5,0.259
C0D3,2017,6,0.193
C0D3,2017,7,0.233
C0D3,2017,8,0.240
C0D3,2017,9,0.274
C0D3,2017,10,0.199
C0D3,2017,11,0.196
C0D3,2017,12,0.363
C0DD,2017,1,2.448
C0DD,2017,2,1.026
C0DD,2017,3,1.659
C0DD,2017,4,0.807
C0DD,2017,5,0.603
C0DD,2017,6,0.514
C0DD,2017,7,0.502
C0DD,2017,8,0.841
C0DD,2017,9,0.715
C0DD,2017,10,0.462
C0DD,2017,11,1.046
C0DD,2017,12,1.587
C0E9,2017,1,2.370
C0E9,2017,2,1.221
C0E9,2017,3,1.412
C0E9,2017,4,0.890
C0E9,2017,5,0.472
C0E9,2017,6,0.909
C0E9,2017,7,0.542
C0E9,2017,8,0.987
C0E9,2017,9,0.625
C0E9,2017,10,0.560
C0E9,2017,11,0.940
C0E9,2017,12,1.478
C078,2017,1,3.794
C078,2017,2,1.337
C078,2017,3,1.819
C078,2017,4,0.987
C078,2017,5,0.793
C078,2017,6,0.526
C078,2017,7,0.652
C078,2017,8,0.482
C078,2017,9,0.560
C078,2017,10,0.516
C078,2017,11,1.138
C078,2017,12,2.064
C052,2017,1,2.689
C052,2017,2,0.880
C052,2017,3,1.745
C052,2017,4,0.736
C052,2017,5,0.364
C052,2017,6,0.388
C052,2017,7,0.335
C052,2017,8,0.801
C052,2017,9,1.058
C052,2017,10,0.325
C052,2017,11,1.152
C052,2017,12,1.063
C0E1,2017,1,1.356
C0E1,2017,2,0.723
C0E1,2017,3,0.935
C0E1,2017,4,0.605
C0E1,2017,5,0.327
C0E1,2017,6,0.730
C0E1,2017,7,0.479
C0E1,2017,8,0.836
C0E1,2017,9,0.585
C0E1,2017,10,0.662
C0E1,2017,11,0.779
C0E1,2017,12,0.888
C077,2017,1,2.046
C077,2017,2,0.832
C077,2017,3,1.416
C077,2017,4,0.632
C077,2017,5,0.415
C077,2017,6,0.562
C077,2017,7,0.448
C077,2017,8,0.606
C077,2017,9,0.991
C077,2017,10,0.479
C077,2017,11,1.145
C077,2017,12,1.094
C080,2017,1,1.575
C080,2017,2,0.700
C080,2017,3,1.209
C080,2017,4,0.724
C080,2017,5,0.334
C080,2017,6,0.520
C080,2017,7,0.581
C080,2017,8,0.671
C080,2017,9,1.041
C080,2017,10,0.424
C080,2017,11,0.842
C080,2017,12,0.813
C0E8,2017,1,2.051
C0E8,2017,2,1.011
C0E8,2017,3,1.393
C0E8,2017,4,0.815
C0E8,2017,5,0.319
C0E8,2017,6,0.405
C0E8,2017,7,0.379
C0E8,2017,8,0.582
C0E8,2017,9,0.731
C0E8,2017,10,0.366
C0E8,2017,11,1.134
C0E8,2017,12,1.289
C0EA,2017,1,1.064
C0EA,2017,2,0.452
C0EA,2017,3,0.930
C0EA,2017,4,0.406
C0EA,2017,5,0.308
C0EA,2017,6,0.318
C0EA,2017,7,0.264
C0EA,2017,8,0.311
C0EA,2017,9,0.488
C0EA,2017,10,0.250
C0EA,2017,11,0.649
C0EA,2017,12,0.728
C0F0,2017,1,2.163
C0F0,2017,2,0.968
C0F0,2017,3,1.563
C0F0,2017,4,0.860
C0F0,2017,5,0.504
C0F0,2017,6,0.714
C0F0,2017,7,0.542
C0F0,2017,8,0.802
C0F0,2017,9,1.040
C0F0,2017,10,0.626
C0F0,2017,11,1.121
C0F0,2017,12,1.371
C0E7,2017,1,1.164
C0E7,2017,2,0.643
C0E7,2017,3,0.790
C0E7,2017,4,0.440
C0E7,2017,5,0.268
C0E7,2017,6,0.324
C0E7,2017,7,0.473
C0E7,2017,8,0.446
C0E7,2017,9,0.190
C0E7,2017,10,0.152
C0E7,2017,11,0.378
C0E7,2017,12,0.804
C0DC,2017,1,1.152
C0DC,2017,2,0.556
C0DC,2017,3,0.869
C0DC,2017,4,0.306
C0DC,2017,5,0.270
C0DC,2017,6,0.222
C0DC,2017,7,0.226
C0DC,2017,8,0.338
C0DC,2017,9,0.258
C0DC,2017,10,0.186
C0DC,2017,11,0.514
C0DC,2017,12,0.816
C0EC,2017,1,3.840
C0EC,2017,2,1.446
C0EC,2017,3,2.637
C0EC,2017,4,1.115
C0EC,2017,5,0.546
C0EC,2017,6,0.774
C0EC,2017,7,0.600
C0EC,2017,8,0.993
C0EC,2017,9,1.118
C0EC,2017,10,0.596
C0EC,2017,11,1.529
C0EC,2017,12,2.199
C0DE,2017,1,0.808
C0DE,2017,2,0.385
C0DE,2017,3,0.644
C0DE,2017,4,0.257
C0DE,2017,5,0.218
C0DE,2017,6,0.206
C0DE,2017,7,0.276
C0DE,2017,8,0.263
C0DE,2017,9,0.180
C0DE,2017,10,0.138
C0DE,2017,11,0.375
C0DE,2017,12,0.585
C0F4,2017,1,1.123
C0F4,2017,2,0.572
C0F4,2017,3,1.235
C0F4,2017,4,0.597
C0F4,2017,5,0.390
C0F4,2017,6,0.712
C0F4,2017,7,0.559
C0F4,2017,8,1.265
C0F4,2017,9,0.862
C0F4,2017,10,0.415
C0F4,2017,11,0.916
C0F4,2017,12,0.901
C0D1,2017,1,2.235
C0D1,2017,2,0.923
C0D1,2017,3,1.118
C0D1,2017,4,0.729
C0D1,2017,5,0.396
C0D1,2017,6,0.408
C0D1,2017,7,0.540
C0D1,2017,8,0.319
C0D1,2017,9,0.378
C0D1,2017,10,0.379
C0D1,2017,11,0.791
C0D1,2017,12,1.045
C0D2,2017,1,1.756
C0D2,2017,2,1.030
C0D2,2017,3,1.040
C0D2,2017,4,0.776
C0D2,2017,5,0.650
C0D2,2017,6,0.466
C0D2,2017,7,0.667
C0D2,2017,8,0.486
C0D2,2017,9,0.506
C0D2,2017,10,0.488
C0D2,2017,11,0.908
C0D2,2017,12,1.366
C0D0,2017,1,0.742
C0D0,2017,2,0.430
C0D0,2017,3,0.539
C0D0,2017,4,0.242
C0D0,2017,5,0.294
C0D0,2017,6,0.242
C0D0,2017,7,0.374
C0D0,2017,8,0.118
C0D0,2017,9,0.232
C0D0,2017,10,0.190
C0D0,2017,11,0.438
C0D0,2017,12,0.462
C076,2018,1,1.472
C076,2018,2,1.293
C076,2018,3,0.586
C076,2018,4,3.169
C076,2018,5,0.292
C076,2018,6,0.398
C076,2018,7,0.157
C076,2018,8,0.093
C076,2018,9,0.077
C076,2018,10,0.108
C076,2018,11,0.121
C076,2018,12,0.098
C0A4,2018,1,0.856
C0A4,2018,2,0.844
C0A4,2018,3,0.885
C0A4,2018,4,1.574
C0A4,2018,5,0.498
C0A4,2018,6,0.433
C0A4,2018,7,0.275
C0A4,2018,8,0.180
C0A4,2018,9,0.274
C0A4,2018,10,0.255
C0A4,2018,11,0.449
C0A4,2018,12,0.417
C056,2018,1,1.707
C056,2018,2,1.492
C056,2018,3,1.422
C056,2018,4,1.945
C056,2018,5,1.289
C056,2018,6,0.948
C056,2018,7,1.385
C056,2018,8,0.666
C056,2018,9,0.636
C056,2018,10,0.740
C056,2018,11,0.516
C056,2018,12,0.491
C0A3,2018,1,1.017
C0A3,2018,2,0.961
C0A3,2018,3,1.030
C0A3,2018,4,1.669
C0A3,2018,5,0.835
C0A3,2018,6,0.785
C0A3,2018,7,0.577
C0A3,2018,8,0.453
C0A3,2018,9,0.524
C0A3,2018,10,0.535
C0A3,2018,11,0.789
C0A3,2018,12,0.699
C0A2,2018,1,0.907
C0A2,2018,2,0.941
C0A2,2018,3,0.725
C0A2,2018,4,1.692
C0A2,2018,5,0.471
C0A2,2018,6,0.512
C0A2,2018,7,0.560
C0A2,2018,8,0.127
C0A2,2018,11,0.545
C0A2,2018,12,0.707
C0AA,2018,1,1.787
C0AA,2018,2,1.133
C0AA,2018,3,0.842
C0AA,2018,4,2.941
C0AA,2018,5,0.609
C0AA,2018,6,1.634
C0AA,2018,7,0.400
C0AA,2018,8,0.137
C0AA,2018,9,0.147
C0AA,2018,10,0.218
C0AA,2018,11,0.502
C0AA,2018,12,0.710
C067,2018,1,1.406
C067,2018,2,1.218
C067,2018,3,1.072
C067,2018,4,1.181
C067,2018,5,0.822
C067,2018,6,1.114
C067,2018,7,0.676
C067,2018,8,0.152
C067,2018,9,0.108
C067,2018,10,0.578
C067,2018,11,0.548
C067,2018,12,0.470
C055,2018,1,0.843
C055,2018,2,1.266
C055,2018,3,0.754
C055,2018,4,1.959
C055,2018,5,0.273
C055,2018,6,0.644
C055,2018,7,0.401
C055,2018,8,0.042
C055,2018,10,0.128
C055,2018,11,0.377
C055,2018,12,0.441
C0A1,2018,1,0.319
C0A1,2018,2,0.299
C0A1,2018,3,0.491
C0A1,2018,4,0.873
C0A1,2018,5,0.664
C0A1,2018,6,0.563
C0A1,2018,7,0.372
C0A1,2018,8,0.224
C0A1,2018,9,0.253
C0A1,2018,10,0.226
C0A1,2018,11,0.219
C0A1,2018,12,0.229
C051,2018,1,1.129
C051,2018,2,1.219
C051,2018,3,1.038
C051,2018,4,1.079
C051,2018,5,0.978
C051,2018,6,0.758
C051,2018,7,0.833
C051,2018,8,0.126
C051,2018,9,0.100
C051,2018,10,0.486
C051,2018,11,0.512
C051,2018,12,0.422
C0A0,2018,1,0.745
C0A0,2018,2,1.550
C0A0,2018,3,0.869
C0A0,2018,4,1.409
C0A0,2018,5,0.654
C0A0,2018,6,0.506
C0A0,2018,7,0.686
C0A0,2018,8,0.283
C0A0,2018,9,0.322
C0A0,2018,10,0.981
C0A0,2018,11,1.023
C0A0,2018,12,0.459
C0B1,2018,1,3.137
C0B1,2018,2,3.136
C0B1,2018,3,2.026
C0B1,2018,4,3.546
C0B1,2018,5,1.112
C0B1,2018,6,2.302
C0B1,2018,7,1.516
C0B1,2018,8,0.363
C0B1,2018,9,0.136
C0B1,2018,10,1.913
C0B1,2018,11,1.226
C0B1,2018,12,0.811
C079,2018,1,3.564
C079,2018,2,2.049
C079,2018,3,1.212
C079,2018,4,3.087
C079,2018,5,0.850
C079,2018,6,2.077
C079,2018,7,1.282
C079,2018,8,0.509
C079,2018,9,0.391
C079,2018,10,1.159
C079,2018,11,0.925
C079,2018,12,0.847
C0C1,2018,1,3.139
C0C1,2018,2,2.936
C0C1,2018,3,2.466
C0C1,2018,4,2.257
C0C1,2018,5,1.148
C0C1,2018,6,1.252
C0C1,2018,7,0.738
C0C1,2018,8,0.609
C0C1,2018,9,0.594
C0C1,2018,10,1.122
C0C1,2018,11,1.253
C0C1,2018,12,0.767
C032,2018,1,0.886
C032,2018,2,1.057
C032,2018,3,0.667
C032,2018,4,0.986
C032,2018,5,0.510
C032,2018,6,0.997
C032,2018,7,0.900
C032,2018,8,0.370
C032,2018,9,0.244
C032,2018,10,0.674
C032,2018,11,0.521
C032,2018,12,0.352
C0C2,2018,1,1.712
C0C2,2018,2,1.629
C0C2,2018,3,1.430
C0C2,2018,4,1.228
C0C2,2018,5,0.470
C0C2,2018,6,0.482
C0C2,2018,7,0.317
C0C2,2018,8,0.270
C0C2,2018,9,0.302
C0C2,2018,10,0.380
C0C2,2018,11,0.532
C0C2,2018,12,0.313
C0BE,2018,1,1.484
C0BE,2018,2,1.254
C0BE,2018,3,0.756
C0BE,2018,4,1.328
C0BE,2018,5,0.516
C0BE,2018,6,0.838
C0BE,2018,7,0.433
C0BE,2018,8,0.442
C0BE,2018,9,0.460
C0BE,2018,10,1.008
C0BE,2018,11,0.692
C0BE,2018,12,1.058
C074,2018,1,0.939
C074,2018,2,0.782
C074,2018,3,0.509
C074,2018,4,0.770
C074,2018,5,0.408
C074,2018,6,0.925
C074,2018,7,0.462
C074,2018,8,0.300
C074,2018,9,0.207
C074,2018,10,0.457
C074,2018,11,0.403
C074,2018,12,0.364
C009,2018,1,5.090
C009,2018,2,4.209
C009,2018,3,2.866
C009,2018,4,5.234
C009,2018,5,1.663
C009,2018,6,2.856
C009,2018,7,2.439
C009,2018,8,0.747
C009,2018,9,0.529
C009,2018,10,2.621
C009,2018,11,1.807
C009,2018,12,1.432
C0BD,2018,1,1.055
C0BD,2018,2,0.904
C0BD,2018,3,0.637
C0BD,2018,4,1.052
C0BD,2018,5,0.482
C0BD,2018,6,0.658
C0BD,2018,7,0.542
C0BD,2018,8,0.297
C0BD,2018,9,0.209
C0BD,2018,10,0.718
C0BD,2018,11,0.514
C0BD,2018,12,0.877
C0B7,2018,1,0.975
C0B7,2018,2,0.924
C0B7,2018,3,0.666
C0B7,2018,4,1.212
C0B7,2018,5,0.512
C0B7,2018,6,0.477
C0B7,2018,7,0.377
C0B7,2018,8,0.190
C0B7,2018,9,0.166
C0B7,2018,10,0.728
C0B7,2018,11,0.625
C0B7,2018,12,0.478
C057,2018,1,6.436
C057,2018,2,4.774
C057,2018,3,2.442
C057,2018,4,5.031
C057,2018,5,1.393
C057,2018,6,3.121
C057,2018,7,1.336
C057,2018,8,0.800
C057,2018,9,0.384
C057,2018,10,3.539
C057,2018,11,2.561
C057,2018,12,2.439
C063,2018,1,3.990
C063,2018,2,1.262
C063,2018,3,0.744
C063,2018,4,1.328
C063,2018,5,0.460
C063,2018,6,0.478
C063,2018,7,0.713
C063,2018,8,0.329
C063,2018,9,0.160
C063,2018,10,0.876
C063,2018,11,0.568
C063,2018,12,0.558
C0BA,2018,1,1.812
C0BA,2018,2,1.434
C0BA,2018,3,0.808
C0BA,2018,4,1.642
C0BA,2018,5,0.502
C0BA,2018,6,0.946
C0BA,2018,7,0.340
C0BA,2018,8,0.424
C0BA,2018,9,0.246
C0BA,2018,10,1.356
C0BA,2018,11,0.798
C0BA,2018,12,1.170
C0B4,2018,1,1.211
C0B4,2018,2,1.617
C0B4,2018,3,0.746
C0B4,2018,4,1.417
C0B4,2018,5,0.359
C0B4,2018,6,1.493
C0B4,2018,7,1.282
C0B4,2018,9,0.034
C0B4,2018,10,0.754
C0B4,2018,11,0.426
C0B4,2018,12,0.262
C054,2018,1,2.073
C054,2018,2,2.048
C054,2018,3,1.398
C054,2018,4,3.067
C054,2018,5,0.774
C054,2018,6,0.794
C054,2018,7,0.274
C054,2018,8,0.193
C054,2018,11,1.406
C054,2018,12,0.884
C0B9,2018,1,2.860
C0B9,2018,2,2.539
C0B9,2018,3,1.405
C0B9,2018,4,2.776
C0B9,2018,5,1.097
C0B9,2018,6,0.874
C0B9,2018,7,1.275
C0B9,2018,8,0.579
C0B9,2018,12,0.745
C0C4,2018,1,1.635
C0C4,2018,2,1.508
C0C4,2018,3,1.320
C0C4,2018,4,1.176
C0C4,2018,5,0.615
C0C4,2018,6,0.659
C0C4,2018,7,0.384
C0C4,2018,8,0.323
C0C4,2018,9,0.338
C0C4,2018,10,0.655
C0C4,2018,11,0.648
C0C4,2018,12,0.406
C0B3,2018,1,1.996
C0B3,2018,2,2.206
C0B3,2018,3,1.580
C0B3,2018,4,2.912
C0B3,2018,5,0.760
C0B3,2018,6,1.069
C0B3,2018,7,1.391
C0B3,2018,8,0.484
C0B3,2018,9,0.226
C0B3,2018,10,1.158
C0B3,2018,11,0.900
C0B3,2018,12,0.987
C0E5,2018,1,0.878
C0E5,2018,2,1.230
C0E5,2018,3,0.721
C0E5,2018,4,1.452
C0E5,2018,5,0.672
C0E5,2018,6,0.339
C0E5,2018,7,1.169
C0E5,2018,8,0.200
C0E5,2018,9,0.286
C0E5,2018,10,0.629
C0E5,2018,11,0.590
C0E5,2018,12,0.763
C0DB,2018,1,0.902
C0DB,2018,2,0.964
C0DB,2018,3,0.751
C0DB,2018,4,1.258
C0DB,2018,5,0.484
C0DB,2018,6,0.925
C0DB,2018,7,0.363
C0DB,2018,8,0.200
C0DB,2018,9,0.376
C0DB,2018,10,0.676
C0DB,2018,11,0.669
C0DB,2018,12,0.820
C0D3,2018,1,0.385
C0D3,2018,2,0.421
C0D3,2018,3,0.292
C0D3,2018,4,0.436
C0D3,2018,5,0.273
C0D3,2018,6,0.547
C0D3,2018,7,0.403
C0D3,2018,8,0.180
C0D3,2018,9,0.163
C0D3,2018,10,0.223
C0D3,2018,11,0.298
C0D3,2018,12,0.262
C0DD,2018,1,1.553
C0DD,2018,2,1.902
C0DD,2018,3,1.027
C0DD,2018,4,2.424
C0DD,2018,5,0.718
C0DD,2018,6,0.791
C0DD,2018,7,0.560
C0DD,2018,8,0.449
C0DD,2018,9,0.411
C0DD,2018,10,1.262
C0DD,2018,11,1.044
C0DD,2018,12,1.101
C0E9,2018,1,1.466
C0E9,2018,2,1.763
C0E9,2018,3,1.124
C0E9,2018,4,2.715
C0E9,2018,5,1.134
C0E9,2018,6,0.802
C0E9,2018,7,1.788
C0E9,2018,8,0.338
C0E9,2018,9,0.412
C0E9,2018,10,0.919
C0E9,2018,11,0.974
C0E9,2018,12,1.172
C078,2018,1,2.207
C078,2018,2,2.381
C078,2018,3,1.370
C078,2018,4,3.486
C078,2018,5,0.878
C078,2018,6,1.659
C078,2018,7,0.576
C078,2018,8,0.526
C078,2018,9,0.508
C078,2018,10,1.214
C078,2018,11,1.104
C078,2018,12,1.272
C052,2018,1,1.421
C052,2018,2,2.122
C052,2018,3,1.094
C052,2018,4,2.246
C052,2018,5,0.599
C052,2018,6,1.053
C052,2018,7,0.522
C052,2018,8,0.555
C052,2018,9,0.213
C052,2018,10,0.449
C052,2018,11,0.860
C052,2018,12,1.225
C0E1,2018,1,0.961
C0E1,2018,2,1.159
C0E1,2018,3,0.749
C0E1,2018,4,1.293
C0E1,2018,5,0.621
C0E1,2018,6,0.456
C0E1,2018,7,0.719
C0E1,2018,8,0.236
C0E1,2018,9,0.231
C0E1,2018,10,0.715
C0E1,2018,11,0.764
C0E1,2018,12,0.760
C077,2018,1,1.174
C077,2018,2,1.806
C077,2018,3,0.832
C077,2018,4,2.032
C077,2018,5,0.568
C077,2018,6,0.726
C077,2018,7,0.472
C077,2018,8,0.336
C077,2018,9,0.512
C077,2018,10,0.622
C077,2018,11,0.886
C077,2018,12,1.169
C080,2018,1,1.372
C080,2018,2,1.454
C080,2018,3,0.706
C080,2018,4,1.599
C080,2018,5,0.715
C080,2018,6,1.124
C080,2018,7,0.578
C080,2018,8,0.283
C080,2018,9,0.246
C080,2018,10,0.640
C080,2018,11,0.535
C080,2018,12,0.967
C0E8,2018,1,1.245
C0E8,2018,2,1.655
C0E8,2018,3,0.870
C0E8,2018,4,2.208
C0E8,2018,5,0.583
C0E8,2018,6,0.634
C0E8,2018,7,0.417
C0E8,2018,8,0.235
C0E8,2018,9,0.237
C0E8,2018,10,0.613
C0E8,2018,11,0.908
C0E8,2018,12,1.062
C0EA,2018,1,0.617
C0EA,2018,2,1.082
C0EA,2018,3,0.504
C0EA,2018,4,1.165
C0EA,2018,5,0.366
C0EA,2018,6,0.454
C0EA,2018,7,0.318
C0EA,2018,8,0.228
C0EA,2018,9,0.224
C0EA,2018,10,0.478
C0EA,2018,11,0.540
C0EA,2018,12,0.582
C0F0,2018,1,1.423
C0F0,2018,2,1.886
C0F0,2018,3,1.084
C0F0,2018,4,2.068
C0F0,2018,5,0.716
C0F0,2018,6,1.475
C0F0,2018,7,0.590
C0F0,2018,8,0.462
C0F0,2018,9,0.396
C0F0,2018,10,0.648
C0F0,2018,11,0.774
C0F0,2018,12,1.368
C0E7,2018,1,0.843
C0E7,2018,2,0.844
C0E7,2018,3,0.666
C0E7,2018,4,1.260
C0E7,2018,5,0.296
C0E7,2018,6,0.587
C0E7,2018,7,0.386
C0E7,2018,8,0.128
C0E7,2018,9,0.381
C0E7,2018,10,0.430
C0E7,2018,11,0.462
C0E7,2018,12,0.564
C0DC,2018,1,0.894
C0DC,2018,2,1.148
C0DC,2018,3,0.653
C0DC,2018,4,1.390
C0DC,2018,5,0.322
C0DC,2018,6,0.366
C0DC,2018,7,0.386
C0DC,2018,8,0.215
C0DC,2018,9,0.189
C0DC,2018,10,0.649
C0DC,2018,11,0.528
C0DC,2018,12,0.476
C0EC,2018,1,1.972
C0EC,2018,2,3.398
C0EC,2018,3,1.364
C0EC,2018,4,4.326
C0EC,2018,5,1.016
C0EC,2018,6,0.899
C0EC,2018,7,1.464
C0EC,2018,8,0.430
C0EC,2018,9,0.493
C0EC,2018,10,1.113
C0EC,2018,11,1.281
C0EC,2018,12,1.738
C0DE,2018,1,0.513
C0DE,2018,2,0.719
C0DE,2018,3,0.439
C0DE,2018,4,0.782
C0DE,2018,5,0.293
C0DE,2018,6,0.355
C0DE,2018,7,0.273
C0DE,2018,8,0.142
C0DE,2018,9,0.109
C0DE,2018,10,0.432
C0DE,2018,11,0.420
C0DE,2018,12,0.414
C0F4,2018,1,1.091
C0F4,2018,2,1.235
C0F4,2018,3,0.579
C0F4,2018,4,1.884
C0F4,2018,5,0.565
C0F4,2018,6,1.411
C0F4,2018,7,1.051
C0F4,2018,8,0.304
C0F4,2018,9,0.342
C0F4,2018,10,0.599
C0F4,2018,11,0.654
C0F4,2018,12,0.886
C0D1,2018,1,1.097
C0D1,2018,2,1.475
C0D1,2018,3,1.010
C0D1,2018,4,2.276
C0D1,2018,5,0.635
C0D1,2018,6,0.962
C0D1,2018,7,0.467
C0D1,2018,8,0.295
C0D1,2018,9,0.457
C0D1,2018,10,0.726
C0D1,2018,11,0.958
C0D1,2018,12,0.733
C0D2,2018,1,1.411
C0D2,2018,2,1.443
C0D2,2018,3,1.064
C0D2,2018,4,1.773
C0D2,2018,5,0.760
C0D2,2018,6,0.924
C0D2,2018,7,0.911
C0D2,2018,8,0.324
C0D2,2018,9,0.894
C0D2,2018,10,0.884
C0D2,2018,11,0.862
C0D2,2018,12,0.700
C0D0,2018,1,0.484
C0D0,2018,2,0.554
C0D0,2018,3,0.520
C0D0,2018,4,0.698
C0D0,2018,5,0.376
C0D0,2018,6,0.196
C0D0,2018,7,0.372
C0D0,2018,8,0.132
C0D0,2018,9,0.078
C0D0,2018,10,0.378
C0D0,2018,11,0.484
C0D0,2018,12,0.280
C076,2019,1,2.428
C076,2019,2,2.616
C076,2019,3,0.083
C076,2019,4,0.111
C076,2019,5,0.075
C076,2019,6,0.067
C076,2019,7,0.077
C076,2019,8,0.086
C076,2019,9,0.083
C076,2019,10,0.085
C076,2019,11,0.811
C076,2019,12,1.957
C0A4,2019,1,1.688
C0A4,2019,2,1.017
C0A4,2019,3,0.270
C0A4,2019,4,0.360
C0A4,2019,5,0.311
C0A4,2019,6,0.242
C0A4,2019,7,0.179
C0A4,2019,8,0.285
C0A4,2019,9,0.116
C0A4,2019,10,0.131
C0A4,2019,11,0.789
C0A4,2019,12,0.880
C056,2019,1,1.762
C056,2019,2,1.691
C056,2019,3,0.330
C056,2019,4,0.452
C056,2019,5,0.520
C056,2019,6,0.569
C056,2019,7,0.618
C056,2019,8,1.109
C056,2019,9,0.629
C056,2019,10,0.594
C056,2019,11,1.613
C056,2019,12,1.566
C0A3,2019,1,1.654
C0A3,2019,2,1.250
C0A3,2019,3,0.521
C0A3,2019,4,0.744
C0A3,2019,5,0.694
C0A3,2019,6,0.516
C0A3,2019,7,0.479
C0A3,2019,8,0.522
C0A3,2019,9,0.476
C0A3,2019,10,0.487
C0A3,2019,11,1.108
C0A3,2019,12,1.215
C0A2,2019,1,1.603
C0A2,2019,2,1.266
C0A2,2019,3,0.310
C0A2,2019,4,0.323
C0A2,2019,5,0.714
C0A2,2019,6,0.251
C0A2,2019,7,0.180
C0A2,2019,8,0.459
C0A2,2019,9,0.302
C0A2,2019,10,0.262
C0A2,2019,11,0.987
C0A2,2019,12,2.216
C0AA,2019,1,2.798
C0AA,2019,2,2.284
C0AA,2019,3,0.312
C0AA,2019,4,0.372
C0AA,2019,5,0.463
C0AA,2019,6,0.331
C0AA,2019,7,0.223
C0AA,2019,8,0.415
C0AA,2019,9,0.280
C0AA,2019,10,0.223
C0AA,2019,11,1.975
C0AA,2019,12,2.786
C067,2019,1,1.602
C067,2019,2,1.018
C067,2019,3,0.456
C067,2019,4,0.562
C067,2019,5,0.296
C067,2019,6,0.178
C067,2019,7,0.232
C067,2019,8,0.321
C067,2019,9,0.302
C067,2019,10,0.554
C067,2019,11,1.008
C067,2019,12,1.108
C055,2019,1,1.983
C055,2019,2,1.530
C055,2019,3,0.202
C055,2019,4,0.249
C055,2019,5,0.569
C055,2019,6,0.190
C055,2019,11,0.925
C055,2019,12,1.670
C0A1,2019,1,0.533
C0A1,2019,2,0.378
C0A1,2019,3,0.250
C0A1,2019,4,0.411
C0A1,2019,5,0.263
C0A1,2019,6,0.254
C0A1,2019,7,0.256
C0A1,2019,8,0.345
C0A1,2019,9,0.252
C0A1,2019,10,0.192
C0A1,2019,11,0.414
C0A1,2019,12,0.314
C051,2019,1,2.343
C051,2019,2,1.621
C051,2019,3,0.428
C051,2019,4,0.576
C051,2019,5,0.220
C051,2019,6,0.146
C051,2019,7,0.148
C051,2019,8,0.157
C051,2019,9,0.292
C051,2019,10,0.554
C051,2019,11,0.909
C051,2019,12,1.060
C0A0,2019,1,1.661
C0A0,2019,2,1.183
C0A0,2019,3,0.732
C0A0,2019,4,0.518
C0A0,2019,5,0.532
C0A0,2019,6,0.274
C0A0,2019,7,0.223
C0A0,2019,8,0.277
C0A0,2019,9,0.664
C0A0,2019,10,0.603
C0A0,2019,11,1.058
C0A0,2019,12,1.203
C0B1,2019,1,3.865
C0B1,2019,2,3.445
C0B1,2019,3,0.922
C0B1,2019,4,0.963
C0B1,2019,5,1.016
C0B1,2019,6,0.346
C0B1,2019,7,0.396
C0B1,2019,8,0.286
C0B1,2019,9,0.828
C0B1,2019,10,1.111
C0B1,2019,11,2.850
C0B1,2019,12,3.544
C079,2019,1,2.604
C079,2019,2,2.114
C079,2019,3,0.691
C079,2019,4,0.737
C079,2019,5,1.176
C079,2019,6,0.456
C079,2019,7,0.514
C079,2019,8,0.448
C079,2019,9,1.009
C079,2019,10,0.902
C079,2019,11,3.202
C079,2019,12,3.845
C0C1,2019,1,3.796
C0C1,2019,2,3.465
C0C1,2019,3,0.734
C0C1,2019,4,0.850
C0C1,2019,5,0.730
C0C1,2019,6,0.605
C0C1,2019,7,0.571
C0C1,2019,8,0.591
C0C1,2019,9,0.657
C0C1,2019,10,0.933
C0C1,2019,11,2.109
C0C1,2019,12,2.524
C032,2019,1,1.265
C032,2019,2,0.965
C032,2019,3,0.500
C032,2019,4,0.460
C032,2019,5,0.339
C032,2019,6,0.279
C032,2019,7,0.326
C032,2019,8,0.304
C032,2019,9,0.501
C032,2019,10,0.355
C032,2019,11,0.772
C032,2019,12,0.896
C0C2,2019,1,2.256
C0C2,2019,2,2.124
C0C2,2019,3,0.350
C0C2,2019,4,0.372
C0C2,2019,5,0.328
C0C2,2019,6,0.293
C0C2,2019,7,0.293
C0C2,2019,8,0.260
C0C2,2019,9,0.321
C0C2,2019,10,0.364
C0C2,2019,11,0.959
C0C2,2019,12,1.215
C0BE,2019,1,1.363
C0BE,2019,2,1.147
C0BE,2019,3,0.497
C0BE,2019,4,0.554
C0BE,2019,5,0.964
C0BE,2019,6,0.383
C0BE,2019,7,0.303
C0BE,2019,8,0.261
C0BE,2019,9,0.544
C0BE,2019,10,0.545
C0BE,2019,11,1.582
C0BE,2019,12,1.655
C074,2019,1,1.190
C074,2019,2,0.718
C074,2019,3,0.268
C074,2019,4,0.372
C074,2019,5,0.584
C074,2019,6,0.231
C074,2019,7,0.233
C074,2019,8,0.279
C074,2019,9,0.444
C074,2019,10,0.416
C074,2019,11,1.380
C074,2019,12,1.693
C009,2019,1,5.110
C009,2019,2,4.900
C009,2019,3,1.481
C009,2019,4,1.484
C009,2019,5,1.962
C009,2019,6,0.802
C009,2019,7,0.772
C009,2019,8,0.692
C009,2019,9,1.415
C009,2019,10,1.751
C009,2019,11,4.953
C009,2019,12,5.474
C0BD,2019,1,1.033
C0BD,2019,2,0.744
C0BD,2019,3,0.384
C0BD,2019,4,0.325
C0BD,2019,5,0.806
C0BD,2019,6,0.300
C0BD,2019,7,0.243
C0BD,2019,8,0.222
C0BD,2019,9,0.593
C0BD,2019,10,0.490
C0BD,2019,11,1.485
C0BD,2019,12,1.299
C0B7,2019,1,1.091
C0B7,2019,2,0.838
C0B7,2019,3,0.430
C0B7,2019,4,0.414
C0B7,2019,5,0.630
C0B7,2019,6,0.212
C0B7,2019,7,0.306
C0B7,2019,8,0.192
C0B7,2019,9,0.469
C0B7,2019,10,0.584
C0B7,2019,11,1.073
C0B7,2019,12,1.294
C057,2019,1,4.939
C057,2019,2,4.732
C057,2019,3,2.064
C057,2019,4,2.061
C057,2019,5,10.354
C057,2019,7,0.708
C057,2019,8,0.591
C057,2019,9,1.083
C057,2019,10,3.079
C057,2019,11,5.254
C057,2019,12,5.246
C063,2019,1,1.594
C063,2019,2,1.131
C063,2019,3,0.510
C063,2019,4,0.668
C063,2019,5,1.102
C063,2019,6,0.224
C063,2019,7,0.320
C063,2019,8,0.226
C063,2019,9,0.843
C063,2019,10,0.662
C063,2019,11,1.622
C063,2019,12,1.622
C0BA,2019,1,1.872
C0BA,2019,2,1.464
C0BA,2019,3,0.492
C0BA,2019,4,0.412
C0BA,2019,5,1.040
C0BA,2019,6,0.292
C0BA,2019,7,0.250
C0BA,2019,8,0.154
C0BA,2019,9,0.612
C0BA,2019,10,0.542
C0BA,2019,11,1.809
C0BA,2019,12,2.226
C0B4,2019,1,2.080
C0B4,2019,2,1.539
C0B4,2019,3,0.349
C0B4,2019,4,0.310
C0B4,2019,5,0.269
C0B4,2019,6,0.088
C0B4,2019,7,0.121
C0B4,2019,8,0.136
C0B4,2019,9,0.159
C0B4,2019,10,0.223
C0B4,2019,11,0.921
C0B4,2019,12,1.454
C054,2019,1,2.735
C054,2019,2,2.238
C054,2019,3,0.560
C054,2019,4,0.663
C054,2019,5,1.249
C054,2019,6,0.204
C054,2019,7,0.303
C054,2019,8,0.258
C054,2019,9,0.602
C054,2019,10,0.931
C054,2019,11,2.783
C054,2019,12,2.966
C0B9,2019,1,2.383
C0B9,2019,2,2.192
C0B9,2019,3,1.113
C0B9,2019,4,1.051
C0B9,2019,5,0.894
C0B9,2019,6,0.613
C0B9,2019,7,0.874
C0B9,2019,8,0.863
C0B9,2019,9,1.154
C0B9,2019,10,1.227
C0B9,2019,11,2.436
C0B9,2019,12,1.975
C0C4,2019,1,1.863
C0C4,2019,2,1.760
C0C4,2019,3,0.418
C0C4,2019,4,0.442
C0C4,2019,5,0.357
C0C4,2019,6,0.315
C0C4,2019,7,0.292
C0C4,2019,8,0.292
C0C4,2019,9,0.306
C0C4,2019,10,0.421
C0C4,2019,11,1.058
C0C4,2019,12,1.300
C0B3,2019,1,2.821
C0B3,2019,2,2.102
C0B3,2019,3,0.819
C0B3,2019,4,0.848
C0B3,2019,5,0.604
C0B3,2019,6,0.470
C0B3,2019,7,0.324
C0B3,2019,8,0.332
C0B3,2019,9,0.496
C0B3,2019,10,0.847
C0B3,2019,11,1.605
C0B3,2019,12,1.936
C0E5,2019,1,1.557
C0E5,2019,2,1.539
C0E5,2019,3,0.508
C0E5,2019,4,0.514
C0E5,2019,5,0.786
C0E5,2019,6,0.330
C0E5,2019,7,0.282
C0E5,2019,8,0.465
C0E5,2019,9,0.182
C0E5,2019,10,0.418
C0E5,2019,11,1.084
C0E5,2019,12,1.223
C0DB,2019,1,1.308
C0DB,2019,2,1.223
C0DB,2019,3,0.404
C0DB,2019,4,0.700
C0DB,2019,5,0.742
C0DB,2019,6,0.426
C0DB,2019,7,0.267
C0DB,2019,8,0.763
C0DB,2019,9,0.327
C0DB,2019,10,0.472
C0DB,2019,11,1.366
C0DB,2019,12,1.366
C0D3,2019,1,0.494
C0D3,2019,2,0.364
C0D3,2019,3,0.162
C0D3,2019,4,0.261
C0D3,2019,5,0.366
C0D3,2019,6,0.195
C0D3,2019,7,0.263
C0D3,2019,8,0.211
C0D3,2019,9,0.341
C0D3,2019,10,0.255
C0D3,2019,11,0.750
C0D3,2019,12,0.614
C0DD,2019,1,1.802
C0DD,2019,2,1.698
C0DD,2019,3,0.703
C0DD,2019,4,0.979
C0DD,2019,5,1.070
C0DD,2019,6,0.563
C0DD,2019,7,0.411
C0DD,2019,8,0.677
C0DD,2019,9,0.423
C0DD,2019,10,0.744
C0DD,2019,11,1.744
C0DD,2019,12,1.802
C0E9,2019,1,3.004
C0E9,2019,2,3.092
C0E9,2019,3,0.716
C0E9,2019,4,0.904
C0E9,2019,5,1.140
C0E9,2019,6,0.574
C0E9,2019,7,0.470
C0E9,2019,8,0.758
C0E9,2019,9,0.394
C0E9,2019,10,0.722
C0E9,2019,11,1.856
C0E9,2019,12,2.369
C078,2019,1,3.130
C078,2019,2,3.179
C078,2019,3,0.758
C078,2019,4,1.056
C078,2019,5,1.156
C078,2019,6,0.604
C078,2019,7,0.476
C078,2019,8,0.740
C078,2019,9,0.692
C078,2019,10,0.894
C078,2019,11,3.184
C078,2019,12,4.120
C052,2019,1,1.845
C052,2019,2,1.559
C052,2019,3,0.631
C052,2019,4,0.574
C052,2019,5,1.663
C052,2019,6,0.738
C052,2019,7,0.410
C052,2019,8,0.505
C052,2019,9,0.323
C052,2019,10,0.351
C052,2019,11,1.629
C052,2019,12,1.996
C0E1,2019,1,1.317
C0E1,2019,2,1.316
C0E1,2019,3,0.455
C0E1,2019,4,0.656
C0E1,2019,5,0.799
C0E1,2019,6,0.385
C0E1,2019,7,0.338
C0E1,2019,8,0.631
C0E1,2019,9,0.403
C0E1,2019,10,0.783
C0E1,2019,11,1.073
C0E1,2019,12,1.137
C077,2019,1,1.624
C077,2019,2,1.390
C077,2019,3,0.640
C077,2019,4,0.630
C077,2019,5,1.440
C077,2019,6,0.627
C077,2019,7,0.447
C077,2019,8,0.498
C077,2019,9,0.386
C077,2019,10,0.542
C077,2019,11,1.375
C077,2019,12,1.616
C080,2019,1,1.094
C080,2019,2,0.995
C080,2019,3,0.482
C080,2019,4,0.510
C080,2019,5,1.665
C080,2019,6,0.657
C080,2019,7,0.380
C080,2019,8,0.541
C080,2019,9,0.448
C080,2019,10,0.521
C080,2019,11,1.178
C080,2019,12,1.435
C0E8,2019,1,1.697
C0E8,2019,2,1.460
C0E8,2019,3,0.630
C0E8,2019,4,0.639
C0E8,2019,5,1.267
C0E8,2019,6,0.507
C0E8,2019,7,0.400
C0E8,2019,8,0.502
C0E8,2019,9,0.289
C0E8,2019,10,0.419
C0E8,2019,11,1.460
C0E8,2019,12,1.512
C0EA,2019,1,0.841
C0EA,2019,2,0.747
C0EA,2019,3,0.436
C0EA,2019,4,0.506
C0EA,2019,5,0.969
C0EA,2019,6,0.368
C0EA,2019,7,0.310
C0EA,2019,8,0.374
C0EA,2019,9,0.274
C0EA,2019,10,0.344
C0EA,2019,11,0.731
C0EA,2019,12,0.836
C0F0,2019,1,1.733
C0F0,2019,2,1.583
C0F0,2019,3,0.734
C0F0,2019,4,0.642
C0F0,2019,5,2.028
C0F0,2019,6,0.790
C0F0,2019,7,0.592
C0F0,2019,8,0.573
C0F0,2019,9,0.482
C0F0,2019,10,0.744
C0F0,2019,11,1.567
C0F0,2019,12,1.915
C0E7,2019,1,1.254
C0E7,2019,2,1.160
C0E7,2019,3,0.328
C0E7,2019,4,0.567
C0E7,2019,5,0.576
C0E7,2019,6,0.302
C0E7,2019,7,0.250
C0E7,2019,8,0.502
C0E7,2019,9,0.225
C0E7,2019,10,0.330
C0E7,2019,11,0.964
C0E7,2019,12,1.355
C0DC,2019,1,0.985
C0DC,2019,2,0.900
C0DC,2019,3,0.338
C0DC,2019,4,0.558
C0DC,2019,5,0.494
C0DC,2019,6,0.254
C0DC,2019,7,0.178
C0DC,2019,8,0.333
C0DC,2019,9,0.228
C0DC,2019,10,0.318
C0DC,2019,11,0.771
C0DC,2019,12,0.911
C0EC,2019,1,3.286
C0EC,2019,2,3.448
C0EC,2019,3,0.895
C0EC,2019,4,0.984
C0EC,2019,5,2.031
C0EC,2019,6,0.746
C0EC,2019,7,0.564
C0EC,2019,8,0.762
C0EC,2019,9,0.504
C0EC,2019,10,0.796
C0EC,2019,11,2.757
C0EC,2019,12,3.310
C0DE,2019,1,0.748
C0DE,2019,2,0.689
C0DE,2019,3,0.338
C0DE,2019,4,0.418
C0DE,2019,5,0.445
C0DE,2019,6,0.226
C0DE,2019,7,0.138
C0DE,2019,8,0.271
C0DE,2019,9,0.149
C0DE,2019,10,0.277
C0DE,2019,11,0.647
C0DE,2019,12,0.794
C0F4,2019,1,1.137
C0F4,2019,2,0.938
C0F4,2019,3,0.490
C0F4,2019,4,0.566
C0F4,2019,5,2.353
C0F4,2019,6,0.782
C0F4,2019,7,0.541
C0F4,2019,8,0.566
C0F4,2019,9,0.711
C0F4,2019,10,0.718
C0F4,2019,11,1.130
C0F4,2019,12,1.061
C0D1,2019,1,2.100
C0D1,2019,2,2.018
C0D1,2019,3,0.470
C0D1,2019,4,0.927
C0D1,2019,5,1.099
C0D1,2019,6,0.344
C0D1,2019,7,0.336
C0D1,2019,8,0.593
C0D1,2019,9,0.392
C0D1,2019,10,0.572
C0D1,2019,11,1.555
C0D1,2019,12,1.838
C0D2,2019,1,1.923
C0D2,2019,2,1.765
C0D2,2019,3,0.550
C0D2,2019,4,0.834
C0D2,2019,5,0.995
C0D2,2019,6,0.510
C0D2,2019,7,0.440
C0D2,2019,8,0.791
C0D2,2019,9,0.669
C0D2,2019,10,0.692
C0D2,2019,11,1.593
C0D2,2019,12,1.949
C0D0,2019,1,0.748
C0D0,2019,2,0.748
C0D0,2019,3,0.218
C0D0,2019,4,0.580
C0D0,2019,5,0.400
C0D0,2019,6,0.118
C0D0,2019,7,0.134
C0D0,2019,8,0.352
C0D0,2019,9,0.266
C0D0,2019,10,0.336
C0D0,2019,11,0.654
C0D0,2019,12,0.842
