code,year,month,lam_agua_nivel_medio
C076,2016,1,0.082
C076,2016,2,0.349
C076,2016,3,0.890
C076,2016,4,0.159
C076,2016,5,0.066
C076,2016,6,0.058
C076,2016,7,0.054
C076,2016,8,0.054
C076,2016,9,0.052
C076,2016,10,0.049
C076,2016,11,0.059
C076,2016,12,0.046
C056,2016,1,0.287
C056,2016,2,0.657
C056,2016,3,0.947
C056,2016,4,0.543
C056,2016,5,0.339
C056,2016,6,0.431
C056,2016,7,0.435
C056,2016,8,0.374
C056,2016,9,0.505
C056,2016,10,0.276
C056,2016,11,0.160
C056,2016,12,0.151
C0AA,2016,1,0.397
C0AA,2016,2,0.691
C0AA,2016,3,0.741
C0AA,2016,4,0.418
C0AA,2016,5,0.250
C0AA,2016,6,0.164
C0AA,2016,7,0.096
C0AA,2016,8,0.049
C0AA,2016,9,0.067
C0AA,2016,10,0.069
C0AA,2016,11,0.182
C0AA,2016,12,0.193
C067,2016,1,0.270
C067,2016,2,0.503
C067,2016,3,0.573
C067,2016,4,0.392
C067,2016,5,0.209
C067,2016,6,0.140
C067,2016,7,0.111
C067,2016,8,0.093
C067,2016,9,0.111
C067,2016,10,0.093
C067,2016,11,0.215
C067,2016,12,0.150
C055,2016,1,0.133
C055,2016,2,0.329
C055,2016,3,0.413
C055,2016,4,0.218
C055,2016,5,0.095
C055,2016,6,0.096
C055,2016,7,0.111
C055,2016,8,0.115
C055,2016,9,0.084
C055,2016,10,0.109
C055,2016,11,0.304
C055,2016,12,0.314
C051,2016,1,0.203
C051,2016,2,0.393
C051,2016,3,0.408
C051,2016,4,0.278
C051,2016,5,0.151
C051,2016,6,0.115
C051,2016,7,0.094
C051,2016,8,0.084
C051,2016,9,0.093
C051,2016,10,0.081
C051,2016,11,0.170
C051,2016,12,0.118
C0A0,2016,1,0.235
C0A0,2016,2,0.396
C0A0,2016,3,0.468
C0A0,2016,4,0.295
C0A0,2016,5,0.176
C0A0,2016,6,0.122
C0A0,2016,7,0.081
C0A0,2016,8,0.046
C0A0,2016,9,0.086
C0A0,2016,10,0.069
C0A0,2016,11,0.228
C0A0,2016,12,0.165
C0B1,2016,1,0.430
C0B1,2016,2,1.021
C0B1,2016,3,1.177
C0B1,2016,4,0.576
C0B1,2016,5,0.244
C0B1,2016,6,0.165
C0B1,2016,7,0.101
C0B1,2016,8,0.060
C0B1,2016,9,0.142
C0B1,2016,10,0.076
C0B1,2016,11,0.421
C0B1,2016,12,0.179
C079,2016,1,0.470
C079,2016,2,0.806
C079,2016,3,0.799
C079,2016,4,0.493
C079,2016,5,0.341
C079,2016,6,0.307
C079,2016,7,0.274
C079,2016,8,0.240
C079,2016,9,0.275
C079,2016,10,0.251
C079,2016,11,0.473
C079,2016,12,0.303
C0C1,2016,1,0.768
C0C1,2016,2,1.067
C0C1,2016,3,1.337
C0C1,2016,4,0.948
C0C1,2016,5,0.574
C0C1,2016,6,0.482
C0C1,2016,7,0.432
C0C1,2016,8,0.397
C0C1,2016,9,0.411
C0C1,2016,10,0.389
C0C1,2016,11,0.539
C0C1,2016,12,0.461
C032,2016,1,0.281
C032,2016,2,0.413
C032,2016,3,0.455
C032,2016,4,0.341
C032,2016,5,0.257
C032,2016,6,0.241
C032,2016,7,0.233
C032,2016,8,0.220
C032,2016,9,0.242
C032,2016,10,0.225
C032,2016,11,0.289
C032,2016,12,0.247
C0C2,2016,1,0.318
C0C2,2016,2,0.487
C0C2,2016,3,0.638
C0C2,2016,4,0.404
C0C2,2016,5,0.307
C0C2,2016,6,0.279
C0C2,2016,7,0.261
C0C2,2016,8,0.255
C0C2,2016,9,0.258
C0C2,2016,10,0.253
C0C2,2016,11,0.288
C0C2,2016,12,0.270
C0BE,2016,1,0.274
C0BE,2016,2,0.518
C0BE,2016,3,0.463
C0BE,2016,4,0.288
C0BE,2016,5,0.185
C0BE,2016,6,0.166
C0BE,2016,7,0.141
C0BE,2016,8,0.122
C0BE,2016,9,0.131
C0BE,2016,10,0.111
C0BE,2016,11,0.270
C0BE,2016,12,0.145
C074,2016,1,0.189
C074,2016,2,0.340
C074,2016,3,0.342
C074,2016,4,0.229
C074,2016,5,0.143
C074,2016,6,0.119
C074,2016,7,0.108
C074,2016,8,0.095
C074,2016,9,0.097
C074,2016,10,0.090
C074,2016,11,0.168
C074,2016,12,0.115
C0BD,2016,1,0.240
C0BD,2016,2,0.386
C0BD,2016,3,0.364
C0BD,2016,4,0.234
C0BD,2016,5,0.158
C0BD,2016,6,0.144
C0BD,2016,7,0.125
C0BD,2016,8,0.111
C0BD,2016,9,0.119
C0BD,2016,10,0.110
C0BD,2016,11,0.238
C0BD,2016,12,0.136
C0B7,2016,1,0.243
C0B7,2016,2,0.411
C0B7,2016,3,0.446
C0B7,2016,4,0.255
C0B7,2016,5,0.168
C0B7,2016,6,0.155
C0B7,2016,7,0.137
C0B7,2016,8,0.111
C0B7,2016,9,0.127
C0B7,2016,10,0.111
C0B7,2016,11,0.276
C0B7,2016,12,0.151
C057,2016,1,0.662
C057,2016,2,1.520
C057,2016,3,1.238
C057,2016,4,0.568
C057,2016,5,0.439
C057,2016,6,0.404
C057,2016,7,0.342
C057,2016,8,0.286
C057,2016,9,0.357
C057,2016,10,0.313
C057,2016,11,0.903
C057,2016,12,0.436
C063,2016,1,0.255
C063,2016,2,0.472
C063,2016,3,0.440
C063,2016,4,0.241
C063,2016,5,0.183
C063,2016,6,0.163
C063,2016,7,0.144
C063,2016,8,0.126
C063,2016,9,0.146
C063,2016,10,0.120
C063,2016,11,0.254
C063,2016,12,0.147
C0BA,2016,1,0.263
C0BA,2016,2,0.544
C0BA,2016,3,0.446
C0BA,2016,4,0.261
C0BA,2016,5,0.157
C0BA,2016,6,0.142
C0BA,2016,7,0.116
C0BA,2016,8,0.097
C0BA,2016,9,0.116
C0BA,2016,10,0.104
C0BA,2016,11,0.319
C0BA,2016,12,0.144
C0B4,2016,1,0.133
C0B4,2016,2,0.341
C0B4,2016,3,0.400
C0B4,2016,4,0.187
C0B4,2016,5,0.080
C0B4,2016,6,0.055
C0B4,2016,7,0.063
C0B4,2016,8,0.066
C0B4,2016,9,0.055
C0B4,2016,10,0.025
C0B4,2016,11,0.109
C0B4,2016,12,0.078
C054,2016,1,0.323
C054,2016,2,0.594
C054,2016,3,0.603
C054,2016,4,0.321
C054,2016,5,0.172
C054,2016,6,0.115
C054,2016,7,0.071
C054,2016,8,0.044
C054,2016,9,0.059
C054,2016,10,0.058
C054,2016,11,0.263
C054,2016,12,0.146
C0B9,2016,1,0.511
C0B9,2016,2,0.838
C0B9,2016,3,0.756
C0B9,2016,4,0.492
C0B9,2016,5,0.422
C0B9,2016,6,0.391
C0B9,2016,7,0.379
C0B9,2016,8,0.337
C0B9,2016,9,0.387
C0B9,2016,10,0.357
C0B9,2016,11,0.551
C0B9,2016,12,0.410
C0C4,2016,1,0.390
C0C4,2016,2,0.584
C0C4,2016,3,0.729
C0C4,2016,4,0.520
C0C4,2016,5,0.354
C0C4,2016,6,0.308
C0C4,2016,7,0.284
C0C4,2016,8,0.269
C0C4,2016,9,0.275
C0C4,2016,10,0.262
C0C4,2016,11,0.351
C0C4,2016,12,0.326
C0B3,2016,1,0.324
C0B3,2016,2,0.749
C0B3,2016,3,1.019
C0B3,2016,4,0.444
C0B3,2016,5,0.226
C0B3,2016,6,0.203
C0B3,2016,7,0.162
C0B3,2016,8,0.136
C0B3,2016,9,0.185
C0B3,2016,10,0.180
C0B3,2016,11,0.317
C0B3,2016,12,0.203
C0E5,2016,1,0.278
C0E5,2016,2,0.432
C0E5,2016,3,0.472
C0E5,2016,4,0.340
C0E5,2016,5,0.199
C0E5,2016,6,0.200
C0E5,2016,7,0.169
C0E5,2016,8,0.143
C0E5,2016,9,0.152
C0E5,2016,10,0.148
C0E5,2016,11,0.288
C0E5,2016,12,0.168
C0DB,2016,1,0.250
C0DB,2016,2,0.453
C0DB,2016,3,0.436
C0DB,2016,4,0.300
C0DB,2016,5,0.170
C0DB,2016,6,0.142
C0DB,2016,7,0.105
C0DB,2016,8,0.088
C0DB,2016,9,0.114
C0DB,2016,10,0.101
C0DB,2016,11,0.224
C0DB,2016,12,0.134
C0D3,2016,1,0.099
C0D3,2016,2,0.178
C0D3,2016,3,0.201
C0D3,2016,4,0.138
C0D3,2016,5,0.109
C0D3,2016,6,0.099
C0D3,2016,7,0.093
C0D3,2016,8,0.067
C0D3,2016,9,0.062
C0D3,2016,10,0.057
C0D3,2016,11,0.086
C0D3,2016,12,0.062
C0DD,2016,1,0.451
C0DD,2016,2,0.780
C0DD,2016,3,0.799
C0DD,2016,4,0.604
C0DD,2016,5,0.375
C0DD,2016,6,0.326
C0DD,2016,7,0.300
C0DD,2016,8,0.289
C0DD,2016,9,0.323
C0DD,2016,10,0.281
C0DD,2016,11,0.502
C0DD,2016,12,0.335
C0E9,2016,1,0.496
C0E9,2016,2,0.769
C0E9,2016,3,0.834
C0E9,2016,4,0.610
C0E9,2016,5,0.353
C0E9,2016,6,0.326
C0E9,2016,7,0.256
C0E9,2016,8,0.223
C0E9,2016,9,0.270
C0E9,2016,10,0.242
C0E9,2016,11,0.456
C0E9,2016,12,0.287
C078,2016,1,0.577
C078,2016,2,0.975
C078,2016,3,1.025
C078,2016,4,0.694
C078,2016,5,0.438
C078,2016,6,0.369
C078,2016,7,0.325
C078,2016,8,0.281
C078,2016,9,0.326
C078,2016,10,0.292
C078,2016,11,0.524
C078,2016,12,0.359
C052,2016,1,0.566
C052,2016,2,0.803
C052,2016,3,0.967
C052,2016,4,0.656
C052,2016,5,0.479
C052,2016,6,0.482
C052,2016,7,0.453
C052,2016,8,0.333
C052,2016,9,0.120
C052,2016,10,0.194
C052,2016,11,0.302
C052,2016,12,0.025
C0E1,2016,1,0.314
C0E1,2016,2,0.439
C0E1,2016,3,0.497
C0E1,2016,4,0.352
C0E1,2016,5,0.225
C0E1,2016,6,0.217
C0E1,2016,7,0.158
C0E1,2016,8,0.125
C0E1,2016,9,0.167
C0E1,2016,10,0.165
C0E1,2016,11,0.343
C0E1,2016,12,0.201
C077,2016,1,0.413
C077,2016,2,0.583
C077,2016,3,0.656
C077,2016,4,0.486
C077,2016,5,0.370
C077,2016,6,0.342
C077,2016,7,0.274
C077,2016,8,0.234
C077,2016,9,0.253
C077,2016,10,0.240
C077,2016,11,0.479
C077,2016,12,0.318
C080,2016,1,0.317
C080,2016,2,0.542
C080,2016,3,0.585
C080,2016,4,0.412
C080,2016,5,0.296
C080,2016,6,0.261
C080,2016,7,0.226
C080,2016,8,0.256
C080,2016,10,0.266
C080,2016,11,0.432
C080,2016,12,0.200
C0E8,2016,1,0.420
C0E8,2016,2,0.607
C0E8,2016,3,0.647
C0E8,2016,4,0.467
C0E8,2016,5,0.310
C0E8,2016,6,0.264
C0E8,2016,7,0.198
C0E8,2016,8,0.179
C0E8,2016,9,0.200
C0E8,2016,10,0.200
C0E8,2016,11,0.408
C0E8,2016,12,0.273
C0EA,2016,1,0.242
C0EA,2016,2,0.337
C0EA,2016,3,0.393
C0EA,2016,4,0.317
C0EA,2016,5,0.239
C0EA,2016,6,0.212
C0EA,2016,7,0.184
C0EA,2016,8,0.166
C0EA,2016,9,0.163
C0EA,2016,10,0.153
C0EA,2016,11,0.254
C0EA,2016,12,0.196
C0F0,2016,1,0.553
C0F0,2016,2,0.803
C0F0,2016,3,0.892
C0F0,2016,4,0.633
C0F0,2016,5,0.459
C0F0,2016,6,0.472
C0F0,2016,7,0.402
C0F0,2016,8,0.336
C0F0,2016,9,0.337
C0F0,2016,10,0.287
C0F0,2016,11,0.636
C0F0,2016,12,0.468
C0E7,2016,1,0.176
C0E7,2016,2,0.348
C0E7,2016,3,0.365
C0E7,2016,4,0.261
C0E7,2016,5,0.144
C0E7,2016,6,0.118
C0E7,2016,7,0.092
C0E7,2016,8,0.077
C0E7,2016,9,0.083
C0E7,2016,10,0.081
C0E7,2016,11,0.158
C0E7,2016,12,0.111
C0DC,2016,1,0.190
C0DC,2016,2,0.382
C0DC,2016,3,0.445
C0DC,2016,4,0.335
C0DC,2016,5,0.197
C0DC,2016,6,0.174
C0DC,2016,7,0.154
C0DC,2016,8,0.141
C0DC,2016,9,0.155
C0DC,2016,10,0.132
C0DC,2016,11,0.226
C0DC,2016,12,0.157
C0EC,2016,1,0.609
C0EC,2016,2,0.959
C0EC,2016,3,1.047
C0EC,2016,4,0.746
C0EC,2016,5,0.492
C0EC,2016,6,0.453
C0EC,2016,7,0.389
C0EC,2016,8,0.341
C0EC,2016,9,0.373
C0EC,2016,10,0.346
C0EC,2016,11,0.658
C0EC,2016,12,0.423
C0DE,2016,1,0.139
C0DE,2016,2,0.273
C0DE,2016,3,0.273
C0DE,2016,4,0.213
C0DE,2016,5,0.123
C0DE,2016,6,0.090
C0DE,2016,7,0.077
C0DE,2016,8,0.067
C0DE,2016,9,0.077
C0DE,2016,10,0.064
C0DE,2016,11,0.154
C0DE,2016,12,0.087
C0F4,2016,1,0.295
C0F4,2016,2,0.465
C0F4,2016,3,0.451
C0F4,2016,4,0.323
C0F4,2016,5,0.241
C0F4,2016,6,0.250
C0F4,2016,7,0.181
C0F4,2016,8,0.131
C0F4,2016,9,0.193
C0F4,2016,10,0.168
C0F4,2016,11,0.411
C0F4,2016,12,0.225
C0D1,2016,1,0.377
C0D1,2016,2,0.587
C0D1,2016,3,0.666
C0D1,2016,4,0.433
C0D1,2016,5,0.232
C0D1,2016,6,0.192
C0D1,2016,7,0.164
C0D1,2016,8,0.118
C0D1,2016,9,0.180
C0D1,2016,10,0.152
C0D1,2016,11,0.343
C0D1,2016,12,0.205
C0D2,2016,1,0.410
C0D2,2016,2,0.667
C0D2,2016,3,0.766
C0D2,2016,4,0.524
C0D2,2016,5,0.342
C0D2,2016,6,0.282
C0D2,2016,7,0.241
C0D2,2016,8,0.209
C0D2,2016,9,0.227
C0D2,2016,10,0.214
C0D2,2016,11,0.356
C0D2,2016,12,0.261
C0D0,2016,1,0.149
C0D0,2016,2,0.219
C0D0,2016,3,0.253
C0D0,2016,4,0.156
C0D0,2016,5,0.073
C0D0,2016,6,0.071
C0D0,2016,7,0.060
C0D0,2016,8,0.043
C0D0,2016,9,0.058
C0D0,2016,10,0.036
C0D0,2016,11,0.147
C0D0,2016,12,0.071
C076,2017,1,0.156
C076,2017,2,0.129
C076,2017,3,0.070
C076,2017,4,0.059
C076,2017,5,0.050
C076,2017,6,0.057
C076,2017,7,0.057
C076,2017,8,0.054
C076,2017,9,0.052
C076,2017,10,0.044
C076,2017,11,0.043
C076,2017,12,0.129
C0A4,2017,3,0.317
C0A4,2017,4,0.269
C0A4,2017,5,0.189
C0A4,2017,6,0.145
C0A4,2017,7,0.114
C0A4,2017,8,0.100
C0A4,2017,9,0.101
C0A4,2017,10,0.090
C0A4,2017,11,0.138
C0A4,2017,12,0.318
C056,2017,1,0.400
C056,2017,2,0.459
C056,2017,3,0.306
C056,2017,4,0.252
C056,2017,5,0.525
C056,2017,6,0.414
C056,2017,7,0.388
C056,2017,8,0.316
C056,2017,9,0.478
C056,2017,10,0.083
C056,2017,11,0.120
C056,2017,12,0.381
C0A3,2017,1,0.623
C0A3,2017,2,0.656
C0A3,2017,3,0.547
C0A3,2017,4,0.503
C0A3,2017,5,0.438
C0A3,2017,6,0.419
C0A3,2017,7,0.416
C0A3,2017,8,0.410
C0A3,2017,9,0.408
C0A3,2017,10,0.428
C0A3,2017,11,0.464
C0A3,2017,12,0.670
C0A2,2017,1,0.360
C0A2,2017,2,0.385
C0A2,2017,3,0.284
C0A2,2017,4,0.208
C0A2,2017,6,0.107
C0A2,2017,7,0.092
C0A2,2017,8,0.039
C0A2,2017,9,0.095
C0A2,2017,10,0.052
C0A2,2017,11,0.200
C0A2,2017,12,0.413
C0AA,2017,1,0.469
C0AA,2017,2,0.512
C0AA,2017,3,0.359
C0AA,2017,4,0.271
C0AA,2017,5,0.156
C0AA,2017,6,0.141
C0AA,2017,7,0.109
C0AA,2017,8,0.054
C0AA,2017,9,0.086
C0AA,2017,10,0.073
C0AA,2017,11,0.135
C0AA,2017,12,0.539
C067,2017,1,0.360
C067,2017,2,0.281
C067,2017,3,0.278
C067,2017,4,0.213
C067,2017,5,0.167
C067,2017,6,0.177
C067,2017,7,0.142
C067,2017,8,0.086
C067,2017,9,0.089
C067,2017,10,0.078
C067,2017,11,0.196
C067,2017,12,0.497
C055,2017,1,0.490
C055,2017,2,0.395
C055,2017,3,0.411
C055,2017,4,0.365
C055,2017,5,0.313
C055,2017,6,0.206
C055,2017,7,0.017
C055,2017,9,0.015
C055,2017,10,0.025
C055,2017,11,0.072
C055,2017,12,0.300
C0A1,2017,1,0.177
C0A1,2017,2,0.188
C0A1,2017,3,0.191
C0A1,2017,4,0.209
C0A1,2017,5,0.208
C0A1,2017,6,0.199
C0A1,2017,7,0.171
C0A1,2017,8,0.167
C0A1,2017,9,0.164
C0A1,2017,10,0.157
C0A1,2017,11,0.148
C0A1,2017,12,0.164
C051,2017,1,0.295
C051,2017,2,0.218
C051,2017,3,0.198
C051,2017,4,0.178
C051,2017,5,0.144
C051,2017,6,0.140
C051,2017,7,0.100
C051,2017,8,0.078
C051,2017,9,0.060
C051,2017,10,0.070
C051,2017,11,0.161
C051,2017,12,0.356
C0A0,2017,1,0.350
C0A0,2017,2,0.281
C0A0,2017,3,0.243
C0A0,2017,4,0.193
C0A0,2017,5,0.172
C0A0,2017,6,0.135
C0A0,2017,7,0.103
C0A0,2017,8,0.065
C0A0,2017,9,0.092
C0A0,2017,10,0.041
C0A0,2017,11,0.176
C0A0,2017,12,0.327
C0B1,2017,1,0.778
C0B1,2017,2,0.514
C0B1,2017,3,0.434
C0B1,2017,4,0.338
C0B1,2017,5,0.221
C0B1,2017,6,0.179
C0B1,2017,7,0.156
C0B1,2017,8,0.090
C0B1,2017,9,0.178
C0B1,2017,10,0.085
C0B1,2017,11,0.422
C0B1,2017,12,1.050
C079,2017,1,0.617
C079,2017,2,0.496
C079,2017,3,0.484
C079,2017,4,0.396
C079,2017,5,0.333
C079,2017,6,0.298
C079,2017,7,0.299
C079,2017,8,0.265
C079,2017,9,0.334
C079,2017,10,0.251
C079,2017,11,0.465
C079,2017,12,0.812
C0C1,2017,1,0.811
C0C1,2017,2,0.688
C0C1,2017,3,0.593
C0C1,2017,4,0.555
C0C1,2017,5,0.488
C0C1,2017,6,0.462
C0C1,2017,7,0.414
C0C1,2017,8,0.362
C0C1,2017,9,0.395
C0C1,2017,10,0.405
C0C1,2017,11,0.578
C0C1,2017,12,1.222
C032,2017,1,0.368
C032,2017,2,0.304
C032,2017,3,0.303
C032,2017,4,0.279
C032,2017,5,0.260
C032,2017,6,0.254
C032,2017,7,0.239
C032,2017,8,0.226
C032,2017,9,0.235
C032,2017,10,0.227
C032,2017,11,0.284
C032,2017,12,0.413
C0C2,2017,1,0.401
C0C2,2017,2,0.328
C0C2,2017,3,0.307
C0C2,2017,4,0.292
C0C2,2017,5,0.273
C0C2,2017,6,0.269
C0C2,2017,7,0.262
C0C2,2017,8,0.252
C0C2,2017,9,0.254
C0C2,2017,10,0.247
C0C2,2017,11,0.289
C0C2,2017,12,0.492
C0BE,2017,1,0.368
C0BE,2017,2,0.299
C0BE,2017,3,0.323
C0BE,2017,4,0.226
C0BE,2017,5,0.193
C0BE,2017,6,0.172
C0BE,2017,7,0.146
C0BE,2017,8,0.139
C0BE,2017,9,0.205
C0BE,2017,10,0.144
C0BE,2017,11,0.320
C0BE,2017,12,0.556
C074,2017,1,0.245
C074,2017,2,0.214
C074,2017,3,0.214
C074,2017,4,0.164
C074,2017,5,0.132
C074,2017,6,0.120
C074,2017,7,0.116
C074,2017,8,0.090
C074,2017,9,0.105
C074,2017,10,0.089
C074,2017,11,0.166
C074,2017,12,0.321
C009,2017,11,0.870
C009,2017,12,1.690
C0BD,2017,1,0.277
C0BD,2017,2,0.248
C0BD,2017,3,0.250
C0BD,2017,4,0.187
C0BD,2017,5,0.164
C0BD,2017,6,0.147
C0BD,2017,7,0.130
C0BD,2017,8,0.111
C0BD,2017,9,0.161
C0BD,2017,10,0.114
C0BD,2017,11,0.239
C0BD,2017,12,0.395
C0B7,2017,1,0.338
C0B7,2017,2,0.257
C0B7,2017,3,0.251
C0B7,2017,4,0.202
C0B7,2017,5,0.172
C0B7,2017,6,0.146
C0B7,2017,7,0.157
C0B7,2017,8,0.137
C0B7,2017,9,0.190
C0B7,2017,10,0.111
C0B7,2017,11,0.261
C0B7,2017,12,0.424
C057,2017,1,0.976
C057,2017,2,0.677
C057,2017,3,0.774
C057,2017,4,0.509
C057,2017,5,0.419
C057,2017,6,0.372
C057,2017,7,0.350
C057,2017,8,0.319
C057,2017,9,0.585
C057,2017,10,0.384
C057,2017,11,0.799
C057,2017,12,1.493
C063,2017,1,0.318
C063,2017,2,0.263
C063,2017,3,0.263
C063,2017,4,0.206
C063,2017,5,0.169
C063,2017,6,0.151
C063,2017,7,0.135
C063,2017,8,0.119
C063,2017,9,0.157
C063,2017,10,0.121
C063,2017,11,0.227
C063,2017,12,0.470
C0BA,2017,1,0.355
C0BA,2017,2,0.257
C0BA,2017,3,0.300
C0BA,2017,4,0.205
C0BA,2017,5,0.177
C0BA,2017,6,0.151
C0BA,2017,7,0.137
C0BA,2017,8,0.130
C0BA,2017,9,0.218
C0BA,2017,10,0.147
C0BA,2017,11,0.305
C0BA,2017,12,0.512
C0B4,2017,1,0.273
C0B4,2017,2,0.130
C0B4,2017,3,0.121
C0B4,2017,4,0.082
C0B4,2017,5,0.048
C0B4,2017,6,0.043
C0B4,2017,7,0.034
C0B4,2017,8,0.012
C0B4,2017,9,0.020
C0B4,2017,10,0.014
C0B4,2017,11,0.074
C0B4,2017,12,0.305
C054,2017,1,0.485
C054,2017,2,0.315
C054,2017,3,0.296
C054,2017,4,0.219
C054,2017,5,0.150
C054,2017,6,0.093
C054,2017,7,0.080
C054,2017,8,0.043
C054,2017,9,0.086
C054,2017,10,0.044
C054,2017,11,0.261
C054,2017,12,0.556
C0B9,2017,1,0.653
C0B9,2017,2,0.530
C0B9,2017,3,0.552
C0B9,2017,4,0.486
C0B9,2017,5,0.411
C0B9,2017,6,0.392
C0B9,2017,7,0.384
C0B9,2017,8,0.372
C0B9,2017,9,0.459
C0B9,2017,10,0.381
C0B9,2017,11,0.588
C0B9,2017,12,0.870
C0C4,2017,1,0.495
C0C4,2017,2,0.413
C0C4,2017,3,0.372
C0C4,2017,4,0.349
C0C4,2017,5,0.342
C0C4,2017,6,0.327
C0C4,2017,7,0.290
C0C4,2017,8,0.268
C0C4,2017,9,0.270
C0C4,2017,10,0.252
C0C4,2017,11,0.329
C0C4,2017,12,0.610
C0B3,2017,1,0.631
C0B3,2017,2,0.493
C0B3,2017,3,0.315
C0B3,2017,4,0.307
C0B3,2017,5,0.216
C0B3,2017,6,0.201
C0B3,2017,7,0.221
C0B3,2017,8,0.173
C0B3,2017,9,0.203
C0B3,2017,10,0.176
C0B3,2017,11,0.342
C0B3,2017,12,0.777
C0E5,2017,1,0.388
C0E5,2017,2,0.348
C0E5,2017,3,0.327
C0E5,2017,4,0.232
C0E5,2017,5,0.168
C0E5,2017,6,0.185
C0E5,2017,7,0.158
C0E5,2017,8,0.147
C0E5,2017,9,0.172
C0E5,2017,10,0.159
C0E5,2017,11,0.312
C0E5,2017,12,0.488
C0DB,2017,1,0.326
C0DB,2017,2,0.282
C0DB,2017,3,0.262
C0DB,2017,4,0.198
C0DB,2017,5,0.129
C0DB,2017,6,0.126
C0DB,2017,7,0.125
C0DB,2017,8,0.100
C0DB,2017,9,0.130
C0DB,2017,10,0.111
C0DB,2017,11,0.234
C0DB,2017,12,0.448
C0D3,2017,1,0.113
C0D3,2017,2,0.108
C0D3,2017,3,0.111
C0D3,2017,4,0.102
C0D3,2017,5,0.099
C0D3,2017,6,0.099
C0D3,2017,7,0.094
C0D3,2017,8,0.080
C0D3,2017,9,0.070
C0D3,2017,10,0.055
C0D3,2017,11,0.084
C0D3,2017,12,0.166
C0DD,2017,1,0.674
C0DD,2017,2,0.542
C0DD,2017,3,0.568
C0DD,2017,4,0.444
C0DD,2017,5,0.362
C0DD,2017,6,0.347
C0DD,2017,7,0.316
C0DD,2017,8,0.313
C0DD,2017,9,0.380
C0DD,2017,10,0.298
C0DD,2017,11,0.539
C0DD,2017,12,0.808
C0E9,2017,1,0.617
C0E9,2017,2,0.573
C0E9,2017,3,0.514
C0E9,2017,4,0.379
C0E9,2017,5,0.282
C0E9,2017,6,0.297
C0E9,2017,7,0.261
C0E9,2017,8,0.237
C0E9,2017,9,0.291
C0E9,2017,10,0.274
C0E9,2017,11,0.480
C0E9,2017,12,0.788
C078,2017,1,0.763
C078,2017,2,0.634
C078,2017,3,0.618
C078,2017,4,0.492
C078,2017,5,0.381
C078,2017,6,0.350
C078,2017,7,0.337
C078,2017,8,0.293
C078,2017,9,0.350
C078,2017,10,0.302
C078,2017,11,0.544
C078,2017,12,0.937
C052,2017,2,0.306
C052,2017,3,0.317
C052,2017,4,0.155
C052,2017,5,0.194
C052,2017,9,0.192
C052,2017,10,0.203
C052,2017,11,0.414
C052,2017,12,0.592
C0E1,2017,1,0.376
C0E1,2017,2,0.346
C0E1,2017,3,0.331
C0E1,2017,4,0.218
C0E1,2017,5,0.152
C0E1,2017,6,0.189
C0E1,2017,7,0.169
C0E1,2017,8,0.163
C0E1,2017,9,0.235
C0E1,2017,10,0.224
C0E1,2017,11,0.363
C0E1,2017,12,0.475
C077,2017,1,0.617
C077,2017,2,0.547
C077,2017,3,0.618
C077,2017,4,0.503
C077,2017,5,0.334
C077,2017,6,0.294
C077,2017,7,0.276
C077,2017,8,0.272
C077,2017,9,0.366
C077,2017,10,0.299
C077,2017,11,0.562
C077,2017,12,0.687
C080,2017,1,0.488
C080,2017,2,0.358
C080,2017,3,0.449
C080,2017,4,0.334
C080,2017,5,0.211
C080,2017,6,0.230
C080,2017,7,0.231
C080,2017,8,0.279
C080,2017,9,0.377
C080,2017,10,0.318
C080,2017,11,0.468
C080,2017,12,0.579
C0E8,2017,1,0.552
C0E8,2017,2,0.457
C0E8,2017,3,0.460
C0E8,2017,4,0.343
C0E8,2017,5,0.235
C0E8,2017,6,0.239
C0E8,2017,7,0.225
C0E8,2017,8,0.205
C0E8,2017,9,0.303
C0E8,2017,10,0.253
C0E8,2017,11,0.501
C0E8,2017,12,0.653
C0EA,2017,1,0.353
C0EA,2017,2,0.288
C0EA,2017,3,0.304
C0EA,2017,4,0.254
C0EA,2017,5,0.206
C0EA,2017,6,0.189
C0EA,2017,7,0.171
C0EA,2017,8,0.161
C0EA,2017,9,0.200
C0EA,2017,10,0.181
C0EA,2017,11,0.317
C0EA,2017,12,0.386
C0F0,2017,1,0.721
C0F0,2017,2,0.636
C0F0,2017,3,0.667
C0F0,2017,4,0.541
C0F0,2017,5,0.389
C0F0,2017,6,0.388
C0F0,2017,7,0.362
C0F0,2017,8,0.356
C0F0,2017,9,0.523
C0F0,2017,10,0.415
C0F0,2017,11,0.684
C0F0,2017,12,0.882
C0E7,2017,1,0.269
C0E7,2017,2,0.240
C0E7,2017,3,0.224
C0E7,2017,4,0.171
C0E7,2017,5,0.117
C0E7,2017,6,0.106
C0E7,2017,7,0.098
C0E7,2017,8,0.086
C0E7,2017,9,0.089
C0E7,2017,10,0.086
C0E7,2017,11,0.156
C0E7,2017,12,0.340
C0DC,2017,1,0.316
C0DC,2017,2,0.269
C0DC,2017,3,0.283
C0DC,2017,4,0.208
C0DC,2017,5,0.170
C0DC,2017,6,0.156
C0DC,2017,7,0.146
C0DC,2017,8,0.137
C0DC,2017,9,0.154
C0DC,2017,10,0.133
C0DC,2017,11,0.235
C0DC,2017,12,0.375
C0EC,2017,1,0.919
C0EC,2017,2,0.700
C0EC,2017,3,0.712
C0EC,2017,4,0.539
C0EC,2017,5,0.409
C0EC,2017,6,0.424
C0EC,2017,7,0.397
C0EC,2017,8,0.385
C0EC,2017,9,0.495
C0EC,2017,10,0.422
C0EC,2017,11,0.761
C0EC,2017,12,1.022
C0DE,2017,1,0.219
C0DE,2017,2,0.170
C0DE,2017,3,0.189
C0DE,2017,4,0.135
C0DE,2017,5,0.093
C0DE,2017,6,0.089
C0DE,2017,7,0.085
C0DE,2017,8,0.067
C0DE,2017,9,0.082
C0DE,2017,10,0.065
C0DE,2017,11,0.161
C0DE,2017,12,0.288
C0F4,2017,1,0.379
C0F4,2017,2,0.314
C0F4,2017,3,0.374
C0F4,2017,4,0.285
C0F4,2017,5,0.213
C0F4,2017,6,0.226
C0F4,2017,7,0.201
C0F4,2017,8,0.212
C0F4,2017,9,0.343
C0F4,2017,10,0.244
C0F4,2017,11,0.399
C0F4,2017,12,0.486
C0D1,2017,1,0.468
C0D1,2017,2,0.409
C0D1,2017,3,0.377
C0D1,2017,4,0.277
C0D1,2017,5,0.190
C0D1,2017,6,0.176
C0D1,2017,7,0.183
C0D1,2017,8,0.148
C0D1,2017,9,0.180
C0D1,2017,10,0.172
C0D1,2017,11,0.366
C0D1,2017,12,0.596
C0D2,2017,1,0.548
C0D2,2017,2,0.485
C0D2,2017,3,0.452
C0D2,2017,4,0.388
C0D2,2017,5,0.291
C0D2,2017,6,0.267
C0D2,2017,7,0.243
C0D2,2017,8,0.209
C0D2,2017,9,0.242
C0D2,2017,10,0.219
C0D2,2017,11,0.357
C0D2,2017,12,0.665
C0D0,2017,1,0.159
C0D0,2017,2,0.144
C0D0,2017,3,0.167
C0D0,2017,4,0.092
C0D0,2017,5,0.070
C0D0,2017,6,0.075
C0D0,2017,7,0.085
C0D0,2017,8,0.058
C0D0,2017,9,0.079
C0D0,2017,10,0.053
C0D0,2017,11,0.140
C0D0,2017,12,0.232
C076,2018,1,0.533
C076,2018,2,0.518
C076,2018,3,0.224
C076,2018,4,0.543
C076,2018,5,0.079
C076,2018,6,0.107
C076,2018,7,0.076
C076,2018,8,0.060
C076,2018,9,0.049
C076,2018,10,0.046
C076,2018,11,0.067
C076,2018,12,0.063
C0A4,2018,1,0.483
C0A4,2018,2,0.512
C0A4,2018,3,0.438
C0A4,2018,4,0.511
C0A4,2018,5,0.289
C0A4,2018,6,0.261
C0A4,2018,7,0.191
C0A4,2018,8,0.131
C0A4,2018,9,0.115
C0A4,2018,10,0.118
C0A4,2018,11,0.261
C0A4,2018,12,0.297
C056,2018,1,0.878
C056,2018,2,0.879
C056,2018,3,0.785
C056,2018,4,0.877
C056,2018,5,0.576
C056,2018,6,0.651
C056,2018,7,0.639
C056,2018,8,0.583
C056,2018,9,0.515
C056,2018,10,0.539
C056,2018,11,0.303
C056,2018,12,0.288
C0A3,2018,1,0.779
C0A3,2018,2,0.677
C0A3,2018,3,0.694
C0A3,2018,4,0.727
C0A3,2018,5,0.510
C0A3,2018,6,0.526
C0A3,2018,7,0.461
C0A3,2018,8,0.440
C0A3,2018,9,0.443
C0A3,2018,10,0.449
C0A3,2018,11,0.531
C0A3,2018,12,0.476
C0A2,2018,1,0.562
C0A2,2018,2,0.544
C0A2,2018,3,0.435
C0A2,2018,4,0.459
C0A2,2018,5,0.246
C0A2,2018,6,0.210
C0A2,2018,7,0.161
C0A2,2018,8,0.099
C0A2,2018,11,0.259
C0A2,2018,12,0.234
C0AA,2018,1,0.752
C0AA,2018,2,0.624
C0AA,2018,3,0.488
C0AA,2018,4,0.569
C0AA,2018,5,0.238
C0AA,2018,6,0.306
C0AA,2018,7,0.173
C0AA,2018,8,0.085
C0AA,2018,9,0.055
C0AA,2018,10,0.056
C0AA,2018,11,0.262
C0AA,2018,12,0.361
C067,2018,1,0.565
C067,2018,2,0.640
C067,2018,3,0.474
C067,2018,4,0.437
C067,2018,5,0.313
C067,2018,6,0.288
C067,2018,7,0.184
C067,2018,8,0.123
C067,2018,9,0.073
C067,2018,10,0.154
C067,2018,11,0.229
C067,2018,12,0.182
C055,2018,1,0.436
C055,2018,2,0.430
C055,2018,3,0.303
C055,2018,4,0.334
C055,2018,5,0.136
C055,2018,6,0.116
C055,2018,7,0.052
C055,2018,8,0.015
C055,2018,10,0.017
C055,2018,11,0.111
C055,2018,12,0.114
C0A1,2018,1,0.219
C0A1,2018,2,0.249
C0A1,2018,3,0.282
C0A1,2018,4,0.357
C0A1,2018,5,0.312
C0A1,2018,6,0.299
C0A1,2018,7,0.225
C0A1,2018,8,0.206
C0A1,2018,9,0.197
C0A1,2018,10,0.186
C0A1,2018,11,0.180
C0A1,2018,12,0.207
C051,2018,1,0.424
C051,2018,2,0.510
C051,2018,3,0.343
C051,2018,4,0.310
C051,2018,5,0.223
C051,2018,6,0.194
C051,2018,7,0.147
C051,2018,8,0.103
C051,2018,9,0.081
C051,2018,10,0.120
C051,2018,11,0.173
C051,2018,12,0.138
C0A0,2018,1,0.331
C0A0,2018,2,0.379
C0A0,2018,3,0.295
C0A0,2018,4,0.275
C0A0,2018,5,0.221
C0A0,2018,6,0.210
C0A0,2018,7,0.150
C0A0,2018,8,0.096
C0A0,2018,9,0.134
C0A0,2018,10,0.204
C0A0,2018,11,0.322
C0A0,2018,12,0.227
C0B1,2018,1,1.226
C0B1,2018,2,1.390
C0B1,2018,3,0.815
C0B1,2018,4,0.780
C0B1,2018,5,0.428
C0B1,2018,6,0.405
C0B1,2018,7,0.231
C0B1,2018,8,0.129
C0B1,2018,9,0.072
C0B1,2018,10,0.264
C0B1,2018,11,0.391
C0B1,2018,12,0.295
C079,2018,1,0.866
C079,2018,2,0.963
C079,2018,3,0.640
C079,2018,4,0.643
C079,2018,5,0.462
C079,2018,6,0.438
C079,2018,7,0.363
C079,2018,8,0.358
C079,2018,9,0.270
C079,2018,10,0.350
C079,2018,11,0.434
C079,2018,12,0.372
C0C1,2018,1,1.226
C0C1,2018,2,1.505
C0C1,2018,3,1.051
C0C1,2018,4,0.926
C0C1,2018,5,0.738
C0C1,2018,6,0.637
C0C1,2018,7,0.526
C0C1,2018,8,0.492
C0C1,2018,9,0.455
C0C1,2018,10,0.468
C0C1,2018,11,0.605
C0C1,2018,12,0.534
C032,2018,1,0.449
C032,2018,2,0.505
C032,2018,3,0.363
C032,2018,4,0.368
C032,2018,5,0.304
C032,2018,6,0.296
C032,2018,7,0.263
C032,2018,8,0.238
C032,2018,9,0.220
C032,2018,10,0.263
C032,2018,11,0.282
C032,2018,12,0.248
C0C2,2018,1,0.501
C0C2,2018,2,0.686
C0C2,2018,3,0.456
C0C2,2018,4,0.400
C0C2,2018,5,0.336
C0C2,2018,6,0.313
C0C2,2018,7,0.276
C0C2,2018,8,0.263
C0C2,2018,9,0.262
C0C2,2018,10,0.272
C0C2,2018,11,0.306
C0C2,2018,12,0.282
C0BE,2018,1,0.562
C0BE,2018,2,0.622
C0BE,2018,3,0.390
C0BE,2018,4,0.388
C0BE,2018,5,0.250
C0BE,2018,6,0.238
C0BE,2018,7,0.197
C0BE,2018,8,0.182
C0BE,2018,9,0.157
C0BE,2018,10,0.228
C0BE,2018,11,0.285
C0BE,2018,12,0.245
C074,2018,1,0.385
C074,2018,2,0.429
C074,2018,3,0.264
C074,2018,4,0.264
C074,2018,5,0.198
C074,2018,6,0.194
C074,2018,7,0.136
C074,2018,8,0.110
C074,2018,9,0.088
C074,2018,10,0.121
C074,2018,11,0.177
C074,2018,12,0.156
C009,2018,1,1.941
C009,2018,2,2.109
C009,2018,3,1.290
C009,2018,4,1.251
C009,2018,5,0.757
C009,2018,6,0.757
C009,2018,7,0.584
C009,2018,8,0.485
C009,2018,9,0.425
C009,2018,10,0.624
C009,2018,11,0.746
C009,2018,12,0.650
C0BD,2018,1,0.420
C0BD,2018,2,0.445
C0BD,2018,3,0.314
C0BD,2018,4,0.300
C0BD,2018,5,0.209
C0BD,2018,6,0.209
C0BD,2018,7,0.173
C0BD,2018,8,0.141
C0BD,2018,9,0.118
C0BD,2018,10,0.169
C0BD,2018,11,0.222
C0BD,2018,12,0.213
C0B7,2018,1,0.458
C0B7,2018,2,0.494
C0B7,2018,3,0.313
C0B7,2018,4,0.321
C0B7,2018,5,0.238
C0B7,2018,6,0.218
C0B7,2018,7,0.176
C0B7,2018,8,0.140
C0B7,2018,9,0.099
C0B7,2018,10,0.186
C0B7,2018,11,0.249
C0B7,2018,12,0.200
C057,2018,1,1.516
C057,2018,2,1.712
C057,2018,3,0.860
C057,2018,4,0.850
C057,2018,5,0.572
C057,2018,6,0.568
C057,2018,7,0.446
C057,2018,8,0.379
C057,2018,9,0.326
C057,2018,10,0.512
C057,2018,11,0.625
C057,2018,12,0.542
C063,2018,1,0.515
C063,2018,2,0.538
C063,2018,3,0.334
C063,2018,4,0.322
C063,2018,5,0.215
C063,2018,6,0.201
C063,2018,7,0.171
C063,2018,8,0.157
C063,2018,9,0.136
C063,2018,10,0.181
C063,2018,11,0.213
C063,2018,12,0.201
C0BA,2018,1,0.526
C0BA,2018,2,0.591
C0BA,2018,3,0.357
C0BA,2018,4,0.349
C0BA,2018,5,0.238
C0BA,2018,6,0.218
C0BA,2018,7,0.187
C0BA,2018,8,0.176
C0BA,2018,9,0.144
C0BA,2018,10,0.241
C0BA,2018,11,0.271
C0BA,2018,12,0.243
C0B4,2018,1,0.366
C0B4,2018,2,0.488
C0B4,2018,3,0.260
C0B4,2018,4,0.252
C0B4,2018,5,0.126
C0B4,2018,6,0.113
C0B4,2018,7,0.070
C0B4,2018,9,0.015
C0B4,2018,10,0.084
C0B4,2018,11,0.088
C0B4,2018,12,0.082
C054,2018,1,0.612
C054,2018,2,0.663
C054,2018,3,0.394
C054,2018,4,0.400
C054,2018,5,0.249
C054,2018,6,0.204
C054,2018,7,0.060
C054,2018,8,0.016
C054,2018,11,0.249
C054,2018,12,0.191
C0B9,2018,1,0.890
C0B9,2018,2,0.956
C0B9,2018,3,0.625
C0B9,2018,4,0.632
C0B9,2018,5,0.521
C0B9,2018,6,0.503
C0B9,2018,7,0.481
C0B9,2018,8,0.396
C0B9,2018,12,0.412
C0C4,2018,1,0.647
C0C4,2018,2,0.833
C0C4,2018,3,0.596
C0C4,2018,4,0.501
C0C4,2018,5,0.430
C0C4,2018,6,0.384
C0C4,2018,7,0.310
C0C4,2018,8,0.283
C0C4,2018,9,0.284
C0C4,2018,10,0.302
C0C4,2018,11,0.362
C0C4,2018,12,0.323
C0B3,2018,1,0.996
C0B3,2018,2,1.077
C0B3,2018,3,0.711
C0B3,2018,4,0.641
C0B3,2018,5,0.300
C0B3,2018,6,0.339
C0B3,2018,7,0.228
C0B3,2018,8,0.179
C0B3,2018,9,0.155
C0B3,2018,10,0.256
C0B3,2018,11,0.314
C0B3,2018,12,0.268
C0E5,2018,1,0.525
C0E5,2018,2,0.562
C0E5,2018,3,0.390
C0E5,2018,4,0.410
C0E5,2018,5,0.285
C0E5,2018,6,0.234
C0E5,2018,7,0.218
C0E5,2018,8,0.148
C0E5,2018,9,0.140
C0E5,2018,10,0.159
C0E5,2018,11,0.256
C0E5,2018,12,0.244
C0DB,2018,1,0.486
C0DB,2018,2,0.509
C0DB,2018,3,0.361
C0DB,2018,4,0.353
C0DB,2018,5,0.243
C0DB,2018,6,0.245
C0DB,2018,7,0.166
C0DB,2018,8,0.115
C0DB,2018,9,0.106
C0DB,2018,10,0.150
C0DB,2018,11,0.227
C0DB,2018,12,0.235
C0D3,2018,1,0.204
C0D3,2018,2,0.215
C0D3,2018,3,0.144
C0D3,2018,4,0.156
C0D3,2018,5,0.113
C0D3,2018,6,0.124
C0D3,2018,7,0.092
C0D3,2018,8,0.087
C0D3,2018,9,0.076
C0D3,2018,10,0.065
C0D3,2018,11,0.092
C0D3,2018,12,0.086
C0DD,2018,1,0.866
C0DD,2018,2,0.986
C0DD,2018,3,0.627
C0DD,2018,4,0.695
C0DD,2018,5,0.474
C0DD,2018,6,0.468
C0DD,2018,7,0.393
C0DD,2018,8,0.341
C0DD,2018,9,0.306
C0DD,2018,10,0.383
C0DD,2018,11,0.477
C0DD,2018,12,0.457
C0E9,2018,1,0.904
C0E9,2018,2,0.973
C0E9,2018,3,0.681
C0E9,2018,4,0.716
C0E9,2018,5,0.479
C0E9,2018,6,0.425
C0E9,2018,7,0.375
C0E9,2018,8,0.260
C0E9,2018,9,0.239
C0E9,2018,10,0.299
C0E9,2018,11,0.433
C0E9,2018,12,0.424
C078,2018,1,1.046
C078,2018,2,1.153
C078,2018,3,0.785
C078,2018,4,0.839
C078,2018,5,0.587
C078,2018,6,0.579
C078,2018,7,0.510
C078,2018,8,0.478
C078,2018,9,0.417
C078,2018,10,0.393
C078,2018,11,0.564
C078,2018,12,0.498
C052,2018,1,0.694
C052,2018,2,0.786
C052,2018,3,0.456
C052,2018,4,0.608
C052,2018,5,0.407
C052,2018,6,0.451
C052,2018,7,0.374
C052,2018,8,0.325
C052,2018,9,0.085
C052,2018,10,0.162
C052,2018,11,0.173
C052,2018,12,0.228
C0E1,2018,1,0.502
C0E1,2018,2,0.528
C0E1,2018,3,0.407
C0E1,2018,4,0.406
C0E1,2018,5,0.307
C0E1,2018,6,0.253
C0E1,2018,7,0.201
C0E1,2018,8,0.145
C0E1,2018,9,0.130
C0E1,2018,10,0.202
C0E1,2018,11,0.318
C0E1,2018,12,0.274
C077,2018,1,0.743
C077,2018,2,0.832
C077,2018,3,0.541
C077,2018,4,0.636
C077,2018,5,0.451
C077,2018,6,0.475
C077,2018,7,0.370
C077,2018,8,0.297
C077,2018,9,0.257
C077,2018,10,0.291
C077,2018,11,0.371
C077,2018,12,0.430
C080,2018,1,0.709
C080,2018,2,0.722
C080,2018,3,0.456
C080,2018,4,0.598
C080,2018,5,0.357
C080,2018,6,0.429
C080,2018,7,0.281
C080,2018,8,0.223
C080,2018,9,0.211
C080,2018,10,0.294
C080,2018,11,0.330
C080,2018,12,0.376
C0E8,2018,1,0.709
C0E8,2018,2,0.767
C0E8,2018,3,0.502
C0E8,2018,4,0.564
C0E8,2018,5,0.365
C0E8,2018,6,0.374
C0E8,2018,7,0.251
C0E8,2018,8,0.204
C0E8,2018,9,0.193
C0E8,2018,10,0.226
C0E8,2018,11,0.322
C0E8,2018,12,0.365
C0EA,2018,1,0.412
C0EA,2018,2,0.465
C0EA,2018,3,0.319
C0EA,2018,4,0.374
C0EA,2018,5,0.278
C0EA,2018,6,0.271
C0EA,2018,7,0.230
C0EA,2018,8,0.197
C0EA,2018,9,0.171
C0EA,2018,10,0.183
C0EA,2018,11,0.224
C0EA,2018,12,0.249
C0F0,2018,1,0.975
C0F0,2018,2,1.063
C0F0,2018,3,0.665
C0F0,2018,4,0.828
C0F0,2018,5,0.601
C0F0,2018,6,0.645
C0F0,2018,7,0.491
C0F0,2018,8,0.384
C0F0,2018,9,0.297
C0F0,2018,10,0.331
C0F0,2018,11,0.475
C0F0,2018,12,0.575
C0E7,2018,1,0.415
C0E7,2018,2,0.455
C0E7,2018,3,0.296
C0E7,2018,4,0.316
C0E7,2018,5,0.190
C0E7,2018,6,0.192
C0E7,2018,7,0.136
C0E7,2018,8,0.102
C0E7,2018,9,0.095
C0E7,2018,10,0.116
C0E7,2018,11,0.156
C0E7,2018,12,0.174
C0DC,2018,1,0.463
C0DC,2018,2,0.555
C0DC,2018,3,0.323
C0DC,2018,4,0.371
C0DC,2018,5,0.231
C0DC,2018,6,0.221
C0DC,2018,7,0.174
C0DC,2018,8,0.156
C0DC,2018,9,0.147
C0DC,2018,10,0.176
C0DC,2018,11,0.212
C0DC,2018,12,0.212
C0EC,2018,1,1.135
C0EC,2018,2,1.289
C0EC,2018,3,0.790
C0EC,2018,4,0.954
C0EC,2018,5,0.620
C0EC,2018,6,0.608
C0EC,2018,7,0.498
C0EC,2018,8,0.390
C0EC,2018,9,0.343
C0EC,2018,10,0.410
C0EC,2018,11,0.556
C0EC,2018,12,0.585
C0DE,2018,1,0.312
C0DE,2018,2,0.346
C0DE,2018,3,0.221
C0DE,2018,4,0.242
C0DE,2018,5,0.168
C0DE,2018,6,0.169
C0DE,2018,7,0.110
C0DE,2018,8,0.084
C0DE,2018,9,0.070
C0DE,2018,10,0.094
C0DE,2018,11,0.148
C0DE,2018,12,0.147
C0F4,2018,1,0.538
C0F4,2018,2,0.587
C0F4,2018,3,0.368
C0F4,2018,4,0.465
C0F4,2018,5,0.332
C0F4,2018,6,0.387
C0F4,2018,7,0.321
C0F4,2018,8,0.212
C0F4,2018,9,0.171
C0F4,2018,10,0.220
C0F4,2018,11,0.291
C0F4,2018,12,0.315
C0D1,2018,1,0.653
C0D1,2018,2,0.695
C0D1,2018,3,0.486
C0D1,2018,4,0.494
C0D1,2018,5,0.360
C0D1,2018,6,0.339
C0D1,2018,7,0.255
C0D1,2018,8,0.174
C0D1,2018,9,0.135
C0D1,2018,10,0.187
C0D1,2018,11,0.364
C0D1,2018,12,0.297
C0D2,2018,1,0.785
C0D2,2018,2,0.850
C0D2,2018,3,0.609
C0D2,2018,4,0.628
C0D2,2018,5,0.431
C0D2,2018,6,0.386
C0D2,2018,7,0.335
C0D2,2018,8,0.251
C0D2,2018,9,0.237
C0D2,2018,10,0.300
C0D2,2018,11,0.413
C0D2,2018,12,0.377
C0D0,2018,1,0.242
C0D0,2018,2,0.243
C0D0,2018,3,0.189
C0D0,2018,4,0.169
C0D0,2018,5,0.119
C0D0,2018,6,0.089
C0D0,2018,7,0.099
C0D0,2018,8,0.044
C0D0,2018,9,0.025
C0D0,2018,10,0.070
C0D0,2018,11,0.148
C0D0,2018,12,0.096
C076,2019,1,0.498
C076,2019,2,0.412
C076,2019,3,0.052
C076,2019,4,0.059
C076,2019,5,0.040
C076,2019,6,0.051
C076,2019,7,0.056
C076,2019,8,0.051
C076,2019,9,0.056
C076,2019,10,0.049
C076,2019,11,0.165
C076,2019,12,0.309
C0A4,2019,1,0.429
C0A4,2019,2,0.463
C0A4,2019,3,0.243
C0A4,2019,4,0.263
C0A4,2019,5,0.245
C0A4,2019,6,0.187
C0A4,2019,7,0.100
C0A4,2019,8,0.074
C0A4,2019,9,0.066
C0A4,2019,10,0.090
C0A4,2019,11,0.373
C0A4,2019,12,0.431
C056,2019,1,0.500
C056,2019,2,0.653
C056,2019,3,0.246
C056,2019,4,0.242
C056,2019,5,0.311
C056,2019,6,0.317
C056,2019,7,0.316
C056,2019,8,0.519
C056,2019,9,0.516
C056,2019,10,0.394
C056,2019,11,0.533
C056,2019,12,0.540
C0A3,2019,1,0.609
C0A3,2019,2,0.592
C0A3,2019,3,0.494
C0A3,2019,4,0.522
C0A3,2019,5,0.492
C0A3,2019,6,0.451
C0A3,2019,7,0.451
C0A3,2019,8,0.439
C0A3,2019,9,0.437
C0A3,2019,10,0.430
C0A3,2019,11,0.683
C0A3,2019,12,0.654
C0A2,2019,1,0.363
C0A2,2019,2,0.436
C0A2,2019,3,0.223
C0A2,2019,4,0.208
C0A2,2019,5,0.246
C0A2,2019,6,0.130
C0A2,2019,7,0.067
C0A2,2019,8,0.048
C0A2,2019,9,0.050
C0A2,2019,10,0.066
C0A2,2019,11,0.504
C0A2,2019,12,0.431
C0AA,2019,1,0.533
C0AA,2019,2,0.524
C0AA,2019,3,0.233
C0AA,2019,4,0.231
C0AA,2019,5,0.243
C0AA,2019,6,0.167
C0AA,2019,7,0.103
C0AA,2019,8,0.110
C0AA,2019,9,0.113
C0AA,2019,10,0.108
C0AA,2019,11,0.660
C0AA,2019,12,0.595
C067,2019,1,0.384
C067,2019,2,0.351
C067,2019,3,0.194
C067,2019,4,0.209
C067,2019,5,0.159
C067,2019,6,0.104
C067,2019,7,0.087
C067,2019,8,0.080
C067,2019,9,0.101
C067,2019,10,0.120
C067,2019,11,0.444
C067,2019,12,0.376
C055,2019,1,0.298
C055,2019,2,0.219
C055,2019,3,0.090
C055,2019,4,0.104
C055,2019,5,0.143
C055,2019,6,0.072
C055,2019,11,0.322
C055,2019,12,0.245
C0A1,2019,1,0.223
C0A1,2019,2,0.262
C0A1,2019,3,0.231
C0A1,2019,4,0.243
C0A1,2019,5,0.239
C0A1,2019,6,0.241
C0A1,2019,7,0.233
C0A1,2019,8,0.224
C0A1,2019,9,0.205
C0A1,2019,10,0.180
C0A1,2019,11,0.221
C0A1,2019,12,0.219
C051,2019,1,0.413
C051,2019,2,0.489
C051,2019,3,0.164
C051,2019,4,0.178
C051,2019,5,0.155
C051,2019,6,0.097
C051,2019,7,0.085
C051,2019,8,0.079
C051,2019,9,0.088
C051,2019,10,0.104
C051,2019,11,0.334
C051,2019,12,0.260
C0A0,2019,1,0.493
C0A0,2019,2,0.465
C0A0,2019,3,0.265
C0A0,2019,4,0.232
C0A0,2019,5,0.246
C0A0,2019,6,0.158
C0A0,2019,7,0.068
C0A0,2019,8,0.075
C0A0,2019,9,0.126
C0A0,2019,10,0.138
C0A0,2019,11,0.468
C0A0,2019,12,0.316
C0B1,2019,1,0.778
C0B1,2019,2,0.729
C0B1,2019,3,0.266
C0B1,2019,4,0.300
C0B1,2019,5,0.255
C0B1,2019,6,0.134
C0B1,2019,7,0.092
C0B1,2019,8,0.086
C0B1,2019,9,0.121
C0B1,2019,10,0.176
C0B1,2019,11,1.083
C0B1,2019,12,0.824
C079,2019,1,0.614
C079,2019,2,0.530
C079,2019,3,0.376
C079,2019,4,0.395
C079,2019,5,0.421
C079,2019,6,0.316
C079,2019,7,0.278
C079,2019,8,0.270
C079,2019,9,0.291
C079,2019,10,0.336
C079,2019,11,0.834
C079,2019,12,0.634
C0C1,2019,1,1.022
C0C1,2019,2,0.948
C0C1,2019,3,0.509
C0C1,2019,4,0.572
C0C1,2019,5,0.506
C0C1,2019,6,0.465
C0C1,2019,7,0.415
C0C1,2019,8,0.405
C0C1,2019,9,0.455
C0C1,2019,10,0.461
C0C1,2019,11,1.066
C0C1,2019,12,0.966
C032,2019,1,0.376
C032,2019,2,0.359
C032,2019,3,0.240
C032,2019,4,0.271
C032,2019,5,0.263
C032,2019,6,0.231
C032,2019,7,0.226
C032,2019,8,0.218
C032,2019,9,0.222
C032,2019,10,0.183
C032,2019,11,0.357
C032,2019,12,0.309
C0C2,2019,1,0.511
C0C2,2019,2,0.445
C0C2,2019,3,0.297
C0C2,2019,4,0.303
C0C2,2019,5,0.283
C0C2,2019,6,0.266
C0C2,2019,7,0.257
C0C2,2019,8,0.255
C0C2,2019,9,0.259
C0C2,2019,10,0.257
C0C2,2019,11,0.437
C0C2,2019,12,0.445
C0BE,2019,1,0.384
C0BE,2019,2,0.327
C0BE,2019,3,0.231
C0BE,2019,4,0.234
C0BE,2019,5,0.240
C0BE,2019,6,0.192
C0BE,2019,7,0.162
C0BE,2019,8,0.152
C0BE,2019,9,0.150
C0BE,2019,10,0.189
C0BE,2019,11,0.553
C0BE,2019,12,0.415
C074,2019,1,0.254
C074,2019,2,0.221
C074,2019,3,0.146
C074,2019,4,0.157
C074,2019,5,0.176
C074,2019,6,0.132
C074,2019,7,0.105
C074,2019,8,0.108
C074,2019,9,0.108
C074,2019,10,0.125
C074,2019,11,0.354
C074,2019,12,0.283
C009,2019,1,1.288
C009,2019,2,1.217
C009,2019,3,0.605
C009,2019,4,0.658
C009,2019,5,0.652
C009,2019,6,0.501
C009,2019,7,0.453
C009,2019,8,0.436
C009,2019,9,0.470
C009,2019,10,0.556
C009,2019,11,1.821
C009,2019,12,1.391
C0BD,2019,1,0.290
C0BD,2019,2,0.249
C0BD,2019,3,0.186
C0BD,2019,4,0.190
C0BD,2019,5,0.206
C0BD,2019,6,0.163
C0BD,2019,7,0.131
C0BD,2019,8,0.128
C0BD,2019,9,0.138
C0BD,2019,10,0.180
C0BD,2019,11,0.445
C0BD,2019,12,0.324
C0B7,2019,1,0.324
C0B7,2019,2,0.303
C0B7,2019,3,0.190
C0B7,2019,4,0.202
C0B7,2019,5,0.213
C0B7,2019,6,0.153
C0B7,2019,7,0.114
C0B7,2019,8,0.122
C0B7,2019,9,0.130
C0B7,2019,10,0.169
C0B7,2019,11,0.483
C0B7,2019,12,0.323
C057,2019,1,1.081
C057,2019,2,0.729
C057,2019,3,0.524
C057,2019,4,0.567
C057,2019,5,3.624
C057,2019,7,0.309
C057,2019,8,0.279
C057,2019,9,0.314
C057,2019,10,0.482
C057,2019,11,1.679
C057,2019,12,0.920
C063,2019,1,0.355
C063,2019,2,0.283
C063,2019,3,0.207
C063,2019,4,0.235
C063,2019,5,0.227
C063,2019,6,0.148
C063,2019,7,0.145
C063,2019,8,0.127
C063,2019,9,0.144
C063,2019,10,0.164
C063,2019,11,0.516
C063,2019,12,0.362
C0BA,2019,1,0.370
C0BA,2019,2,0.288
C0BA,2019,3,0.205
C0BA,2019,4,0.219
C0BA,2019,5,0.226
C0BA,2019,6,0.165
C0BA,2019,7,0.128
C0BA,2019,8,0.120
C0BA,2019,9,0.129
C0BA,2019,10,0.185
C0BA,2019,11,0.572
C0BA,2019,12,0.393
C0B4,2019,1,0.301
C0B4,2019,2,0.207
C0B4,2019,3,0.069
C0B4,2019,4,0.103
C0B4,2019,5,0.081
C0B4,2019,6,0.034
C0B4,2019,7,0.031
C0B4,2019,8,0.029
C0B4,2019,9,0.042
C0B4,2019,10,0.041
C0B4,2019,11,0.260
C0B4,2019,12,0.216
C054,2019,1,0.436
C054,2019,2,0.298
C054,2019,3,0.143
C054,2019,4,0.176
C054,2019,5,0.199
C054,2019,6,0.070
C054,2019,7,0.030
C054,2019,8,0.030
C054,2019,9,0.042
C054,2019,10,0.092
C054,2019,11,0.600
C054,2019,12,0.320
C0B9,2019,1,0.620
C0B9,2019,2,0.554
C0B9,2019,3,0.489
C0B9,2019,4,0.492
C0B9,2019,5,0.456
C0B9,2019,6,0.411
C0B9,2019,7,0.388
C0B9,2019,8,0.373
C0B9,2019,9,0.400
C0B9,2019,10,0.426
C0B9,2019,11,0.843
C0B9,2019,12,0.622
C0C4,2019,1,0.552
C0C4,2019,2,0.511
C0C4,2019,3,0.347
C0C4,2019,4,0.342
C0C4,2019,5,0.281
C0C4,2019,6,0.261
C0C4,2019,7,0.195
C0C4,2019,8,0.146
C0C4,2019,9,0.209
C0C4,2019,10,0.209
C0C4,2019,11,0.539
C0C4,2019,12,0.520
C0B3,2019,1,0.609
C0B3,2019,2,0.672
C0B3,2019,3,0.241
C0B3,2019,4,0.239
C0B3,2019,5,0.225
C0B3,2019,6,0.165
C0B3,2019,7,0.132
C0B3,2019,8,0.166
C0B3,2019,9,0.180
C0B3,2019,10,0.215
C0B3,2019,11,0.803
C0B3,2019,12,0.766
C0E5,2019,1,0.403
C0E5,2019,2,0.370
C0E5,2019,3,0.257
C0E5,2019,4,0.263
C0E5,2019,5,0.260
C0E5,2019,6,0.173
C0E5,2019,7,0.137
C0E5,2019,8,0.144
C0E5,2019,9,0.125
C0E5,2019,10,0.147
C0E5,2019,11,0.455
C0E5,2019,12,0.355
C0DB,2019,1,0.349
C0DB,2019,2,0.314
C0DB,2019,3,0.210
C0DB,2019,4,0.235
C0DB,2019,5,0.230
C0DB,2019,6,0.150
C0DB,2019,7,0.108
C0DB,2019,8,0.121
C0DB,2019,9,0.113
C0DB,2019,10,0.130
C0DB,2019,11,0.482
C0DB,2019,12,0.342
C0D3,2019,1,0.154
C0D3,2019,2,0.154
C0D3,2019,3,0.106
C0D3,2019,4,0.109
C0D3,2019,5,0.113
C0D3,2019,6,0.098
C0D3,2019,7,0.082
C0D3,2019,8,0.073
C0D3,2019,9,0.071
C0D3,2019,10,0.073
C0D3,2019,11,0.196
C0D3,2019,12,0.164
C0DD,2019,1,0.622
C0DD,2019,2,0.597
C0DD,2019,3,0.409
C0DD,2019,4,0.455
C0DD,2019,5,0.433
C0DD,2019,6,0.355
C0DD,2019,7,0.299
C0DD,2019,8,0.287
C0DD,2019,9,0.264
C0DD,2019,10,0.303
C0DD,2019,11,0.796
C0DD,2019,12,0.634
C0E9,2019,1,0.640
C0E9,2019,2,0.636
C0E9,2019,3,0.412
C0E9,2019,4,0.436
C0E9,2019,5,0.430
C0E9,2019,6,0.313
C0E9,2019,7,0.257
C0E9,2019,8,0.262
C0E9,2019,9,0.228
C0E9,2019,10,0.269
C0E9,2019,11,0.781
C0E9,2019,12,0.633
C078,2019,1,0.763
C078,2019,2,0.719
C078,2019,3,0.462
C078,2019,4,0.513
C078,2019,5,0.501
C078,2019,6,0.374
C078,2019,7,0.307
C078,2019,8,0.309
C078,2019,9,0.307
C078,2019,10,0.354
C078,2019,11,0.978
C078,2019,12,0.790
C052,2019,1,0.506
C052,2019,2,0.521
C052,2019,3,0.337
C052,2019,4,0.345
C052,2019,5,0.443
C052,2019,6,0.349
C052,2019,7,0.294
C052,2019,8,0.276
C052,2019,9,0.165
C052,2019,10,0.183
C052,2019,11,0.644
C052,2019,12,0.428
C0E1,2019,1,0.365
C0E1,2019,2,0.387
C0E1,2019,3,0.269
C0E1,2019,4,0.275
C0E1,2019,5,0.281
C0E1,2019,6,0.201
C0E1,2019,7,0.145
C0E1,2019,8,0.158
C0E1,2019,9,0.141
C0E1,2019,10,0.208
C0E1,2019,11,0.478
C0E1,2019,12,0.346
C077,2019,1,0.583
C077,2019,2,0.567
C077,2019,3,0.386
C077,2019,4,0.406
C077,2019,5,0.460
C077,2019,6,0.372
C077,2019,7,0.289
C077,2019,8,0.272
C077,2019,9,0.247
C077,2019,10,0.276
C077,2019,11,0.740
C077,2019,12,0.575
C080,2019,1,0.459
C080,2019,2,0.493
C080,2019,3,0.312
C080,2019,4,0.313
C080,2019,5,0.462
C080,2019,6,0.331
C080,2019,7,0.250
C080,2019,8,0.279
C080,2019,9,0.270
C080,2019,10,0.319
C080,2019,11,0.672
C080,2019,12,0.514
C0E8,2019,1,0.538
C0E8,2019,2,0.505
C0E8,2019,3,0.348
C0E8,2019,4,0.362
C0E8,2019,5,0.401
C0E8,2019,6,0.295
C0E8,2019,7,0.215
C0E8,2019,8,0.196
C0E8,2019,9,0.195
C0E8,2019,10,0.227
C0E8,2019,11,0.659
C0E8,2019,12,0.522
C0EA,2019,1,0.335
C0EA,2019,2,0.332
C0EA,2019,3,0.252
C0EA,2019,4,0.262
C0EA,2019,5,0.259
C0EA,2019,6,0.229
C0EA,2019,7,0.195
C0EA,2019,8,0.185
C0EA,2019,9,0.165
C0EA,2019,10,0.174
C0EA,2019,11,0.374
C0EA,2019,12,0.313
C0F0,2019,1,0.748
C0F0,2019,2,0.792
C0F0,2019,3,0.516
C0F0,2019,4,0.504
C0F0,2019,5,0.611
C0F0,2019,6,0.542
C0F0,2019,7,0.410
C0F0,2019,8,0.334
C0F0,2019,9,0.306
C0F0,2019,10,0.358
C0F0,2019,11,0.962
C0F0,2019,12,0.762
C0E7,2019,1,0.296
C0E7,2019,2,0.282
C0E7,2019,3,0.170
C0E7,2019,4,0.185
C0E7,2019,5,0.171
C0E7,2019,6,0.122
C0E7,2019,7,0.099
C0E7,2019,8,0.100
C0E7,2019,9,0.090
C0E7,2019,10,0.105
C0E7,2019,11,0.362
C0E7,2019,12,0.298
C0DC,2019,1,0.321
C0DC,2019,2,0.313
C0DC,2019,3,0.202
C0DC,2019,4,0.226
C0DC,2019,5,0.203
C0DC,2019,6,0.176
C0DC,2019,7,0.154
C0DC,2019,8,0.149
C0DC,2019,9,0.138
C0DC,2019,10,0.139
C0DC,2019,11,0.368
C0DC,2019,12,0.322
C0EC,2019,1,0.889
C0EC,2019,2,0.816
C0EC,2019,3,0.544
C0EC,2019,4,0.585
C0EC,2019,5,0.588
C0EC,2019,6,0.469
C0EC,2019,7,0.388
C0EC,2019,8,0.382
C0EC,2019,9,0.346
C0EC,2019,10,0.390
C0EC,2019,11,1.032
C0EC,2019,12,0.798
C0DE,2019,1,0.218
C0DE,2019,2,0.210
C0DE,2019,3,0.132
C0DE,2019,4,0.162
C0DE,2019,5,0.144
C0DE,2019,6,0.109
C0DE,2019,7,0.079
C0DE,2019,8,0.079
C0DE,2019,9,0.067
C0DE,2019,10,0.082
C0DE,2019,11,0.292
C0DE,2019,12,0.227
C0F4,2019,1,0.376
C0F4,2019,2,0.401
C0F4,2019,3,0.283
C0F4,2019,4,0.294
C0F4,2019,5,0.367
C0F4,2019,6,0.300
C0F4,2019,7,0.231
C0F4,2019,8,0.215
C0F4,2019,9,0.191
C0F4,2019,10,0.260
C0F4,2019,11,0.564
C0F4,2019,12,0.414
C0D1,2019,1,0.480
C0D1,2019,2,0.434
C0D1,2019,3,0.265
C0D1,2019,4,0.309
C0D1,2019,5,0.333
C0D1,2019,6,0.215
C0D1,2019,7,0.152
C0D1,2019,8,0.171
C0D1,2019,9,0.169
C0D1,2019,10,0.190
C0D1,2019,11,0.612
C0D1,2019,12,0.432
C0D2,2019,1,0.580
C0D2,2019,2,0.588
C0D2,2019,3,0.377
C0D2,2019,4,0.388
C0D2,2019,5,0.386
C0D2,2019,6,0.291
C0D2,2019,7,0.245
C0D2,2019,8,0.235
C0D2,2019,9,0.238
C0D2,2019,10,0.258
C0D2,2019,11,0.707
C0D2,2019,12,0.591
C0D0,2019,1,0.184
C0D0,2019,2,0.148
C0D0,2019,3,0.085
C0D0,2019,4,0.125
C0D0,2019,5,0.115
C0D0,2019,6,0.068
C0D0,2019,7,0.052
C0D0,2019,8,0.060
C0D0,2019,9,0.069
C0D0,2019,10,0.076
C0D0,2019,11,0.242
C0D0,2019,12,0.163
