code,year,month,precipitacion_maxima_1dia
C076,2016,1,19.1
C076,2016,2,55.2
C076,2016,3,24.7
C076,2016,4,7.3
C076,2016,5,10.5
C076,2016,6,18.1
C076,2016,7,6.1
C076,2016,8,4
C076,2016,9,11.8
C076,2016,10,5.9
C076,2016,11,42.5
C076,2016,12,4.8
C056,2016,1,25
C056,2016,2,52.3
C056,2016,3,22.8
C056,2016,4,9.1
C056,2016,5,5.7
C056,2016,6,24.6
C056,2016,7,3.1
C056,2016,8,10.5
C056,2016,9,8
C056,2016,10,5.1
C056,2016,11,38.1
C056,2016,12,3
C035,2016,1,21.6
C035,2016,2,51.9
C035,2016,3,44.2
C035,2016,4,23.4
C035,2016,5,11.2
C035,2016,6,15.7
C035,2016,7,8.7
C035,2016,8,2.5
C035,2016,9,34
C035,2016,10,9.4
C035,2016,11,48.6
C035,2016,12,12.1
C001,2016,1,20.5
C001,2016,2,54.7
C001,2016,3,21.5
C001,2016,4,7.4
C001,2016,5,6.8
C001,2016,6,24.3
C001,2016,7,4
C001,2016,8,8.4
C001,2016,9,9.4
C001,2016,10,5.7
C001,2016,11,42.7
C001,2016,12,5.5
C034,2016,1,19
C034,2016,2,25.1
C034,2016,3,32.9
C034,2016,4,12.1
C034,2016,5,18.4
C034,2016,6,14.8
C034,2016,7,6.7
C034,2016,8,2
C034,2016,9,8.8
C034,2016,10,4.5
C034,2016,11,24.6
C034,2016,12,4.8
C0AA,2016,1,15.1
C0AA,2016,2,63.4
C0AA,2016,3,34.3
C0AA,2016,4,11.9
C0AA,2016,5,5.9
C0AA,2016,6,19.1
C0AA,2016,7,2.6
C0AA,2016,8,3.4
C0AA,2016,9,12.3
C0AA,2016,10,4.7
C0AA,2016,11,46.2
C0AA,2016,12,4
C067,2016,1,22.2
C067,2016,2,81.5
C067,2016,3,41.4
C067,2016,4,12.8
C067,2016,5,20.3
C067,2016,6,12.1
C067,2016,7,4.7
C067,2016,8,2.6
C067,2016,9,34.5
C067,2016,10,10.9
C067,2016,11,47.8
C067,2016,12,15.1
C044,2016,1,23.1
C044,2016,2,88.4
C044,2016,3,68.7
C044,2016,4,16.4
C044,2016,5,9.1
C044,2016,6,10
C044,2016,7,18.6
C044,2016,8,5.6
C044,2016,9,35.8
C044,2016,10,9.2
C044,2016,11,54.9
C044,2016,12,10.5
C048,2016,1,22.2
C048,2016,2,33.2
C048,2016,3,28
C048,2016,4,7.6
C048,2016,5,12.3
C048,2016,6,12
C048,2016,7,6.1
C048,2016,8,1.3
C048,2016,9,11.1
C048,2016,10,7.7
C048,2016,11,38.6
C048,2016,12,3.8
C068,2016,1,28.9
C068,2016,2,81.4
C068,2016,3,36.1
C068,2016,4,16.2
C068,2016,5,14.7
C068,2016,6,20.1
C068,2016,7,3.8
C068,2016,8,3.3
C068,2016,9,21.1
C068,2016,10,17.2
C068,2016,11,49.3
C068,2016,12,4.5
C024,2016,1,40.6
C024,2016,2,55
C024,2016,3,43.6
C024,2016,4,11
C024,2016,5,31.6
C024,2016,6,10
C024,2016,7,4.6
C024,2016,8,2.6
C024,2016,9,16.1
C024,2016,10,7.8
C024,2016,11,51.3
C024,2016,12,4.8
C00A,2016,1,25.5
C00A,2016,2,50.4
C00A,2016,3,38.4
C00A,2016,4,8.7
C00A,2016,5,26
C00A,2016,6,4
C00A,2016,7,10
C00A,2016,8,0.4
C00A,2016,9,7.5
C00A,2016,10,5.9
C00A,2016,11,35.5
C00A,2016,12,9.5
C047,2016,1,24.8
C047,2016,2,30.7
C047,2016,3,30.2
C047,2016,4,18.4
C047,2016,5,10.3
C047,2016,6,19.2
C047,2016,7,12.1
C047,2016,8,4.3
C047,2016,9,11.7
C047,2016,10,13.6
C047,2016,11,60.2
C047,2016,12,2.5
C031,2016,1,10.6
C031,2016,2,19.8
C031,2016,3,12.9
C031,2016,4,4.1
C031,2016,5,2.6
C031,2016,6,4.1
C031,2016,7,6
C031,2016,8,0.2
C031,2016,9,5.1
C031,2016,10,5.7
C031,2016,11,30.2
C031,2016,12,4.4
C041,2016,1,19.4
C041,2016,2,31.5
C041,2016,3,25
C041,2016,4,9.2
C041,2016,5,7.9
C041,2016,6,6.7
C041,2016,7,3.9
C041,2016,8,0.8
C041,2016,9,5.8
C041,2016,10,4.5
C041,2016,11,44.6
C041,2016,12,4.7
C055,2016,1,27
C055,2016,2,75.9
C055,2016,3,41.3
C055,2016,4,9.3
C055,2016,5,6.6
C055,2016,6,13.3
C055,2016,7,2.8
C055,2016,8,4.1
C055,2016,9,18.6
C055,2016,10,5.2
C055,2016,11,48.4
C055,2016,12,4.8
C060,2016,1,20.5
C060,2016,2,27.2
C060,2016,3,25.9
C060,2016,4,8.7
C060,2016,5,4.3
C060,2016,6,4.9
C060,2016,7,4.7
C060,2016,8,1.5
C060,2016,9,7.8
C060,2016,10,4.5
C060,2016,11,29
C060,2016,12,3.1
C030,2016,1,25.1
C030,2016,2,61.2
C030,2016,3,34.4
C030,2016,4,11.7
C030,2016,5,12.1
C030,2016,6,24.2
C030,2016,7,1.6
C030,2016,8,2.7
C030,2016,9,12.4
C030,2016,10,13.2
C030,2016,11,49.6
C030,2016,12,4.1
C051,2016,1,13.9
C051,2016,2,45.3
C051,2016,3,27.1
C051,2016,4,11.3
C051,2016,5,14.7
C051,2016,6,7.4
C051,2016,7,17.1
C051,2016,8,4.2
C051,2016,9,34.4
C051,2016,10,9.1
C051,2016,11,34
C051,2016,12,10.5
C0A0,2016,1,24.2
C0A0,2016,2,73.2
C0A0,2016,3,65
C0A0,2016,4,17.4
C0A0,2016,5,8.5
C0A0,2016,6,17.8
C0A0,2016,7,8
C0A0,2016,8,4.3
C0A0,2016,9,25.8
C0A0,2016,10,8.3
C0A0,2016,11,64.5
C0A0,2016,12,13
C049,2016,1,15.5
C049,2016,2,24.1
C049,2016,3,36.4
C049,2016,4,12.7
C049,2016,5,16.7
C049,2016,6,17
C049,2016,7,4.2
C049,2016,8,0.4
C049,2016,9,22.5
C049,2016,10,22.6
C049,2016,11,42
C049,2016,12,10.1
C020,2016,1,12.1
C020,2016,2,27.4
C020,2016,3,22.8
C020,2016,4,7
C020,2016,5,8
C020,2016,6,15.5
C020,2016,7,3.6
C020,2016,8,3.3
C020,2016,9,9.3
C020,2016,10,8.5
C020,2016,11,45.4
C020,2016,12,5.4
C070,2016,1,18.7
C070,2016,2,39.8
C070,2016,3,18.7
C070,2016,4,8.2
C070,2016,5,13.7
C070,2016,6,20.8
C070,2016,7,6.2
C070,2016,8,3.7
C070,2016,9,15
C070,2016,10,3
C070,2016,11,31.3
C070,2016,12,4
C050,2016,1,12.1
C050,2016,2,18.3
C050,2016,3,30.7
C050,2016,4,9.7
C050,2016,5,13.5
C050,2016,6,12.1
C050,2016,7,2.3
C050,2016,8,1.6
C050,2016,9,9.6
C050,2016,10,3.1
C050,2016,11,36.2
C050,2016,12,3.9
C0B1,2016,1,19.6
C0B1,2016,2,57.7
C0B1,2016,3,43.1
C0B1,2016,4,20.7
C0B1,2016,5,7.8
C0B1,2016,6,12
C0B1,2016,7,24.8
C0B1,2016,8,6.3
C0B1,2016,9,27.8
C0B1,2016,10,8.4
C0B1,2016,11,51.2
C0B1,2016,12,19.6
C079,2016,1,15.2
C079,2016,2,84
C079,2016,3,40.4
C079,2016,4,16.4
C079,2016,5,16.4
C079,2016,6,12.2
C079,2016,7,4.9
C079,2016,8,7.4
C079,2016,9,31.4
C079,2016,10,8.2
C079,2016,11,58.1
C079,2016,12,8.7
C0C1,2016,1,8.9
C0C1,2016,2,82.3
C0C1,2016,3,50.2
C0C1,2016,4,13.6
C0C1,2016,5,9.9
C0C1,2016,6,9.3
C0C1,2016,7,6.4
C0C1,2016,8,3.6
C0C1,2016,9,32.1
C0C1,2016,10,5.2
C0C1,2016,11,52.1
C0C1,2016,12,14.3
C061,2016,1,22.7
C061,2016,2,80.8
C061,2016,3,61.6
C061,2016,4,21.1
C061,2016,5,12.2
C061,2016,6,13.4
C061,2016,7,10.6
C061,2016,8,4
C061,2016,9,28.9
C061,2016,10,9.2
C061,2016,11,55.7
C061,2016,12,14.1
C032,2016,1,19.2
C032,2016,2,76.2
C032,2016,3,59.6
C032,2016,4,15.9
C032,2016,5,7.9
C032,2016,6,14.2
C032,2016,7,7.5
C032,2016,8,2.6
C032,2016,9,41.5
C032,2016,10,3.6
C032,2016,11,51.4
C032,2016,12,13.9
C002,2016,1,19.8
C002,2016,2,81.7
C002,2016,3,38.6
C002,2016,4,11.9
C002,2016,5,21.5
C002,2016,6,12.2
C002,2016,7,10.1
C002,2016,8,2.9
C002,2016,9,49.7
C002,2016,10,17.1
C002,2016,11,74
C002,2016,12,5.4
C0C2,2016,1,11.8
C0C2,2016,2,77.6
C0C2,2016,3,60.3
C0C2,2016,4,14.4
C0C2,2016,5,13.5
C0C2,2016,6,17.6
C0C2,2016,7,4.9
C0C2,2016,8,4.7
C0C2,2016,9,26.5
C0C2,2016,10,8
C0C2,2016,11,46.4
C0C2,2016,12,11.1
C069,2016,1,25.3
C069,2016,2,62.3
C069,2016,3,54.1
C069,2016,4,12.2
C069,2016,5,16.6
C069,2016,6,17.3
C069,2016,7,9.5
C069,2016,8,4.3
C069,2016,9,63.2
C069,2016,10,21
C069,2016,11,86
C069,2016,12,8
C0B6,2016,1,17.8
C0B6,2016,2,111.7
C0B6,2016,3,44.5
C0B6,2016,4,20.4
C0B6,2016,5,8.3
C0B6,2016,6,13.4
C0B6,2016,7,8.5
C0B6,2016,8,5.4
C0B6,2016,9,31.1
C0B6,2016,10,16.9
C0B6,2016,11,57
C0B6,2016,12,6.2
C0BE,2016,1,15.4
C0BE,2016,2,64.6
C0BE,2016,3,37
C0BE,2016,4,12
C0BE,2016,5,9.3
C0BE,2016,6,9.9
C0BE,2016,7,12.7
C0BE,2016,8,3.6
C0BE,2016,9,21.9
C0BE,2016,10,25.4
C0BE,2016,11,84.2
C0BE,2016,12,7
C065,2016,1,15.1
C065,2016,2,85.3
C065,2016,3,58.7
C065,2016,4,29.4
C065,2016,5,12.8
C065,2016,6,12.2
C065,2016,7,7.5
C065,2016,8,5.5
C065,2016,9,38.4
C065,2016,10,25.6
C065,2016,11,42.6
C065,2016,12,22.9
C003,2016,1,16
C003,2016,2,70.6
C003,2016,3,37.9
C003,2016,4,17.5
C003,2016,5,20.4
C003,2016,6,10.9
C003,2016,7,29.4
C003,2016,8,2.7
C003,2016,9,28
C003,2016,10,9.5
C003,2016,11,58.8
C003,2016,12,16
C039,2016,1,15.6
C039,2016,2,59.9
C039,2016,3,44.9
C039,2016,4,17.3
C039,2016,5,8.9
C039,2016,6,8.1
C039,2016,7,17.3
C039,2016,8,2.5
C039,2016,9,30.1
C039,2016,10,6.8
C039,2016,11,49.6
C039,2016,12,18.8
C075,2016,1,23.8
C075,2016,2,101.5
C075,2016,3,48.8
C075,2016,4,19.2
C075,2016,5,11.9
C075,2016,6,14.7
C075,2016,7,19.8
C075,2016,8,7.3
C075,2016,9,42.4
C075,2016,10,8.5
C075,2016,11,66.2
C075,2016,12,4.2
C074,2016,1,21.1
C074,2016,2,74.9
C074,2016,3,41.6
C074,2016,4,16
C074,2016,5,9.1
C074,2016,6,12.7
C074,2016,7,16
C074,2016,8,5.8
C074,2016,9,25.9
C074,2016,10,11
C074,2016,11,62.6
C074,2016,12,4.1
C038,2016,1,15.4
C038,2016,2,61.6
C038,2016,3,47.3
C038,2016,4,18.1
C038,2016,5,9.4
C038,2016,6,12.2
C038,2016,7,20.4
C038,2016,8,2.3
C038,2016,9,34.5
C038,2016,10,9.7
C038,2016,11,48.1
C038,2016,12,20.4
C033,2016,1,15.2
C033,2016,2,92.5
C033,2016,3,52.7
C033,2016,4,21.9
C033,2016,5,14.5
C033,2016,6,11.4
C033,2016,7,14.8
C033,2016,8,4.8
C033,2016,9,22.3
C033,2016,10,12.9
C033,2016,11,55.4
C033,2016,12,13.9
C0BD,2016,1,25.9
C0BD,2016,2,80.8
C0BD,2016,3,47.8
C0BD,2016,4,17.1
C0BD,2016,5,12.9
C0BD,2016,6,10.5
C0BD,2016,7,22.3
C0BD,2016,8,4.5
C0BD,2016,9,35
C0BD,2016,10,13.5
C0BD,2016,11,87.4
C0BD,2016,12,6.2
C036,2016,1,20.4
C036,2016,2,87.9
C036,2016,3,38
C036,2016,4,18.9
C036,2016,5,9.5
C036,2016,6,11.4
C036,2016,7,6.6
C036,2016,8,4.2
C036,2016,9,25.5
C036,2016,10,10.4
C036,2016,11,54.7
C036,2016,12,5.9
C045,2016,1,13.5
C045,2016,2,46.3
C045,2016,3,35.8
C045,2016,4,15.2
C045,2016,5,8.9
C045,2016,6,9.3
C045,2016,7,11
C045,2016,8,5.1
C045,2016,9,30.8
C045,2016,10,8.4
C045,2016,11,43.6
C045,2016,12,11.9
C0B7,2016,1,17
C0B7,2016,2,97.6
C0B7,2016,3,55.1
C0B7,2016,4,19.1
C0B7,2016,5,9.6
C0B7,2016,6,14.8
C0B7,2016,7,6.7
C0B7,2016,8,2.9
C0B7,2016,9,34.7
C0B7,2016,10,7.3
C0B7,2016,11,60
C0B7,2016,12,5.6
C019,2016,1,16.2
C019,2016,2,41.2
C019,2016,3,37.8
C019,2016,4,6.1
C019,2016,5,10.5
C019,2016,6,13.7
C019,2016,7,23.3
C019,2016,8,6.8
C019,2016,9,30.9
C019,2016,10,22.2
C019,2016,11,73.4
C019,2016,12,6
C057,2016,1,16.1
C057,2016,2,66.7
C057,2016,3,32.6
C057,2016,4,12.7
C057,2016,5,25
C057,2016,6,20.9
C057,2016,7,10.5
C057,2016,8,2.9
C057,2016,9,44.7
C057,2016,10,17.9
C057,2016,11,71.1
C057,2016,12,11.2
C063,2016,1,17.3
C063,2016,2,84.8
C063,2016,3,44.5
C063,2016,4,11.6
C063,2016,5,22.2
C063,2016,6,14
C063,2016,7,19.4
C063,2016,8,2.1
C063,2016,9,47.5
C063,2016,10,24.1
C063,2016,11,69.4
C063,2016,12,5.2
C046,2016,1,14.3
C046,2016,2,30.2
C046,2016,3,29.1
C046,2016,4,13.9
C046,2016,5,11
C046,2016,6,10.2
C046,2016,7,28.8
C046,2016,8,15
C046,2016,9,26.8
C046,2016,10,13
C046,2016,11,37.4
C046,2016,12,4.1
C0BA,2016,1,23.5
C0BA,2016,2,50.9
C0BA,2016,3,32.9
C0BA,2016,4,8.3
C0BA,2016,5,13.6
C0BA,2016,6,11
C0BA,2016,7,22.7
C0BA,2016,8,4.1
C0BA,2016,9,39.3
C0BA,2016,10,6.8
C0BA,2016,11,83
C0BA,2016,12,7
C059,2016,1,20.1
C059,2016,2,73.1
C059,2016,3,61.5
C059,2016,4,21.4
C059,2016,5,14.1
C059,2016,6,13
C059,2016,7,5.1
C059,2016,8,5
C059,2016,9,20.7
C059,2016,10,9.3
C059,2016,11,52.7
C059,2016,12,17.2
C072,2016,1,13.5
C072,2016,2,28.9
C072,2016,3,26.6
C072,2016,4,23.9
C072,2016,5,13.5
C072,2016,6,10
C072,2016,7,11.1
C072,2016,8,6.9
C072,2016,9,26.8
C072,2016,10,15.6
C072,2016,11,31.6
C072,2016,12,13
C0B4,2016,1,19.1
C0B4,2016,2,84.9
C0B4,2016,3,52.8
C0B4,2016,4,16.3
C0B4,2016,5,11.1
C0B4,2016,6,5
C0B4,2016,7,11.7
C0B4,2016,8,2.8
C0B4,2016,9,35.6
C0B4,2016,10,10.5
C0B4,2016,11,52.9
C0B4,2016,12,14.1
C054,2016,1,20.8
C054,2016,2,113.5
C054,2016,3,51.9
C054,2016,4,21.4
C054,2016,5,9.7
C054,2016,6,11.1
C054,2016,7,12.5
C054,2016,8,6.7
C054,2016,9,18.8
C054,2016,10,22.6
C054,2016,11,62.2
C054,2016,12,9.9
C042,2016,1,14.8
C042,2016,2,36.8
C042,2016,3,31.8
C042,2016,4,6.6
C042,2016,5,8.6
C042,2016,6,12.6
C042,2016,7,27.7
C042,2016,8,2.4
C042,2016,9,25.3
C042,2016,10,12.1
C042,2016,11,47.9
C042,2016,12,16.6
C0B9,2016,1,20.1
C0B9,2016,2,59.7
C0B9,2016,3,46.3
C0B9,2016,4,17.4
C0B9,2016,5,7.2
C0B9,2016,6,11.9
C0B9,2016,7,42
C0B9,2016,8,3.5
C0B9,2016,9,30.9
C0B9,2016,10,7.2
C0B9,2016,11,51.9
C0B9,2016,12,18.7
C0C3,2016,1,21.8
C0C3,2016,2,96.6
C0C3,2016,3,68.4
C0C3,2016,4,15.8
C0C3,2016,5,10.1
C0C3,2016,6,13.2
C0C3,2016,7,3.7
C0C3,2016,8,2.2
C0C3,2016,9,55.2
C0C3,2016,10,4.2
C0C3,2016,11,63.5
C0C3,2016,12,20.5
C022,2016,1,15.5
C022,2016,2,104.1
C022,2016,3,36.8
C022,2016,4,9.7
C022,2016,5,6.8
C022,2016,6,17.5
C022,2016,7,10.4
C022,2016,8,5.4
C022,2016,9,24.4
C022,2016,10,7
C022,2016,11,61.3
C022,2016,12,6.4
C0B3,2016,1,15.6
C0B3,2016,2,71.8
C0B3,2016,3,48.4
C0B3,2016,4,20.8
C0B3,2016,5,15.4
C0B3,2016,6,9.8
C0B3,2016,7,10.9
C0B3,2016,8,4.9
C0B3,2016,9,21.2
C0B3,2016,10,8.9
C0B3,2016,11,57.3
C0B3,2016,12,12.3
C037,2016,1,19.1
C037,2016,2,81.4
C037,2016,3,52.2
C037,2016,4,27.3
C037,2016,5,9.6
C037,2016,6,12.6
C037,2016,7,19.9
C037,2016,8,6.1
C037,2016,9,28.8
C037,2016,10,7.2
C037,2016,11,50.5
C037,2016,12,21.6
C0E5,2016,1,16.8
C0E5,2016,2,67
C0E5,2016,3,37
C0E5,2016,4,11.7
C0E5,2016,5,13.5
C0E5,2016,6,26.8
C0E5,2016,7,6.6
C0E5,2016,8,6.7
C0E5,2016,9,11
C0E5,2016,10,10.7
C0E5,2016,11,58.8
C0E5,2016,12,4.1
C0DB,2016,1,28.9
C0DB,2016,2,95.4
C0DB,2016,3,52.3
C0DB,2016,4,19.3
C0DB,2016,5,9
C0DB,2016,6,12.4
C0DB,2016,7,8.6
C0DB,2016,8,16.4
C0DB,2016,9,36.8
C0DB,2016,10,12.1
C0DB,2016,11,75
C0DB,2016,12,4.5
C0D3,2016,1,20.7
C0D3,2016,2,86.8
C0D3,2016,3,58.3
C0D3,2016,4,16.8
C0D3,2016,5,29.9
C0D3,2016,6,17.6
C0D3,2016,7,24.1
C0D3,2016,8,10.1
C0D3,2016,9,37.2
C0D3,2016,10,9.7
C0D3,2016,11,76.6
C0D3,2016,12,4.6
C0DD,2016,1,17.1
C0DD,2016,2,60.8
C0DD,2016,3,44.3
C0DD,2016,4,18.3
C0DD,2016,5,11
C0DD,2016,6,12.5
C0DD,2016,7,19.5
C0DD,2016,8,23
C0DD,2016,9,18.3
C0DD,2016,10,16.7
C0DD,2016,11,57.4
C0DD,2016,12,8.6
C0E9,2016,1,26
C0E9,2016,2,88.8
C0E9,2016,3,49.3
C0E9,2016,4,15
C0E9,2016,5,10.3
C0E9,2016,6,23.2
C0E9,2016,7,5.1
C0E9,2016,8,5.8
C0E9,2016,9,32.4
C0E9,2016,10,18.3
C0E9,2016,11,61.7
C0E9,2016,12,4.6
C078,2016,1,20.7
C078,2016,2,76.5
C078,2016,3,47.7
C078,2016,4,22.3
C078,2016,5,10.3
C078,2016,6,11
C078,2016,7,9.1
C078,2016,8,7.8
C078,2016,9,27.3
C078,2016,10,14.6
C078,2016,11,72.9
C078,2016,12,6.3
C052,2016,1,35.9
C052,2016,2,107
C052,2016,3,53.7
C052,2016,4,22.9
C052,2016,5,17
C052,2016,6,20.3
C052,2016,7,17.1
C052,2016,8,8.9
C052,2016,9,32.6
C052,2016,10,23
C052,2016,11,65.6
C052,2016,12,10.9
C0E1,2016,1,15
C0E1,2016,2,64.7
C0E1,2016,3,38.2
C0E1,2016,4,15.6
C0E1,2016,5,14.9
C0E1,2016,6,29.9
C0E1,2016,7,4.9
C0E1,2016,8,4.7
C0E1,2016,9,15.1
C0E1,2016,10,15.8
C0E1,2016,11,60.7
C0E1,2016,12,4
C077,2016,1,16.1
C077,2016,2,72.2
C077,2016,3,40
C077,2016,4,14.3
C077,2016,5,12.2
C077,2016,6,15.2
C077,2016,7,15.5
C077,2016,8,8.9
C077,2016,9,22.6
C077,2016,10,28.2
C077,2016,11,62.1
C077,2016,12,11.7
C080,2016,1,40.3
C080,2016,2,100.4
C080,2016,3,53.4
C080,2016,4,19.2
C080,2016,5,32.7
C080,2016,6,17.5
C080,2016,7,15.8
C080,2016,8,9.3
C080,2016,9,34.1
C080,2016,10,34.8
C080,2016,11,67.7
C080,2016,12,11.7
C0E8,2016,1,27.8
C0E8,2016,2,74.1
C0E8,2016,3,52
C0E8,2016,4,19.1
C0E8,2016,5,14.7
C0E8,2016,6,15
C0E8,2016,7,13.7
C0E8,2016,8,8.9
C0E8,2016,9,26.5
C0E8,2016,10,21.6
C0E8,2016,11,65.1
C0E8,2016,12,6.5
C023,2016,1,33.5
C023,2016,2,134.2
C023,2016,3,52.4
C023,2016,4,25.7
C023,2016,5,9
C023,2016,6,16.5
C023,2016,7,11.5
C023,2016,8,7.7
C023,2016,9,29.1
C023,2016,10,5.6
C023,2016,11,59.6
C023,2016,12,6
C084,2016,1,28.1
C084,2016,2,40.2
C084,2016,3,33
C084,2016,4,16.1
C084,2016,5,29.2
C084,2016,6,14.8
C084,2016,7,5.4
C084,2016,8,9.2
C084,2016,9,30.6
C084,2016,10,31.4
C084,2016,11,64.9
C084,2016,12,5.6
C0EA,2016,1,23.4
C0EA,2016,2,68.4
C0EA,2016,3,44.6
C0EA,2016,4,22
C0EA,2016,5,18.1
C0EA,2016,6,23.6
C0EA,2016,7,24.8
C0EA,2016,8,13.6
C0EA,2016,9,25.8
C0EA,2016,10,22.4
C0EA,2016,11,75.3
C0EA,2016,12,13.5
C026,2016,1,37.9
C026,2016,2,106.6
C026,2016,3,56.9
C026,2016,4,22.9
C026,2016,5,19.2
C026,2016,6,21.2
C026,2016,7,14.3
C026,2016,8,6.7
C026,2016,9,28.9
C026,2016,10,25.6
C026,2016,11,71.5
C026,2016,12,10
C058,2016,1,26.2
C058,2016,2,73.7
C058,2016,3,55.4
C058,2016,4,20.3
C058,2016,5,17
C058,2016,6,13.4
C058,2016,7,15.1
C058,2016,8,14.1
C058,2016,9,24.8
C058,2016,10,17.8
C058,2016,11,75.2
C058,2016,12,6.8
C0F0,2016,1,31.7
C0F0,2016,2,62.1
C0F0,2016,3,43.3
C0F0,2016,4,14.9
C0F0,2016,5,18.9
C0F0,2016,6,15.2
C0F0,2016,7,32.7
C0F0,2016,8,11.1
C0F0,2016,9,21.8
C0F0,2016,10,40.4
C0F0,2016,11,66.2
C0F0,2016,12,12.1
C0E7,2016,1,22.1
C0E7,2016,2,69.6
C0E7,2016,3,41.5
C0E7,2016,4,17.3
C0E7,2016,5,11.9
C0E7,2016,6,13.2
C0E7,2016,7,5.7
C0E7,2016,8,4.9
C0E7,2016,9,18.1
C0E7,2016,10,10.4
C0E7,2016,11,57.2
C0E7,2016,12,3.8
C0DC,2016,1,24.9
C0DC,2016,2,95.1
C0DC,2016,3,50.5
C0DC,2016,4,26.8
C0DC,2016,5,11.1
C0DC,2016,6,13.5
C0DC,2016,7,13.9
C0DC,2016,8,18.8
C0DC,2016,9,26.5
C0DC,2016,10,16.3
C0DC,2016,11,58.3
C0DC,2016,12,5.6
C0EC,2016,1,15.7
C0EC,2016,2,62.5
C0EC,2016,3,36.1
C0EC,2016,4,13.2
C0EC,2016,5,15.5
C0EC,2016,6,9.3
C0EC,2016,7,14
C0EC,2016,8,9.6
C0EC,2016,9,29.7
C0EC,2016,10,18
C0EC,2016,11,62.2
C0EC,2016,12,12.7
C0DE,2016,1,28.5
C0DE,2016,2,75.2
C0DE,2016,3,45.5
C0DE,2016,4,23.7
C0DE,2016,5,17.6
C0DE,2016,6,19.2
C0DE,2016,7,17.7
C0DE,2016,8,10.1
C0DE,2016,9,29.2
C0DE,2016,10,21.4
C0DE,2016,11,55.5
C0DE,2016,12,5.6
C017,2016,1,26.1
C017,2016,2,55.3
C017,2016,3,29.9
C017,2016,4,13.5
C017,2016,5,21.6
C017,2016,6,17
C017,2016,7,31.3
C017,2016,8,9.6
C017,2016,9,38.1
C017,2016,10,40
C017,2016,11,65.2
C017,2016,12,14.1
C0F4,2016,1,18.9
C0F4,2016,2,56.9
C0F4,2016,3,27.7
C0F4,2016,4,14.7
C0F4,2016,5,24.5
C0F4,2016,6,12.2
C0F4,2016,7,16
C0F4,2016,8,8.4
C0F4,2016,9,29.3
C0F4,2016,10,21.7
C0F4,2016,11,78.7
C0F4,2016,12,9.5
C0D1,2016,1,11.9
C0D1,2016,2,95.2
C0D1,2016,3,36.7
C0D1,2016,4,21.1
C0D1,2016,5,12.2
C0D1,2016,6,12.3
C0D1,2016,7,15.1
C0D1,2016,8,7.3
C0D1,2016,9,21.8
C0D1,2016,10,6.5
C0D1,2016,11,64.2
C0D1,2016,12,4.3
C043,2016,1,20.2
C043,2016,2,84.2
C043,2016,3,49.9
C043,2016,4,17.3
C043,2016,5,12.1
C043,2016,6,21.4
C043,2016,7,3.4
C043,2016,8,4.9
C043,2016,9,15.6
C043,2016,10,20.2
C043,2016,11,55.3
C043,2016,12,3.9
C0D2,2016,1,16.5
C0D2,2016,2,99.4
C0D2,2016,3,40.1
C0D2,2016,4,19.5
C0D2,2016,5,12.1
C0D2,2016,6,11.9
C0D2,2016,7,16.8
C0D2,2016,8,10.2
C0D2,2016,9,23.4
C0D2,2016,10,6.3
C0D2,2016,11,62.7
C0D2,2016,12,4.3
C0D0,2016,1,19
C0D0,2016,2,46.8
C0D0,2016,3,44.9
C0D0,2016,4,13.5
C0D0,2016,5,7.6
C0D0,2016,6,16
C0D0,2016,7,8.7
C0D0,2016,8,10.3
C0D0,2016,9,22.8
C0D0,2016,10,12.4
C0D0,2016,11,57.6
C0D0,2016,12,3.8
C064,2016,1,14.9
C064,2016,2,45.6
C064,2016,3,22.1
C064,2016,4,10.2
C064,2016,5,16.6
C064,2016,6,15.1
C064,2016,7,13.8
C064,2016,8,8.5
C064,2016,9,20.1
C064,2016,10,16.8
C064,2016,11,50.2
C064,2016,12,5.6
C028,2016,1,39.6
C028,2016,2,83.3
C028,2016,3,35.9
C028,2016,4,17.4
C028,2016,5,13.4
C028,2016,6,24.2
C028,2016,7,11.5
C028,2016,8,7.3
C028,2016,9,44.3
C028,2016,10,9.2
C028,2016,11,63.9
C028,2016,12,3.9
C029,2016,1,19.2
C029,2016,2,64
C029,2016,3,41.9
C029,2016,4,20.3
C029,2016,5,17
C029,2016,6,15.9
C029,2016,7,15.1
C029,2016,8,6.4
C029,2016,9,18.8
C029,2016,10,18.6
C029,2016,11,61
C029,2016,12,12.6
C076,2017,1,26.3
C076,2017,2,10.5
C076,2017,3,27.5
C076,2017,4,7.3
C076,2017,5,18.8
C076,2017,6,17.7
C076,2017,7,4.7
C076,2017,8,6.8
C076,2017,9,6.1
C076,2017,10,19
C076,2017,11,17.6
C076,2017,12,24.9
C056,2017,1,20.8
C056,2017,2,8.7
C056,2017,3,21.2
C056,2017,4,5.9
C056,2017,5,17.3
C056,2017,6,34.9
C056,2017,7,6.9
C056,2017,8,10.3
C056,2017,9,7.8
C056,2017,10,12.6
C056,2017,11,15
C056,2017,12,22.7
C035,2017,1,54.9
C035,2017,2,19.4
C035,2017,3,33.6
C035,2017,4,16.2
C035,2017,5,30.6
C035,2017,6,17
C035,2017,7,9.8
C035,2017,8,7.8
C035,2017,9,10.3
C035,2017,10,11.1
C035,2017,11,20.3
C035,2017,12,40.1
C016,2017,1,30.8
C016,2017,2,12.8
C016,2017,3,22.5
C016,2017,4,9.5
C016,2017,5,24.2
C016,2017,6,20.1
C016,2017,7,7.2
C016,2017,8,6.1
C016,2017,9,7.1
C016,2017,10,18.5
C016,2017,11,16.6
C016,2017,12,27.2
C034,2017,1,22.5
C034,2017,2,12.4
C034,2017,3,18.5
C034,2017,4,8.5
C034,2017,5,22.5
C034,2017,6,13
C034,2017,7,3.1
C034,2017,8,19.1
C034,2017,9,5.1
C034,2017,10,9
C034,2017,11,9.5
C034,2017,12,25.2
C0AA,2017,1,35.5
C0AA,2017,2,15.3
C0AA,2017,3,35.3
C0AA,2017,4,7.4
C0AA,2017,5,16.4
C0AA,2017,6,17.3
C0AA,2017,7,9.7
C0AA,2017,8,8.7
C0AA,2017,9,4.5
C0AA,2017,10,11.6
C0AA,2017,11,22
C0AA,2017,12,28.8
C067,2017,1,48
C067,2017,2,18.3
C067,2017,3,42.8
C067,2017,4,11.7
C067,2017,5,20.1
C067,2017,6,19.7
C067,2017,7,24.8
C067,2017,8,10.1
C067,2017,9,20.2
C067,2017,10,3.4
C067,2017,11,24.8
C067,2017,12,37.6
C044,2017,1,106.6
C044,2017,2,16.4
C044,2017,3,17.2
C044,2017,4,10.5
C044,2017,5,30.1
C044,2017,6,15.9
C044,2017,7,11.4
C044,2017,8,10
C044,2017,9,11.3
C044,2017,10,11.9
C044,2017,11,48
C044,2017,12,39.9
C048,2017,1,36.2
C048,2017,2,11.6
C048,2017,3,10.4
C048,2017,4,4.7
C048,2017,5,24.7
C048,2017,6,23.8
C048,2017,7,18.2
C048,2017,8,19.7
C048,2017,9,5.4
C048,2017,10,19.7
C048,2017,11,12.4
C048,2017,12,26.3
C068,2017,1,52.2
C068,2017,2,25.3
C068,2017,3,39.2
C068,2017,4,15.4
C068,2017,5,16
C068,2017,6,24.7
C068,2017,7,19.6
C068,2017,8,24.8
C068,2017,9,10.3
C068,2017,10,17.5
C068,2017,11,22.7
C068,2017,12,56.5
C024,2017,1,31.6
C024,2017,2,20.3
C024,2017,3,28.6
C024,2017,4,11.3
C024,2017,5,21.2
C024,2017,6,19
C024,2017,7,6.6
C024,2017,8,21.8
C024,2017,9,13.9
C024,2017,10,23.4
C024,2017,11,18.2
C024,2017,12,41.6
C0A0,2017,1,20.7
C0A0,2017,2,16.4
C0A0,2017,3,28.5
C0A0,2017,4,6.8
C0A0,2017,5,18.1
C0A0,2017,6,24.5
C0A0,2017,7,18.9
C0A0,2017,8,5.8
C0A0,2017,9,4.3
C0A0,2017,10,30.7
C0A0,2017,11,8.8
C0A0,2017,12,18
C047,2017,1,35.3
C047,2017,2,18.1
C047,2017,3,10.6
C047,2017,4,7.1
C047,2017,5,19.8
C047,2017,6,19.6
C047,2017,7,17.8
C047,2017,8,20.6
C047,2017,9,10.6
C047,2017,10,16.9
C047,2017,11,21.9
C047,2017,12,32.1
C031,2017,1,8.1
C031,2017,2,8.1
C031,2017,3,19.4
C031,2017,4,1.8
C031,2017,5,13.5
C031,2017,6,14.7
C031,2017,7,60.5
C031,2017,8,6.5
C031,2017,9,2.7
C031,2017,10,14.4
C031,2017,11,10.4
C031,2017,12,7
C041,2017,1,28.8
C041,2017,2,15
C041,2017,3,21.4
C041,2017,4,8.4
C041,2017,5,18.5
C041,2017,6,21.3
C041,2017,7,9
C041,2017,8,11.3
C041,2017,9,5.2
C041,2017,10,20.1
C041,2017,11,14.5
C041,2017,12,24.4
C055,2017,1,46.9
C055,2017,2,14.6
C055,2017,3,39.6
C055,2017,4,8.7
C055,2017,5,17.6
C055,2017,6,16.8
C055,2017,7,7.9
C055,2017,8,8.1
C055,2017,9,10.5
C055,2017,10,14
C055,2017,11,20.6
C055,2017,12,34.1
C060,2017,1,30.5
C060,2017,2,7.7
C060,2017,3,23.8
C060,2017,4,4.5
C060,2017,5,8.3
C060,2017,6,20.1
C060,2017,7,29.7
C060,2017,8,8.4
C060,2017,9,1.6
C060,2017,10,16
C060,2017,11,6.6
C060,2017,12,11.9
C030,2017,1,27.3
C030,2017,2,18.7
C030,2017,3,32.9
C030,2017,4,7.7
C030,2017,5,17.9
C030,2017,6,19.5
C030,2017,7,14.6
C030,2017,8,37.2
C030,2017,9,8.6
C030,2017,10,17.7
C030,2017,11,13.6
C030,2017,12,26.6
C051,2017,1,37.3
C051,2017,2,12.3
C051,2017,3,24.7
C051,2017,4,10.4
C051,2017,5,18.3
C051,2017,6,23.7
C051,2017,7,9
C051,2017,8,6.9
C051,2017,9,9.8
C051,2017,10,7.4
C051,2017,11,16.5
C051,2017,12,36.3
C0A0,2017,1,63.2
C0A0,2017,2,24.4
C0A0,2017,3,43.9
C0A0,2017,4,15.8
C0A0,2017,5,29.8
C0A0,2017,6,13.2
C0A0,2017,7,8.9
C0A0,2017,8,8.5
C0A0,2017,9,14.6
C0A0,2017,10,11.9
C0A0,2017,11,27.6
C0A0,2017,12,44.7
C049,2017,1,25.1
C049,2017,2,8.6
C049,2017,3,21
C049,2017,4,6
C049,2017,5,26.5
C049,2017,6,19.1
C049,2017,7,3
C049,2017,8,10.4
C049,2017,9,4.9
C049,2017,10,14.2
C049,2017,11,13.8
C049,2017,12,16.9
C00B,2017,4,14.4
C00B,2017,5,17.8
C00B,2017,6,19.1
C00B,2017,7,4.6
C00B,2017,8,11
C00B,2017,9,6.8
C00B,2017,10,8.8
C00B,2017,11,18.4
C00B,2017,12,33.2
C020,2017,1,15.8
C020,2017,2,8.3
C020,2017,3,34.1
C020,2017,4,6.1
C020,2017,5,18.4
C020,2017,6,14.4
C020,2017,7,4.2
C020,2017,8,8.3
C020,2017,9,4.7
C020,2017,10,19.4
C020,2017,11,7.9
C020,2017,12,25.4
C070,2017,1,16.5
C070,2017,2,8.3
C070,2017,3,16.1
C070,2017,4,7.7
C070,2017,5,21
C070,2017,6,18.6
C070,2017,7,4.4
C070,2017,8,6.6
C070,2017,9,6.3
C070,2017,10,23
C070,2017,11,13.1
C070,2017,12,37
C050,2017,1,10.2
C050,2017,2,9
C050,2017,3,15.6
C050,2017,4,5.1
C050,2017,5,23.4
C050,2017,6,10.3
C050,2017,7,6
C050,2017,8,10.9
C050,2017,9,3.7
C050,2017,10,19.8
C050,2017,11,9.6
C050,2017,12,22.8
C0B1,2017,1,81.7
C0B1,2017,2,14.9
C0B1,2017,3,44.6
C0B1,2017,4,19.2
C0B1,2017,5,23.1
C0B1,2017,6,13.2
C0B1,2017,7,20.1
C0B1,2017,8,25.5
C0B1,2017,9,17.3
C0B1,2017,10,10.3
C0B1,2017,11,63.6
C0B1,2017,12,34.6
C079,2017,1,54.2
C079,2017,2,28.6
C079,2017,3,30.2
C079,2017,4,15.2
C079,2017,5,27.4
C079,2017,6,18.6
C079,2017,7,26.8
C079,2017,8,13.4
C079,2017,9,29.4
C079,2017,10,4.6
C079,2017,11,38.7
C079,2017,12,47.1
C0C1,2017,1,50.5
C0C1,2017,2,16.9
C0C1,2017,3,26.5
C0C1,2017,4,14.7
C0C1,2017,5,24.2
C0C1,2017,6,23
C0C1,2017,7,8.9
C0C1,2017,8,22.8
C0C1,2017,9,18.4
C0C1,2017,10,10.5
C0C1,2017,11,23.3
C0C1,2017,12,32.1
C061,2017,1,74.9
C061,2017,2,16
C061,2017,3,31.2
C061,2017,4,31.9
C061,2017,5,28.8
C061,2017,6,11.7
C061,2017,7,18.2
C061,2017,8,22.4
C061,2017,9,25.3
C061,2017,10,11.1
C061,2017,11,43.8
C061,2017,12,32.9
C032,2017,1,55.3
C032,2017,2,17.4
C032,2017,3,35.1
C032,2017,4,12.7
C032,2017,5,20.9
C032,2017,6,17.1
C032,2017,7,27.8
C032,2017,8,9.7
C032,2017,9,20.8
C032,2017,10,6.9
C032,2017,11,29.2
C032,2017,12,40.5
C002,2017,1,39.9
C002,2017,2,24.9
C002,2017,3,37.3
C002,2017,4,20.4
C002,2017,5,21.2
C002,2017,6,22.4
C002,2017,7,19.5
C002,2017,8,26.5
C002,2017,9,29.5
C002,2017,10,11.3
C002,2017,11,35.3
C002,2017,12,35.5
C0C2,2017,1,44.9
C0C2,2017,2,22.8
C0C2,2017,3,20.8
C0C2,2017,4,16.1
C0C2,2017,5,23.6
C0C2,2017,6,20.9
C0C2,2017,7,16.6
C0C2,2017,8,17.1
C0C2,2017,9,20
C0C2,2017,10,7.5
C0C2,2017,11,31
C0C2,2017,12,45.8
C069,2017,1,42.2
C069,2017,2,24.3
C069,2017,3,27.9
C069,2017,4,15.7
C069,2017,5,31
C069,2017,6,15.6
C069,2017,7,21
C069,2017,8,23.3
C069,2017,9,40.5
C069,2017,10,10.9
C069,2017,11,29.1
C069,2017,12,35.8
C0B6,2017,1,55.3
C0B6,2017,2,30.2
C0B6,2017,3,33.5
C0B6,2017,4,16.2
C0B6,2017,5,37.5
C0B6,2017,6,16.2
C0B6,2017,7,18.4
C0B6,2017,8,14.4
C0B6,2017,9,20.6
C0B6,2017,10,7.7
C0B6,2017,11,37.7
C0B6,2017,12,43.2
C0BE,2017,1,61.6
C0BE,2017,2,24.7
C0BE,2017,3,31.3
C0BE,2017,4,23.8
C0BE,2017,5,39.2
C0BE,2017,6,22.1
C0BE,2017,7,13.7
C0BE,2017,8,25.8
C0BE,2017,9,37.8
C0BE,2017,10,20.8
C0BE,2017,11,29
C0BE,2017,12,36
C065,2017,1,80.2
C065,2017,2,16.8
C065,2017,3,29.3
C065,2017,4,27.8
C065,2017,5,28.9
C065,2017,6,21.8
C065,2017,7,19.8
C065,2017,8,22.7
C065,2017,9,28
C065,2017,10,10.3
C065,2017,11,36.8
C065,2017,12,37.4
C003,2017,1,75.5
C003,2017,2,26.9
C003,2017,3,47.4
C003,2017,4,16.1
C003,2017,5,21.2
C003,2017,6,17.5
C003,2017,7,33.3
C003,2017,8,17.7
C003,2017,9,36.5
C003,2017,10,7.9
C003,2017,11,43.9
C003,2017,12,35.7
C039,2017,1,69.8
C039,2017,2,16.8
C039,2017,3,42
C039,2017,4,19.1
C039,2017,5,18.5
C039,2017,6,12.3
C039,2017,7,10.3
C039,2017,8,22.7
C039,2017,9,15
C039,2017,10,5.3
C039,2017,11,55.1
C039,2017,12,30.5
C075,2017,1,62.2
C075,2017,2,32.3
C075,2017,3,42
C075,2017,4,16.4
C075,2017,5,31.5
C075,2017,6,12.2
C075,2017,7,18.8
C075,2017,8,12.8
C075,2017,9,24.2
C075,2017,10,23.6
C075,2017,11,31.7
C075,2017,12,50.8
C074,2017,1,51
C074,2017,2,25
C074,2017,3,28.9
C074,2017,4,13.9
C074,2017,5,37.1
C074,2017,6,12.4
C074,2017,7,19.8
C074,2017,8,9.7
C074,2017,9,21.5
C074,2017,10,11.7
C074,2017,11,20
C074,2017,12,45.1
C009,2017,8,11.5
C009,2017,9,21
C009,2017,10,7.6
C009,2017,11,43.7
C009,2017,12,38.8
C038,2017,1,57
C038,2017,2,17.9
C038,2017,3,47.5
C038,2017,4,9.6
C038,2017,5,23.3
C038,2017,6,15.4
C038,2017,7,11.3
C038,2017,8,19.9
C038,2017,9,19.7
C038,2017,10,5.6
C038,2017,11,54.2
C038,2017,12,33.8
C033,2017,1,88.2
C033,2017,2,14.8
C033,2017,3,32.7
C033,2017,4,23.1
C033,2017,5,30.7
C033,2017,6,15.9
C033,2017,7,21
C033,2017,8,12.2
C033,2017,9,18.4
C033,2017,10,8.6
C033,2017,11,44.5
C033,2017,12,41.4
C0BD,2017,1,69.4
C0BD,2017,2,24.7
C0BD,2017,3,33.7
C0BD,2017,4,20.1
C0BD,2017,5,39.5
C0BD,2017,6,16.4
C0BD,2017,7,18.8
C0BD,2017,8,16.3
C0BD,2017,9,37.2
C0BD,2017,10,18
C0BD,2017,11,38.4
C0BD,2017,12,53.3
C036,2017,1,62.3
C036,2017,2,27.4
C036,2017,3,32.9
C036,2017,4,12.1
C036,2017,5,41.8
C036,2017,6,13.8
C036,2017,7,27.7
C036,2017,8,21
C036,2017,9,23.4
C036,2017,10,6.9
C036,2017,11,35.3
C036,2017,12,35.6
C045,2017,1,56.3
C045,2017,2,15.7
C045,2017,3,14.5
C045,2017,4,15.1
C045,2017,5,25.8
C045,2017,6,21
C045,2017,7,20.6
C045,2017,8,13.9
C045,2017,9,22.4
C045,2017,10,12.4
C045,2017,11,27.7
C045,2017,12,44.5
C0B7,2017,1,63.1
C0B7,2017,2,24.4
C0B7,2017,3,23
C0B7,2017,4,16
C0B7,2017,5,40.5
C0B7,2017,6,18
C0B7,2017,7,24
C0B7,2017,8,20.2
C0B7,2017,9,21.2
C0B7,2017,10,9.4
C0B7,2017,11,42.8
C0B7,2017,12,40
C019,2017,1,28.2
C019,2017,2,19
C019,2017,3,46.7
C019,2017,4,13.8
C019,2017,5,30.8
C019,2017,6,19.3
C019,2017,7,16.4
C019,2017,8,34.4
C019,2017,9,47.5
C019,2017,10,14
C019,2017,11,24.6
C019,2017,12,27.2
C057,2017,1,45.1
C057,2017,2,22
C057,2017,3,41.4
C057,2017,4,15.8
C057,2017,5,19.7
C057,2017,6,11.4
C057,2017,7,15.9
C057,2017,8,13.1
C057,2017,9,43
C057,2017,10,10
C057,2017,11,37.6
C057,2017,12,33.5
C063,2017,1,47
C063,2017,2,18.6
C063,2017,3,27.8
C063,2017,4,19.3
C063,2017,5,28.5
C063,2017,6,20
C063,2017,7,16.3
C063,2017,8,23.2
C063,2017,9,24
C063,2017,10,6.8
C063,2017,11,38.5
C063,2017,12,45.7
C046,2017,1,49.6
C046,2017,2,12.5
C046,2017,3,28.5
C046,2017,4,14
C046,2017,5,33.7
C046,2017,6,14.7
C046,2017,7,13.6
C046,2017,8,28.7
C046,2017,9,18.9
C046,2017,10,14.4
C046,2017,11,23.9
C046,2017,12,30.3
C0BA,2017,1,39.8
C0BA,2017,2,28.6
C0BA,2017,3,28.1
C0BA,2017,4,15.3
C0BA,2017,5,46
C0BA,2017,6,23.9
C0BA,2017,7,12.8
C0BA,2017,8,37
C0BA,2017,9,24.5
C0BA,2017,10,21.7
C0BA,2017,11,24.4
C0BA,2017,12,39.5
C059,2017,1,47.3
C059,2017,2,20.3
C059,2017,3,23.8
C059,2017,4,17.8
C059,2017,5,21.8
C059,2017,6,24.8
C059,2017,7,16.6
C059,2017,8,23.6
C059,2017,9,16.8
C059,2017,10,8.5
C059,2017,11,38.9
C059,2017,12,46.3
C072,2017,1,70.7
C072,2017,2,11.8
C072,2017,3,19.1
C072,2017,4,14.4
C072,2017,5,21.8
C072,2017,6,17.2
C072,2017,7,16.5
C072,2017,8,13.4
C072,2017,9,13.9
C072,2017,10,10.6
C072,2017,11,24.8
C072,2017,12,36.1
C0B4,2017,1,43.4
C0B4,2017,2,17.3
C0B4,2017,3,36.3
C0B4,2017,4,12.7
C0B4,2017,5,26.1
C0B4,2017,6,19.8
C0B4,2017,7,20.2
C0B4,2017,8,9.2
C0B4,2017,9,15.8
C0B4,2017,10,8.4
C0B4,2017,11,33.3
C0B4,2017,12,47.5
C054,2017,1,77.4
C054,2017,2,19.5
C054,2017,3,35.3
C054,2017,4,22.5
C054,2017,5,31.6
C054,2017,6,10
C054,2017,7,17.6
C054,2017,8,7.3
C054,2017,9,18.4
C054,2017,10,15.3
C054,2017,11,46.1
C054,2017,12,44.8
C042,2017,1,34
C042,2017,2,17.1
C042,2017,3,30.6
C042,2017,4,13.4
C042,2017,5,31.6
C042,2017,6,13.9
C042,2017,7,12.3
C042,2017,8,14.5
C042,2017,9,24
C042,2017,10,6
C042,2017,11,39.3
C042,2017,12,33.4
C0B9,2017,1,72.6
C0B9,2017,2,17.2
C0B9,2017,3,45.2
C0B9,2017,4,17.7
C0B9,2017,5,22.7
C0B9,2017,6,17.4
C0B9,2017,7,13.8
C0B9,2017,8,20.4
C0B9,2017,9,24
C0B9,2017,10,8.9
C0B9,2017,11,49
C0B9,2017,12,38.1
C0C3,2017,1,59.4
C0C3,2017,2,19.8
C0C3,2017,3,37.4
C0C3,2017,4,16.3
C0C3,2017,5,18.4
C0C3,2017,6,16.1
C0C3,2017,7,27.9
C0C3,2017,8,13.8
C0C3,2017,9,28.3
C0C3,2017,10,8.4
C0C3,2017,11,31.4
C0C3,2017,12,47
C022,2017,1,76
C022,2017,2,22.6
C022,2017,3,23
C022,2017,4,19.3
C022,2017,5,38
C022,2017,6,19.8
C022,2017,7,18.8
C022,2017,8,20.6
C022,2017,9,32.4
C022,2017,10,8.1
C022,2017,11,50.3
C022,2017,12,51.5
C0B3,2017,1,67.3
C0B3,2017,2,19
C0B3,2017,3,34.4
C0B3,2017,4,23
C0B3,2017,5,29.9
C0B3,2017,6,20.1
C0B3,2017,7,16.1
C0B3,2017,8,12
C0B3,2017,9,21.8
C0B3,2017,10,6.2
C0B3,2017,11,45.1
C0B3,2017,12,42.7
C037,2017,1,93.6
C037,2017,2,15.2
C037,2017,3,42.5
C037,2017,4,17.3
C037,2017,5,29
C037,2017,6,14.1
C037,2017,7,23.3
C037,2017,8,17.5
C037,2017,9,18.7
C037,2017,10,10.5
C037,2017,11,52.2
C037,2017,12,39.1
C0E5,2017,1,47.1
C0E5,2017,2,12.9
C0E5,2017,3,24.6
C0E5,2017,4,13.3
C0E5,2017,5,22.8
C0E5,2017,6,37.3
C0E5,2017,7,8.5
C0E5,2017,8,47.1
C0E5,2017,9,17.4
C0E5,2017,10,18.3
C0E5,2017,11,20.4
C0E5,2017,12,37.4
C0DB,2017,1,79
C0DB,2017,2,27.4
C0DB,2017,3,45.2
C0DB,2017,4,19.3
C0DB,2017,5,28.3
C0DB,2017,6,12.4
C0DB,2017,7,20.7
C0DB,2017,8,12.1
C0DB,2017,9,23.4
C0DB,2017,10,18.5
C0DB,2017,11,29.1
C0DB,2017,12,32.4
C0D3,2017,1,55.1
C0D3,2017,2,29.5
C0D3,2017,3,39.3
C0D3,2017,4,13.4
C0D3,2017,5,32
C0D3,2017,6,9.8
C0D3,2017,7,16.2
C0D3,2017,8,24.2
C0D3,2017,9,32.7
C0D3,2017,10,23.7
C0D3,2017,11,29.3
C0D3,2017,12,47.7
C0DD,2017,1,54.5
C0DD,2017,2,20.1
C0DD,2017,3,40.5
C0DD,2017,4,24
C0DD,2017,5,39.7
C0DD,2017,6,17
C0DD,2017,7,14.2
C0DD,2017,8,50.1
C0DD,2017,9,22.1
C0DD,2017,10,19.6
C0DD,2017,11,36.3
C0DD,2017,12,50.8
C0E9,2017,1,78.2
C0E9,2017,2,21.9
C0E9,2017,3,38
C0E9,2017,4,15
C0E9,2017,5,13.6
C0E9,2017,6,16.7
C0E9,2017,7,21.7
C0E9,2017,8,27.7
C0E9,2017,9,23.4
C0E9,2017,10,26.9
C0E9,2017,11,35.8
C0E9,2017,12,44.2
C078,2017,1,91.6
C078,2017,2,18.5
C078,2017,3,63.3
C078,2017,4,16.5
C078,2017,5,34.7
C078,2017,6,14.1
C078,2017,7,11.8
C078,2017,8,25.2
C078,2017,9,35
C078,2017,10,19.7
C078,2017,11,40.1
C078,2017,12,42.6
C052,2017,1,95.1
C052,2017,2,27.9
C052,2017,3,63.6
C052,2017,4,26.4
C052,2017,5,22.6
C052,2017,6,32.2
C052,2017,7,23.7
C052,2017,8,25.8
C052,2017,9,42.7
C052,2017,10,13.3
C052,2017,11,59.2
C052,2017,12,44.9
C0E1,2017,1,66.7
C0E1,2017,2,17.2
C0E1,2017,3,25.7
C0E1,2017,4,12.1
C0E1,2017,5,22.4
C0E1,2017,6,28
C0E1,2017,7,9
C0E1,2017,8,48.6
C0E1,2017,9,18.2
C0E1,2017,10,18.3
C0E1,2017,11,24.2
C0E1,2017,12,40.1
C077,2017,1,78.6
C077,2017,2,17.3
C077,2017,3,52.3
C077,2017,4,19.6
C077,2017,5,20.1
C077,2017,6,18
C077,2017,7,14.9
C077,2017,8,31.5
C077,2017,9,34.5
C077,2017,10,30.9
C077,2017,11,72.8
C077,2017,12,35.9
C080,2017,1,85.1
C080,2017,2,30.3
C080,2017,3,77.4
C080,2017,4,30.3
C080,2017,5,32.7
C080,2017,6,36.6
C080,2017,7,36.1
C080,2017,8,52.8
C080,2017,9,60.3
C080,2017,10,18.1
C080,2017,11,46.8
C080,2017,12,40
C0E8,2017,1,82.9
C0E8,2017,2,30.1
C0E8,2017,3,46.4
C0E8,2017,4,17
C0E8,2017,5,20.7
C0E8,2017,6,20.5
C0E8,2017,7,16.8
C0E8,2017,8,31.6
C0E8,2017,9,21.5
C0E8,2017,10,28.4
C0E8,2017,11,52.2
C0E8,2017,12,31.6
C023,2017,1,79.8
C023,2017,2,34.1
C023,2017,3,38.7
C023,2017,4,17.1
C023,2017,5,27.8
C023,2017,6,10.8
C023,2017,7,19
C023,2017,8,9.8
C023,2017,9,16
C023,2017,10,20.4
C023,2017,11,37.9
C023,2017,12,36.3
C084,2017,1,31.3
C084,2017,2,29
C084,2017,3,38.2
C084,2017,4,23.9
C084,2017,5,19.2
C084,2017,6,29.8
C084,2017,7,19.3
C084,2017,8,63.5
C084,2017,9,59
C084,2017,10,10.4
C084,2017,11,94.3
C084,2017,12,33.5
C0EA,2017,1,74.3
C0EA,2017,2,26.4
C0EA,2017,3,55.1
C0EA,2017,4,22.1
C0EA,2017,5,20.2
C0EA,2017,6,25.6
C0EA,2017,7,22.4
C0EA,2017,8,26.8
C0EA,2017,9,18.9
C0EA,2017,10,30.4
C0EA,2017,11,49.1
C0EA,2017,12,37.8
C026,2017,1,116.8
C026,2017,2,25.3
C026,2017,3,63.5
C026,2017,4,25.1
C026,2017,5,22.9
C026,2017,6,27.4
C026,2017,7,24.2
C026,2017,8,31.5
C026,2017,9,40.2
C026,2017,10,19.4
C026,2017,11,56.3
C026,2017,12,36.1
C058,2017,1,112.3
C058,2017,2,17
C058,2017,3,80.4
C058,2017,4,19.4
C058,2017,5,23.1
C058,2017,6,19.3
C058,2017,7,21.4
C058,2017,8,35
C058,2017,9,40.2
C058,2017,10,32.8
C058,2017,11,65.5
C058,2017,12,53.1
C0F0,2017,1,57.9
C0F0,2017,2,18.2
C0F0,2017,3,44
C0F0,2017,4,20.9
C0F0,2017,5,30
C0F0,2017,6,30.2
C0F0,2017,7,17.5
C0F0,2017,8,75.1
C0F0,2017,9,51.2
C0F0,2017,10,14.2
C0F0,2017,11,58.6
C0F0,2017,12,38.8
C0F1,2017,10,22.1
C0F1,2017,11,66.4
C0E7,2017,1,63.3
C0E7,2017,2,18.4
C0E7,2017,3,37.4
C0E7,2017,4,12.4
C0E7,2017,5,18.8
C0E7,2017,6,18.7
C0E7,2017,7,17.4
C0E7,2017,8,54
C0E7,2017,9,18.1
C0E7,2017,10,11.3
C0E7,2017,11,25.5
C0E7,2017,12,42
C0DC,2017,1,93.7
C0DC,2017,2,19
C0DC,2017,3,58
C0DC,2017,4,16.8
C0DC,2017,5,28.5
C0DC,2017,6,17
C0DC,2017,7,16.2
C0DC,2017,8,28.5
C0DC,2017,9,24.2
C0DC,2017,10,18.3
C0DC,2017,11,50.6
C0DC,2017,12,56.2
C0EC,2017,1,58
C0EC,2017,2,17.8
C0EC,2017,3,34
C0EC,2017,4,16.9
C0EC,2017,5,21.9
C0EC,2017,6,13.3
C0EC,2017,7,18.4
C0EC,2017,8,53.9
C0EC,2017,9,38.2
C0EC,2017,10,24
C0EC,2017,11,53.6
C0EC,2017,12,40
C0DE,2017,1,63.6
C0DE,2017,2,18.2
C0DE,2017,3,47.5
C0DE,2017,4,13.4
C0DE,2017,5,31.1
C0DE,2017,6,17.2
C0DE,2017,7,28.2
C0DE,2017,8,35.4
C0DE,2017,9,22.9
C0DE,2017,10,11.8
C0DE,2017,11,27.3
C0DE,2017,12,52.6
C017,2017,1,36.2
C017,2017,2,25.9
C017,2017,3,34.1
C017,2017,4,14.8
C017,2017,5,26.4
C017,2017,6,60.5
C017,2017,7,16.9
C017,2017,8,41.8
C017,2017,9,40.6
C017,2017,10,21.6
C017,2017,11,62.1
C017,2017,12,30.9
C0F4,2017,1,41.6
C0F4,2017,2,25.7
C0F4,2017,3,35.7
C0F4,2017,4,18.8
C0F4,2017,5,29.9
C0F4,2017,6,28.7
C0F4,2017,7,20.1
C0F4,2017,8,71.3
C0F4,2017,9,43
C0F4,2017,10,12.2
C0F4,2017,11,50.3
C0F4,2017,12,33.7
C0D1,2017,1,57.7
C0D1,2017,2,20.7
C0D1,2017,3,35.4
C0D1,2017,4,16.9
C0D1,2017,5,31.3
C0D1,2017,6,13.5
C0D1,2017,7,14.3
C0D1,2017,8,11.2
C0D1,2017,9,12.5
C0D1,2017,10,18.8
C0D1,2017,11,24.3
C0D1,2017,12,43.5
C043,2017,1,61.2
C043,2017,2,21.1
C043,2017,3,26.4
C043,2017,4,13.5
C043,2017,5,19.5
C043,2017,6,32.1
C043,2017,7,21.3
C043,2017,8,56.1
C043,2017,9,19.4
C043,2017,10,20.2
C043,2017,11,28.9
C043,2017,12,30.5
C0D2,2017,1,56.6
C0D2,2017,2,22.5
C0D2,2017,3,32.5
C0D2,2017,4,19.7
C0D2,2017,5,26.5
C0D2,2017,6,10.7
C0D2,2017,7,12.8
C0D2,2017,8,11.8
C0D2,2017,9,17
C0D2,2017,10,19.8
C0D2,2017,11,30.6
C0D2,2017,12,50.3
C0D0,2017,1,55.3
C0D0,2017,2,18.1
C0D0,2017,3,53.8
C0D0,2017,4,15.2
C0D0,2017,5,26.4
C0D0,2017,6,20
C0D0,2017,7,36.9
C0D0,2017,8,13.4
C0D0,2017,9,12.2
C0D0,2017,10,15.4
C0D0,2017,11,29.8
C0D0,2017,12,45.3
C064,2017,1,25.4
C064,2017,2,19.6
C064,2017,3,34.6
C064,2017,4,12.2
C064,2017,5,24.9
C064,2017,6,13.7
C064,2017,7,11.2
C064,2017,8,42.5
C064,2017,9,22.8
C064,2017,10,26.1
C064,2017,11,36.2
C064,2017,12,30.8
C028,2017,1,64
C028,2017,2,28.2
C028,2017,3,41.8
C028,2017,4,20.2
C028,2017,5,15.4
C028,2017,6,44.6
C028,2017,7,12
C028,2017,8,39
C028,2017,9,12.8
C028,2017,10,15.3
C028,2017,11,25.5
C028,2017,12,42.8
C029,2017,1,80.4
C029,2017,2,18.6
C029,2017,3,35.7
C029,2017,4,19.2
C029,2017,5,21.2
C029,2017,6,14.6
C029,2017,7,12.2
C029,2017,8,34.6
C029,2017,9,27.7
C029,2017,10,30.3
C029,2017,11,46
C029,2017,12,35.3
C076,2018,1,27.7
C076,2018,2,18.5
C076,2018,3,8.9
C076,2018,4,23.7
C076,2018,5,9.3
C076,2018,6,11.7
C076,2018,7,28.3
C076,2018,8,1.7
C076,2018,9,6
C076,2018,10,23.8
C076,2018,11,12
C076,2018,12,10.5
C056,2018,1,21.9
C056,2018,2,14.8
C056,2018,3,8.8
C056,2018,4,27.3
C056,2018,5,21.6
C056,2018,6,12.3
C056,2018,7,13.4
C056,2018,8,0.3
C056,2018,9,3.6
C056,2018,10,17.3
C056,2018,11,15.2
C056,2018,12,16.3
C035,2018,1,32
C035,2018,2,36.5
C035,2018,3,14.4
C035,2018,4,50.3
C035,2018,5,16.1
C035,2018,6,12.8
C035,2018,7,35.2
C035,2018,8,2.2
C035,2018,9,2.9
C035,2018,10,29.2
C035,2018,11,19.1
C035,2018,12,19.6
C016,2018,1,27.4
C016,2018,2,16.5
C016,2018,3,9.2
C016,2018,4,21.2
C016,2018,5,21.2
C016,2018,6,13.9
C016,2018,7,36.1
C016,2018,8,3.4
C016,2018,9,16.9
C016,2018,10,18.6
C016,2018,11,13.1
C016,2018,12,10.6
C034,2018,1,19.9
C034,2018,2,16.6
C034,2018,3,15.4
C034,2018,4,16.9
C034,2018,5,29.9
C034,2018,6,12.8
C034,2018,7,45.1
C034,2018,8,0.2
C034,2018,9,1
C034,2018,10,23
C034,2018,11,14
C034,2018,12,13.4
C0AA,2018,1,28
C0AA,2018,2,13.5
C0AA,2018,3,9.5
C0AA,2018,4,30.4
C0AA,2018,5,36
C0AA,2018,6,17
C0AA,2018,7,21.8
C0AA,2018,8,0.3
C0AA,2018,9,11.1
C0AA,2018,10,21.6
C0AA,2018,11,16
C0AA,2018,12,18.5
C067,2018,1,31.2
C067,2018,2,30
C067,2018,3,13.6
C067,2018,4,33.5
C067,2018,5,20.6
C067,2018,6,31.4
C067,2018,7,51.7
C067,2018,8,3.1
C067,2018,9,6.6
C067,2018,10,37.1
C067,2018,11,14.1
C067,2018,12,15.6
C044,2018,1,33.1
C044,2018,2,31.4
C044,2018,3,18.2
C044,2018,4,57.9
C044,2018,5,13.6
C044,2018,6,9.8
C044,2018,7,16.9
C044,2018,8,2.2
C044,2018,9,4.1
C044,2018,10,37.6
C044,2018,11,18.4
C044,2018,12,14.9
C048,2018,1,16.2
C048,2018,2,12.4
C048,2018,3,9.8
C048,2018,4,14.9
C048,2018,5,21.3
C048,2018,6,17.9
C048,2018,7,22.7
C048,2018,8,2.1
C048,2018,9,12.4
C048,2018,10,18.5
C048,2018,11,10.4
C048,2018,12,14.4
C068,2018,1,42.3
C068,2018,2,19.6
C068,2018,3,12.8
C068,2018,4,35.9
C068,2018,5,16.3
C068,2018,6,16.7
C068,2018,7,28.8
C068,2018,8,3.2
C068,2018,9,4.3
C068,2018,10,21.4
C068,2018,11,18.3
C068,2018,12,24.4
C024,2018,1,41
C024,2018,2,22.4
C024,2018,3,17.7
C024,2018,4,41.4
C024,2018,5,21
C024,2018,6,15.1
C024,2018,7,29.6
C024,2018,8,4.8
C024,2018,9,4.9
C024,2018,10,19.6
C024,2018,11,17.2
C024,2018,12,16.1
C0A0,2018,1,29.9
C0A0,2018,2,14.6
C0A0,2018,3,13
C0A0,2018,4,65.7
C0A0,2018,5,15.6
C0A0,2018,6,7.8
C0A0,2018,7,20.9
C0A0,2018,8,0.1
C0A0,2018,9,7.1
C0A0,2018,10,21.9
C0A0,2018,11,24.7
C0A0,2018,12,19.9
C047,2018,1,55.8
C047,2018,2,19.4
C047,2018,3,11.9
C047,2018,4,33
C047,2018,5,25.9
C047,2018,6,14.8
C047,2018,7,17.2
C047,2018,8,2.8
C047,2018,9,32.5
C047,2018,10,37.1
C047,2018,11,19.5
C047,2018,12,15.3
C031,2018,1,25.5
C031,2018,2,20
C031,2018,3,8.8
C031,2018,4,15.5
C031,2018,5,14.5
C031,2018,6,13.7
C031,2018,7,39.4
C031,2018,8,0
C031,2018,9,18.2
C031,2018,10,20.5
C031,2018,11,11
C031,2018,12,15
C041,2018,1,40.6
C041,2018,2,23
C041,2018,3,13.7
C041,2018,4,29
C041,2018,5,42.1
C041,2018,6,19
C041,2018,7,9.9
C041,2018,8,0.6
C041,2018,9,7.1
C041,2018,10,22.8
C041,2018,11,22.7
C041,2018,12,13.9
C055,2018,1,37.7
C055,2018,2,17.8
C055,2018,3,12.7
C055,2018,4,33.2
C055,2018,5,13.8
C055,2018,6,15.2
C055,2018,7,20.8
C055,2018,8,0.1
C055,2018,9,6.6
C055,2018,10,22.6
C055,2018,11,19.5
C055,2018,12,23.9
C060,2018,1,15.7
C060,2018,2,10.7
C060,2018,3,7.3
C060,2018,4,25.8
C060,2018,5,12.6
C060,2018,6,13.6
C060,2018,7,17.6
C060,2018,8,0
C060,2018,9,14.1
C060,2018,10,16.8
C060,2018,11,11.8
C060,2018,12,16
C030,2018,1,36.9
C030,2018,2,14.8
C030,2018,3,10.8
C030,2018,4,35.4
C030,2018,5,24.8
C030,2018,6,47.9
C030,2018,7,28.1
C030,2018,8,0.8
C030,2018,9,4.1
C030,2018,10,22.4
C030,2018,11,22.9
C030,2018,12,23
C051,2018,1,36.2
C051,2018,2,23.5
C051,2018,3,12.2
C051,2018,4,22.1
C051,2018,5,23.1
C051,2018,6,26.5
C051,2018,7,12
C051,2018,8,2.7
C051,2018,9,1.4
C051,2018,10,26.5
C051,2018,11,16.3
C051,2018,12,19
C0A0,2018,1,32.1
C0A0,2018,2,31.9
C0A0,2018,3,21.2
C0A0,2018,4,91.3
C0A0,2018,5,19.6
C0A0,2018,6,14.2
C0A0,2018,7,23.5
C0A0,2018,8,1.3
C0A0,2018,9,4.6
C0A0,2018,10,36.1
C0A0,2018,11,25.8
C0A0,2018,12,20.6
C049,2018,1,28.4
C049,2018,2,13.6
C049,2018,3,14.1
C049,2018,4,22.1
C049,2018,5,10.8
C049,2018,6,4.8
C049,2018,7,24.6
C049,2018,8,1.3
C049,2018,9,10.7
C049,2018,10,28.5
C049,2018,11,10
C049,2018,12,16.7
C00B,2018,1,24.8
C00B,2018,2,21.5
C00B,2018,3,18.5
C00B,2018,4,12.9
C00B,2018,5,24.9
C00B,2018,6,19.1
C00B,2018,7,20.3
C00B,2018,8,0.4
C00B,2018,9,4.6
C00B,2018,10,20.6
C00B,2018,11,13.3
C00B,2018,12,11.8
C020,2018,1,40.5
C020,2018,2,7.3
C020,2018,3,13.3
C020,2018,4,15.1
C020,2018,5,20.2
C020,2018,6,10.3
C020,2018,7,21.8
C020,2018,8,0.2
C020,2018,9,32.3
C020,2018,10,23.4
C020,2018,11,6.8
C020,2018,12,8.8
C070,2018,1,26.4
C070,2018,2,15.9
C070,2018,3,11.1
C070,2018,4,34.3
C070,2018,5,16.9
C070,2018,6,14.6
C070,2018,7,19
C070,2018,8,2.7
C070,2018,9,22.8
C070,2018,10,26
C070,2018,11,10.8
C070,2018,12,7.3
C050,2018,1,40.4
C050,2018,2,15.2
C050,2018,3,7.7
C050,2018,4,32.8
C050,2018,5,24.9
C050,2018,6,21.6
C050,2018,7,16.5
C050,2018,8,0.1
C050,2018,9,8
C050,2018,10,28.9
C050,2018,11,10.5
C050,2018,12,14.5
C0B1,2018,1,42.7
C0B1,2018,2,34.8
C0B1,2018,3,16.4
C0B1,2018,4,48.4
C0B1,2018,5,22.5
C0B1,2018,6,14.4
C0B1,2018,7,17.1
C0B1,2018,8,7.8
C0B1,2018,9,6.7
C0B1,2018,10,40.8
C0B1,2018,11,22.4
C0B1,2018,12,11
C079,2018,1,60.9
C079,2018,2,36.6
C079,2018,3,21.5
C079,2018,4,75.8
C079,2018,5,17.3
C079,2018,6,7.5
C079,2018,7,35.9
C079,2018,8,10.9
C079,2018,9,3.2
C079,2018,10,50.9
C079,2018,11,26.6
C079,2018,12,15.4
C0C1,2018,1,35.4
C0C1,2018,2,29.8
C0C1,2018,3,15.5
C0C1,2018,4,21.5
C0C1,2018,5,21.3
C0C1,2018,6,19.2
C0C1,2018,7,21.8
C0C1,2018,8,4.2
C0C1,2018,9,2.2
C0C1,2018,10,25.4
C0C1,2018,11,18.2
C0C1,2018,12,14.7
C061,2018,1,43.3
C061,2018,2,31.5
C061,2018,3,19.4
C061,2018,4,22.4
C061,2018,5,25.7
C061,2018,6,13.9
C061,2018,7,12.2
C061,2018,8,18
C061,2018,9,12.8
C061,2018,10,39
C061,2018,11,14.8
C061,2018,12,7.5
C032,2018,1,52.1
C032,2018,2,32.6
C032,2018,3,11
C032,2018,4,42.9
C032,2018,5,13.5
C032,2018,6,41
C032,2018,7,45.3
C032,2018,8,7.7
C032,2018,9,3.4
C032,2018,10,37.3
C032,2018,11,13.6
C032,2018,12,11.4
C002,2018,1,57.6
C002,2018,2,29.7
C002,2018,3,21.7
C002,2018,4,26.5
C002,2018,5,17.5
C002,2018,6,18.8
C002,2018,7,19.3
C002,2018,8,25.9
C002,2018,9,5.6
C002,2018,10,37.4
C002,2018,11,16.5
C002,2018,12,16.5
C0C2,2018,1,33.1
C0C2,2018,2,32.9
C0C2,2018,3,15.6
C0C2,2018,4,26
C0C2,2018,5,22.9
C0C2,2018,6,14.6
C0C2,2018,7,17
C0C2,2018,8,6.5
C0C2,2018,9,10.3
C0C2,2018,10,38.1
C0C2,2018,11,22.3
C0C2,2018,12,18.7
C069,2018,1,80.7
C069,2018,2,33.6
C069,2018,3,41.4
C069,2018,4,29
C069,2018,5,23.6
C069,2018,6,41.2
C069,2018,7,27.9
C069,2018,8,37.4
C069,2018,9,9.3
C069,2018,10,46.5
C069,2018,11,23.8
C069,2018,12,24.5
C0B6,2018,1,58.4
C0B6,2018,2,41.1
C0B6,2018,3,19.9
C0B6,2018,4,51.6
C0B6,2018,5,17.1
C0B6,2018,6,33
C0B6,2018,7,51.8
C0B6,2018,8,7.3
C0B6,2018,9,6.8
C0B6,2018,10,33
C0B6,2018,11,22.6
C0B6,2018,12,20
C0BE,2018,1,38.8
C0BE,2018,2,34.3
C0BE,2018,3,13.3
C0BE,2018,4,38.6
C0BE,2018,5,16.9
C0BE,2018,6,13
C0BE,2018,7,15.1
C0BE,2018,8,37.4
C0BE,2018,9,10.6
C0BE,2018,10,40.6
C0BE,2018,11,24.9
C0BE,2018,12,15.3
C065,2018,1,27.6
C065,2018,2,52.3
C065,2018,3,16.8
C065,2018,4,42.3
C065,2018,5,42.6
C065,2018,6,12.1
C065,2018,7,7.9
C065,2018,8,7.8
C065,2018,9,12.3
C065,2018,10,42.9
C065,2018,11,24.4
C065,2018,12,17.2
C003,2018,1,52.2
C003,2018,2,49
C003,2018,3,19.2
C003,2018,4,51.3
C003,2018,5,19.5
C003,2018,6,9
C003,2018,7,26.1
C003,2018,8,9
C003,2018,9,3.8
C003,2018,10,42.1
C003,2018,11,20.5
C003,2018,12,10.2
C039,2018,1,42.5
C039,2018,2,39.7
C039,2018,3,17
C039,2018,4,27.2
C039,2018,5,18.4
C039,2018,6,8.6
C039,2018,7,8.1
C039,2018,8,6.6
C039,2018,9,4.5
C039,2018,10,31.3
C039,2018,11,22.5
C039,2018,12,5.8
C075,2018,1,40.8
C075,2018,2,36.6
C075,2018,3,18.5
C075,2018,4,53.3
C075,2018,5,19.8
C075,2018,6,41.7
C075,2018,7,15.1
C075,2018,8,9.8
C075,2018,9,10.4
C075,2018,10,37.1
C075,2018,11,23.4
C075,2018,12,26
C074,2018,1,49.2
C074,2018,2,38.6
C074,2018,3,20.6
C074,2018,4,35.7
C074,2018,5,22
C074,2018,6,21.9
C074,2018,7,21.7
C074,2018,8,9.6
C074,2018,9,9.6
C074,2018,10,28.4
C074,2018,11,24.8
C074,2018,12,19
C009,2018,1,47.1
C009,2018,2,46.4
C009,2018,3,21.1
C009,2018,4,58.4
C009,2018,5,23.6
C009,2018,6,12.4
C009,2018,7,11.5
C009,2018,8,9.3
C009,2018,9,5.7
C009,2018,10,41.5
C009,2018,11,25.1
C009,2018,12,11.1
C038,2018,1,44.6
C038,2018,2,33.4
C038,2018,3,20.7
C038,2018,4,28.3
C038,2018,5,26.4
C038,2018,6,13.5
C038,2018,7,11.6
C038,2018,8,6.9
C038,2018,9,4.1
C038,2018,10,30.6
C038,2018,11,23
C038,2018,12,7.1
C033,2018,1,64.9
C033,2018,2,50.4
C033,2018,3,20.7
C033,2018,4,77.7
C033,2018,5,19.5
C033,2018,6,12.1
C033,2018,7,31.7
C033,2018,8,21.2
C033,2018,9,9.4
C033,2018,10,56.6
C033,2018,11,21.6
C033,2018,12,17.5
C0BD,2018,1,49.7
C0BD,2018,2,49.6
C0BD,2018,3,25.3
C0BD,2018,4,54.1
C0BD,2018,5,23.4
C0BD,2018,6,27.5
C0BD,2018,7,35.8
C0BD,2018,8,17.6
C0BD,2018,9,12.6
C0BD,2018,10,50.4
C0BD,2018,11,26.5
C0BD,2018,12,33.2
C036,2018,1,40.4
C036,2018,2,45
C036,2018,3,23
C036,2018,4,91.7
C036,2018,5,15.7
C036,2018,6,20
C036,2018,7,34.3
C036,2018,8,5.1
C036,2018,9,5
C036,2018,10,31.9
C036,2018,11,23
C036,2018,12,19.5
C045,2018,1,29
C045,2018,2,23.9
C045,2018,3,13.5
C045,2018,4,29
C045,2018,5,22
C045,2018,6,15.2
C045,2018,7,16.4
C045,2018,8,9.7
C045,2018,9,11.6
C045,2018,10,31.3
C045,2018,11,22.2
C045,2018,12,14.5
C0B7,2018,1,63.9
C0B7,2018,2,46.4
C0B7,2018,3,21.2
C0B7,2018,4,71.2
C0B7,2018,5,16.4
C0B7,2018,6,15.6
C0B7,2018,7,40.5
C0B7,2018,8,8.3
C0B7,2018,9,7.2
C0B7,2018,10,33.3
C0B7,2018,11,20.6
C0B7,2018,12,15.5
COD.,2018,1,ENE
COD.,2018,2,FEB
COD.,2018,3,MAR
COD.,2018,4,ABR
COD.,2018,5,MAY
COD.,2018,6,JUN
COD.,2018,7,JUL
COD.,2018,8,AGO
COD.,2018,9,SET
COD.,2018,10,OCT
COD.,2018,11,NOV
COD.,2018,12,DIC
,2018,2,PRECIPITACIÓN MÁXIMA EN UN DÍA (l/m2)
C019,2018,1,44.8
C019,2018,2,25.5
C019,2018,3,29.3
C019,2018,4,15
C019,2018,5,19
C019,2018,6,43.3
C019,2018,7,24.5
C019,2018,8,23.3
C019,2018,9,11
C019,2018,10,35.2
C019,2018,11,25
C019,2018,12,22.8
C057,2018,1,39.8
C057,2018,2,39.3
C057,2018,3,24.4
C057,2018,4,41.8
C057,2018,5,18.8
C057,2018,6,42.2
C057,2018,7,25.1
C057,2018,8,10.5
C057,2018,9,4.9
C057,2018,10,41.6
C057,2018,11,30.4
C057,2018,12,16.2
C063,2018,1,80.2
C063,2018,2,41.1
C063,2018,3,21.4
C063,2018,4,30.4
C063,2018,5,17.7
C063,2018,6,17.1
C063,2018,7,17.8
C063,2018,8,22.2
C063,2018,9,8
C063,2018,10,40.3
C063,2018,11,27.7
C063,2018,12,22.2
C046,2018,1,42.1
C046,2018,2,49.6
C046,2018,3,12.8
C046,2018,4,39.5
C046,2018,5,27.7
C046,2018,6,14
C046,2018,7,40.2
C046,2018,8,24.5
C046,2018,9,20.3
C046,2018,10,35.8
C046,2018,11,18.5
C046,2018,12,12.6
C0BA,2018,1,42
C0BA,2018,2,38.5
C0BA,2018,3,18.6
C0BA,2018,4,35.7
C0BA,2018,5,22.4
C0BA,2018,6,16.3
C0BA,2018,7,60.5
C0BA,2018,8,25.9
C0BA,2018,9,11.3
C0BA,2018,10,38
C0BA,2018,11,23.9
C0BA,2018,12,22.7
C059,2018,1,41.6
C059,2018,2,40.1
C059,2018,3,26.5
C059,2018,4,52.7
C059,2018,5,22.5
C059,2018,6,18.8
C059,2018,7,17.5
C059,2018,8,3.3
C059,2018,9,9.6
C059,2018,10,36.8
C059,2018,11,20.1
C059,2018,12,12.1
C072,2018,1,40.1
C072,2018,2,21.9
C072,2018,3,14.3
C072,2018,4,20
C072,2018,5,26.6
C072,2018,6,8.4
C072,2018,7,23.3
C072,2018,8,8.2
C072,2018,9,20.3
C072,2018,10,28.2
C072,2018,11,14.1
C072,2018,12,20.9
C0B4,2018,1,42.4
C0B4,2018,2,26.3
C0B4,2018,3,11.6
C0B4,2018,4,36.3
C0B4,2018,5,11.5
C0B4,2018,6,26.9
C0B4,2018,7,15
C0B4,2018,8,4.7
C0B4,2018,9,3.4
C0B4,2018,10,41.4
C0B4,2018,11,17.2
C0B4,2018,12,19.2
C054,2018,1,36.6
C054,2018,2,38.2
C054,2018,3,20.8
C054,2018,4,115.9
C054,2018,5,19.2
C054,2018,6,26.6
C054,2018,7,13.4
C054,2018,8,2.3
C054,2018,9,40.1
C054,2018,10,39.2
C054,2018,11,27.3
C054,2018,12,18.5
C042,2018,1,41.3
C042,2018,2,25.8
C042,2018,3,17.5
C042,2018,4,15.9
C042,2018,5,29.4
C042,2018,6,12.5
C042,2018,7,14.2
C042,2018,8,10.1
C042,2018,9,12.9
C042,2018,10,24.2
C042,2018,11,15.6
C042,2018,12,7.2
C0B9,2018,1,54
C0B9,2018,2,34.4
C0B9,2018,3,21.7
C0B9,2018,4,42
C0B9,2018,5,26.5
C0B9,2018,6,11.1
C0B9,2018,7,16.2
C0B9,2018,8,6.2
C0B9,2018,9,4.4
C0B9,2018,10,38.4
C0B9,2018,11,25
C0B9,2018,12,7.5
C0C3,2018,1,40.4
C0C3,2018,2,39.8
C0C3,2018,3,18.8
C0C3,2018,4,42
C0C3,2018,5,24.4
C0C3,2018,6,8.8
C0C3,2018,7,11.2
C0C3,2018,8,7.9
C0C3,2018,9,4.6
C0C3,2018,10,35.6
C0C3,2018,11,23.3
C0C3,2018,12,12.1
C022,2018,1,52.2
C022,2018,2,35.2
C022,2018,3,19.7
C022,2018,4,71.3
C022,2018,5,18.3
C022,2018,6,14
C022,2018,7,18.8
C022,2018,8,12.7
C022,2018,9,13.6
C022,2018,10,31.5
C022,2018,11,28.1
C022,2018,12,25.2
C0B3,2018,1,53.7
C0B3,2018,2,41.3
C0B3,2018,3,18.7
C0B3,2018,4,80.1
C0B3,2018,5,17.4
C0B3,2018,6,9.2
C0B3,2018,7,28.6
C0B3,2018,8,19.4
C0B3,2018,9,6.9
C0B3,2018,10,51.2
C0B3,2018,11,25.8
C0B3,2018,12,15.1
C037,2018,1,52.8
C037,2018,2,38.1
C037,2018,3,19.3
C037,2018,4,52.9
C037,2018,5,21.6
C037,2018,6,14.7
C037,2018,7,12.4
C037,2018,8,9
C037,2018,9,7.2
C037,2018,10,36.8
C037,2018,11,21.2
C037,2018,12,12.9
C0E5,2018,1,52
C0E5,2018,2,28.1
C0E5,2018,3,15.5
C0E5,2018,4,38.7
C0E5,2018,5,19.6
C0E5,2018,6,17.3
C0E5,2018,7,67.6
C0E5,2018,8,9.7
C0E5,2018,9,25.3
C0E5,2018,10,25.4
C0E5,2018,11,16.9
C0E5,2018,12,22.2
C0DB,2018,1,58.6
C0DB,2018,2,27.6
C0DB,2018,3,21.9
C0DB,2018,4,63.2
C0DB,2018,5,15.1
C0DB,2018,6,21
C0DB,2018,7,16.8
C0DB,2018,8,7.8
C0DB,2018,9,8.6
C0DB,2018,10,37.5
C0DB,2018,11,19.5
C0DB,2018,12,30.2
C0D3,2018,1,48.6
C0D3,2018,2,42.8
C0D3,2018,3,22.6
C0D3,2018,4,44
C0D3,2018,5,20.2
C0D3,2018,6,36.5
C0D3,2018,7,20
C0D3,2018,8,12.8
C0D3,2018,9,9.1
C0D3,2018,10,33.2
C0D3,2018,11,24.6
C0D3,2018,12,24.7
C0DD,2018,1,54.1
C0DD,2018,2,51.1
C0DD,2018,3,14.4
C0DD,2018,4,55.2
C0DD,2018,5,12.9
C0DD,2018,6,15.2
C0DD,2018,7,45.7
C0DD,2018,8,19
C0DD,2018,9,13.8
C0DD,2018,10,53.2
C0DD,2018,11,25.9
C0DD,2018,12,19
C0E9,2018,1,59.2
C0E9,2018,2,36.8
C0E9,2018,3,11.3
C0E9,2018,4,70.8
C0E9,2018,5,31.6
C0E9,2018,6,14.6
C0E9,2018,7,28.2
C0E9,2018,8,3.8
C0E9,2018,9,8.5
C0E9,2018,10,39.7
C0E9,2018,11,31.8
C0E9,2018,12,26.4
C078,2018,1,42.1
C078,2018,2,43.8
C078,2018,3,16
C078,2018,4,57.6
C078,2018,5,20.5
C078,2018,6,25
C078,2018,7,13.3
C078,2018,8,17.5
C078,2018,9,10.7
C078,2018,10,41.1
C078,2018,11,25
C078,2018,12,21.7
C052,2018,1,58.9
C052,2018,2,91.8
C052,2018,3,26.7
C052,2018,4,167.3
C052,2018,5,19.8
C052,2018,6,43.9
C052,2018,7,20.1
C052,2018,8,7.3
C052,2018,9,11.7
C052,2018,10,53.1
C052,2018,11,52.2
C052,2018,12,49.3
C0E1,2018,1,54.7
C0E1,2018,2,28.9
C0E1,2018,3,15.1
C0E1,2018,4,47.9
C0E1,2018,5,26.1
C0E1,2018,6,18.1
C0E1,2018,7,49.6
C0E1,2018,8,6.8
C0E1,2018,9,6.3
C0E1,2018,10,28.1
C0E1,2018,11,20.6
C0E1,2018,12,23.6
C077,2018,1,57.3
C077,2018,2,57.5
C077,2018,3,18.9
C077,2018,4,93.5
C077,2018,5,28.3
C077,2018,6,28.3
C077,2018,7,19.2
C077,2018,8,10.2
C077,2018,9,19.9
C077,2018,10,44.5
C077,2018,11,40.2
C077,2018,12,31.5
C080,2018,1,81
C080,2018,2,86
C080,2018,3,24.4
C080,2018,4,127.8
C080,2018,5,21.9
C080,2018,6,59.5
C080,2018,7,33.2
C080,2018,8,12.8
C080,2018,9,13.6
C080,2018,10,87.2
C080,2018,11,32.9
C080,2018,12,55.9
C0E8,2018,1,64.7
C0E8,2018,2,70
C0E8,2018,3,10.7
C0E8,2018,4,95.6
C0E8,2018,5,24
C0E8,2018,6,15.9
C0E8,2018,7,29.9
C0E8,2018,8,7.4
C0E8,2018,9,9.1
C0E8,2018,10,36.2
C0E8,2018,11,36.1
C0E8,2018,12,29.1
C023,2018,1,47.3
C023,2018,2,41.4
C023,2018,3,20.8
C023,2018,4,69.5
C023,2018,5,16.6
C023,2018,6,16.1
C023,2018,7,12.8
C023,2018,8,4.4
C023,2018,9,19.4
C023,2018,10,36.1
C023,2018,11,22.1
C023,2018,12,25.9
C084,2018,1,63.6
C084,2018,2,34.6
C084,2018,3,21.6
C084,2018,4,40.7
C084,2018,5,21
C084,2018,6,67.4
C084,2018,7,38.8
C084,2018,8,9.9
C084,2018,9,26.2
C084,2018,10,28.1
C084,2018,11,21.4
C084,2018,12,34.9
C0EA,2018,1,69.8
C0EA,2018,2,74.6
C0EA,2018,3,11.8
C0EA,2018,4,91.3
C0EA,2018,5,18.7
C0EA,2018,6,17.9
C0EA,2018,7,31.1
C0EA,2018,8,13.4
C0EA,2018,9,15.6
C0EA,2018,10,43.1
C0EA,2018,11,40.1
C0EA,2018,12,31.4
C026,2018,1,63.2
C026,2018,2,104.8
C026,2018,3,23.2
C026,2018,4,169.1
C026,2018,5,17.7
C026,2018,6,34.8
C026,2018,7,23.8
C026,2018,8,6.6
C026,2018,9,9
C026,2018,10,56.6
C026,2018,11,44
C026,2018,12,53.5
C058,2018,1,53.4
C058,2018,2,87
C058,2018,3,16.8
C058,2018,4,177.8
C058,2018,5,24.7
C058,2018,6,20.1
C058,2018,7,30.1
C058,2018,8,8.4
C058,2018,9,5.3
C058,2018,10,74
C058,2018,11,37.9
C058,2018,12,31.6
C0F0,2018,1,67.1
C0F0,2018,2,56
C0F0,2018,3,15.5
C0F0,2018,4,102.1
C0F0,2018,5,18.3
C0F0,2018,6,29.9
C0F0,2018,7,22.1
C0F0,2018,8,13.3
C0F0,2018,9,24.5
C0F0,2018,10,42.4
C0F0,2018,11,30.6
C0F0,2018,12,35.6
C0F1,2018,1,92.5
C0F1,2018,2,113.5
C0F1,2018,3,25.4
C0F1,2018,4,163.4
C0F1,2018,5,27.9
C0F1,2018,6,97.8
C0F1,2018,7,32.2
C0F1,2018,8,20.3
C0F1,2018,9,19.1
C0F1,2018,10,102
C0F1,2018,11,29.5
C0F1,2018,12,55.8
C0E7,2018,1,50.1
C0E7,2018,2,34.9
C0E7,2018,3,18.6
C0E7,2018,4,77.1
C0E7,2018,5,13.6
C0E7,2018,6,17
C0E7,2018,7,27.2
C0E7,2018,8,3.6
C0E7,2018,9,9.3
C0E7,2018,10,26.8
C0E7,2018,11,17.8
C0E7,2018,12,21
C0DC,2018,1,58.7
C0DC,2018,2,60.7
C0DC,2018,3,15.3
C0DC,2018,4,93.9
C0DC,2018,5,12.1
C0DC,2018,6,14.5
C0DC,2018,7,15
C0DC,2018,8,11.5
C0DC,2018,9,10.6
C0DC,2018,10,51.5
C0DC,2018,11,28.4
C0DC,2018,12,25.1
C0EC,2018,1,64.5
C0EC,2018,2,57.1
C0EC,2018,3,15.2
C0EC,2018,4,91.7
C0EC,2018,5,23.1
C0EC,2018,6,34.3
C0EC,2018,7,21.1
C0EC,2018,8,8.1
C0EC,2018,9,25.3
C0EC,2018,10,51
C0EC,2018,11,39.4
C0EC,2018,12,32.4
C0DE,2018,1,57.4
C0DE,2018,2,55.7
C0DE,2018,3,21.8
C0DE,2018,4,83.9
C0DE,2018,5,10.4
C0DE,2018,6,19
C0DE,2018,7,14.5
C0DE,2018,8,11.9
C0DE,2018,9,9.3
C0DE,2018,10,43.2
C0DE,2018,11,20.9
C0DE,2018,12,21.8
C017,2018,1,66.5
C017,2018,2,46.5
C017,2018,3,11.9
C017,2018,4,68.6
C017,2018,5,21.8
C017,2018,6,32.3
C017,2018,7,23.8
C017,2018,8,20
C017,2018,9,25.3
C017,2018,10,49.7
C017,2018,11,33.1
C017,2018,12,33.6
C0F4,2018,1,71.4
C0F4,2018,2,52.2
C0F4,2018,3,10.9
C0F4,2018,4,71
C0F4,2018,5,21.8
C0F4,2018,6,56.2
C0F4,2018,7,49.9
C0F4,2018,8,18.8
C0F4,2018,9,30.1
C0F4,2018,10,37
C0F4,2018,11,18.1
C0F4,2018,12,29.5
C0D1,2018,1,47
C0D1,2018,2,28.7
C0D1,2018,3,18.2
C0D1,2018,4,39.2
C0D1,2018,5,17.4
C0D1,2018,6,29.2
C0D1,2018,7,18.2
C0D1,2018,8,4.9
C0D1,2018,9,12.2
C0D1,2018,10,26
C0D1,2018,11,17.7
C0D1,2018,12,22.2
C043,2018,1,61.4
C043,2018,2,33.7
C043,2018,3,16
C043,2018,4,73.4
C043,2018,5,19.5
C043,2018,6,16.4
C043,2018,7,32.8
C043,2018,8,9.9
C043,2018,9,14.4
C043,2018,10,28.2
C043,2018,11,18.4
C043,2018,12,24.4
C0D2,2018,1,49.9
C0D2,2018,2,39
C0D2,2018,3,18.7
C0D2,2018,4,41.4
C0D2,2018,5,18
C0D2,2018,6,19.8
C0D2,2018,7,12.1
C0D2,2018,8,5.4
C0D2,2018,9,9
C0D2,2018,10,26.8
C0D2,2018,11,17.6
C0D2,2018,12,24.4
C0D0,2018,1,49
C0D0,2018,2,25.6
C0D0,2018,3,17.7
C0D0,2018,4,39.5
C0D0,2018,5,19.8
C0D0,2018,6,16.9
C0D0,2018,7,27.9
C0D0,2018,8,5.2
C0D0,2018,9,10.8
C0D0,2018,10,25.8
C0D0,2018,11,17.3
C0D0,2018,12,19.5
C064,2018,1,56.5
C064,2018,2,45.4
C064,2018,3,11.3
C064,2018,4,32.5
C064,2018,5,19.8
C064,2018,6,21.4
C064,2018,7,31.9
C064,2018,8,15
C064,2018,9,6.9
C064,2018,10,35.2
C064,2018,11,51.3
C064,2018,12,24.4
C028,2018,1,47.6
C028,2018,2,19.6
C028,2018,3,15.1
C028,2018,4,44
C028,2018,5,38.4
C028,2018,6,15.7
C028,2018,7,48.8
C028,2018,8,8.9
C028,2018,9,23.2
C028,2018,10,27.4
C028,2018,11,21.6
C028,2018,12,39.5
C029,2018,1,48.6
C029,2018,2,62
C029,2018,3,11
C029,2018,4,87.3
C029,2018,5,19.6
C029,2018,6,22.4
C029,2018,7,18.9
C029,2018,8,9.3
C029,2018,9,17.7
C029,2018,10,41.6
C029,2018,11,45.4
C029,2018,12,33.1
C056,2019,1,31.3
C056,2019,2,27.9
C056,2019,3,5
C056,2019,4,12.2
C056,2019,5,13.2
C056,2019,6,5
C056,2019,7,9.6
C056,2019,8,42
C056,2019,9,10.6
C056,2019,10,24
C056,2019,11,44.8
C056,2019,12,27.8
C035,2019,1,67.4
C035,2019,2,38.2
C035,2019,3,12.2
C035,2019,4,18.5
C035,2019,5,25.2
C035,2019,6,10.4
C035,2019,7,14.3
C035,2019,8,14.1
C035,2019,9,22.6
C035,2019,10,28.5
C035,2019,11,41.2
C035,2019,12,31.5
C016,2019,1,28.6
C016,2019,2,24.9
C016,2019,3,6.7
C016,2019,4,18.4
C016,2019,5,16
C016,2019,6,10.3
C016,2019,7,7.5
C016,2019,8,16
C016,2019,9,20
C016,2019,10,20.5
C016,2019,11,34.2
C016,2019,12,17.1
C034,2019,1,18.8
C034,2019,2,24.5
C034,2019,3,5.6
C034,2019,4,34.3
C034,2019,5,8.3
C034,2019,6,6.3
C034,2019,7,25.1
C034,2019,8,8.5
C034,2019,9,26.9
C034,2019,10,8.7
C034,2019,11,29.7
C034,2019,12,23.7
C0AA,2019,1,37.5
C0AA,2019,2,24.2
C0AA,2019,3,4.2
C0AA,2019,4,16.9
C0AA,2019,5,17.8
C0AA,2019,6,12.9
C0AA,2019,7,10
C0AA,2019,8,48.7
C0AA,2019,9,14
C0AA,2019,10,11.5
C0AA,2019,11,47.2
C0AA,2019,12,27.7
C067,2019,1,47.2
C067,2019,2,45.2
C067,2019,3,13.7
C067,2019,4,26.5
C067,2019,5,17.9
C067,2019,6,6.6
C067,2019,7,17.8
C067,2019,8,9.9
C067,2019,9,22.2
C067,2019,10,18.3
C067,2019,11,46.4
C067,2019,12,38.1
C044,2019,1,105.4
C044,2019,2,46.2
C044,2019,3,18.5
C044,2019,4,19.9
C044,2019,5,20
C044,2019,6,6.9
C044,2019,7,8.9
C044,2019,8,20.1
C044,2019,9,23.7
C044,2019,10,13.7
C044,2019,11,56.2
C044,2019,12,62.9
C048,2019,1,19.3
C048,2019,2,25.4
C048,2019,3,11.2
C048,2019,4,21.5
C048,2019,5,24
C048,2019,6,19.7
C048,2019,7,6.2
C048,2019,8,24.7
C048,2019,9,25
C048,2019,10,16.8
C048,2019,11,38.4
C048,2019,12,20.3
C068,2019,1,65.5
C068,2019,2,30.1
C068,2019,3,7.8
C068,2019,4,17
C068,2019,5,30.2
C068,2019,6,15
C068,2019,7,13.5
C068,2019,8,26.4
C068,2019,9,25.8
C068,2019,10,24.6
C068,2019,11,57.3
C068,2019,12,53.1
C024,2019,1,34.4
C024,2019,2,23.5
C024,2019,3,7.3
C024,2019,4,16.9
C024,2019,5,16.4
C024,2019,6,25.7
C024,2019,7,11.9
C024,2019,8,17.2
C024,2019,9,28.1
C024,2019,10,12.8
C024,2019,11,41.6
C024,2019,12,23.7
C0A0,2019,1,34.2
C0A0,2019,2,32
C0A0,2019,3,8.5
C0A0,2019,4,15.1
C0A0,2019,5,18.1
C0A0,2019,6,15.7
C0A0,2019,7,10.7
C0A0,2019,8,19
C0A0,2019,9,27.7
C0A0,2019,10,9.6
C0A0,2019,11,47.4
C0A0,2019,12,16
C047,2019,1,29
C047,2019,2,15.1
C047,2019,3,7.1
C047,2019,4,15.9
C047,2019,5,19.5
C047,2019,6,15.4
C047,2019,7,17.6
C047,2019,8,33
C047,2019,9,16
C047,2019,10,18.1
C047,2019,11,51
C047,2019,12,22.7
C031,2019,1,21.8
C031,2019,2,13.7
C031,2019,3,2.4
C031,2019,4,16
C031,2019,5,9.1
C031,2019,6,17.7
C031,2019,7,11.2
C031,2019,8,12.9
C031,2019,9,27.7
C031,2019,10,40.1
C031,2019,11,16.6
C031,2019,12,15.9
C041,2019,1,28
C041,2019,2,31.5
C041,2019,3,6.6
C041,2019,4,19.6
C041,2019,5,16.3
C041,2019,6,16.6
C041,2019,7,10.4
C041,2019,8,10.1
C041,2019,9,20.3
C041,2019,10,9
C041,2019,11,33.3
C041,2019,12,23.5
C055,2019,1,49.9
C055,2019,2,27.2
C055,2019,3,3.8
C055,2019,4,18.2
C055,2019,5,22.9
C055,2019,6,7.7
C055,2019,7,10.1
C055,2019,8,40.8
C055,2019,9,16.4
C055,2019,10,17.6
C055,2019,11,47.5
C055,2019,12,32.4
C060,2019,1,21.7
C060,2019,2,24.2
C060,2019,3,2.8
C060,2019,4,17.9
C060,2019,5,9.6
C060,2019,6,10.7
C060,2019,7,7.6
C060,2019,8,12
C060,2019,9,21.7
C060,2019,10,8.3
C060,2019,11,22.6
C060,2019,12,18.1
C030,2019,1,35.3
C030,2019,2,19
C030,2019,3,6.1
C030,2019,4,13
C030,2019,5,19.4
C030,2019,6,15.5
C030,2019,7,14.9
C030,2019,8,31.1
C030,2019,9,24.2
C030,2019,10,10.8
C030,2019,11,45.1
C030,2019,12,38.5
C051,2019,1,46.4
C051,2019,2,37.4
C051,2019,3,9
C051,2019,4,21.6
C051,2019,5,14.4
C051,2019,6,5.6
C051,2019,7,10.7
C051,2019,8,15.1
C051,2019,9,15.4
C051,2019,10,23.5
C051,2019,11,32.8
C051,2019,12,30.4
C0A0,2019,1,71.8
C0A0,2019,2,46.4
C0A0,2019,3,14.7
C0A0,2019,4,19.9
C0A0,2019,5,29.2
C0A0,2019,6,11.8
C0A0,2019,7,12.3
C0A0,2019,8,31.4
C0A0,2019,9,46.3
C0A0,2019,10,37.8
C0A0,2019,11,50.8
C0A0,2019,12,40.3
C049,2019,1,33.7
C049,2019,2,25.9
C049,2019,3,11.3
C049,2019,4,19.8
C049,2019,5,16.3
C049,2019,6,9.2
C049,2019,7,10.1
C049,2019,8,31.9
C049,2019,9,22.5
C049,2019,10,10.8
C049,2019,11,29.6
C049,2019,12,20.5
C00B,2019,1,26.6
C00B,2019,2,31.5
C00B,2019,3,8
C00B,2019,4,27.3
C00B,2019,5,8.9
C00B,2019,6,6.2
C00B,2019,7,9.8
C00B,2019,8,6
C00B,2019,9,20.8
C00B,2019,10,18.2
C00B,2019,11,29.3
C00B,2019,12,26.5
C020,2019,1,16.9
C020,2019,2,22.7
C020,2019,3,5
C020,2019,4,12.4
C020,2019,5,11.9
C020,2019,6,13.8
C020,2019,7,7.3
C020,2019,8,48.2
C020,2019,9,19.7
C020,2019,10,11.4
C020,2019,11,33.7
C020,2019,12,17.2
C070,2019,1,24.5
C070,2019,2,23
C070,2019,3,4.1
C070,2019,4,12.9
C070,2019,5,16.3
C070,2019,6,11.8
C070,2019,7,11.2
C070,2019,8,10.2
C070,2019,9,20.3
C070,2019,10,27.6
C070,2019,11,33
C070,2019,12,13.3
C050,2019,1,12.8
C050,2019,2,26.5
C050,2019,3,4
C050,2019,4,22.4
C050,2019,5,21.6
C050,2019,6,7.5
C050,2019,7,9.4
C050,2019,8,14.2
C050,2019,9,14
C050,2019,10,10
C050,2019,11,26.9
C050,2019,12,11.5
C0B1,2019,1,38.9
C0B1,2019,2,30.2
C0B1,2019,3,14.5
C0B1,2019,4,19.6
C0B1,2019,5,13.2
C0B1,2019,6,5.8
C0B1,2019,7,23.8
C0B1,2019,8,9.2
C0B1,2019,9,24
C0B1,2019,10,29.4
C0B1,2019,11,41.6
C0B1,2019,12,20.9
C079,2019,1,49.9
C079,2019,2,28.8
C079,2019,3,12.3
C079,2019,4,20.8
C079,2019,5,22.5
C079,2019,6,10.7
C079,2019,7,20.4
C079,2019,8,12.2
C079,2019,9,30.3
C079,2019,10,32.9
C079,2019,11,84.4
C079,2019,12,57.8
C0C1,2019,1,48.1
C0C1,2019,2,37
C0C1,2019,3,9.8
C0C1,2019,4,14
C0C1,2019,5,22.8
C0C1,2019,6,10.9
C0C1,2019,7,11.7
C0C1,2019,8,7.7
C0C1,2019,9,18.5
C0C1,2019,10,17.5
C0C1,2019,11,45.7
C0C1,2019,12,47.6
C061,2019,1,46.4
C061,2019,2,15.9
C061,2019,3,22.3
C061,2019,4,14
C061,2019,5,12.5
C061,2019,6,10.7
C061,2019,7,24.5
C061,2019,8,9.2
C061,2019,9,18.5
C061,2019,10,26.5
C061,2019,11,51.6
C061,2019,12,17.1
C032,2019,1,50
C032,2019,2,44.6
C032,2019,3,12.9
C032,2019,4,27.8
C032,2019,5,13.1
C032,2019,6,9.1
C032,2019,7,17.9
C032,2019,8,13.2
C032,2019,9,18.4
C032,2019,10,21.6
C032,2019,11,47.4
C032,2019,12,50.5
C002,2019,1,40.9
C002,2019,2,12.1
C002,2019,3,13.8
C002,2019,4,15.7
C002,2019,5,23.3
C002,2019,6,13
C002,2019,7,17.8
C002,2019,8,12.6
C002,2019,9,41.1
C002,2019,10,52.5
C002,2019,11,62.4
C002,2019,12,66.6
C0C2,2019,1,64.7
C0C2,2019,2,35.2
C0C2,2019,3,14
C0C2,2019,4,13.3
C0C2,2019,5,20.4
C0C2,2019,6,14.8
C0C2,2019,7,12.6
C0C2,2019,8,7.9
C0C2,2019,9,26.4
C0C2,2019,10,14.5
C0C2,2019,11,46.3
C0C2,2019,12,40.9
C069,2019,1,28.2
C069,2019,2,9
C069,2019,3,12.7
C069,2019,4,24.9
C069,2019,5,43.7
C069,2019,6,17.3
C069,2019,7,21
C069,2019,8,12.7
C069,2019,9,24.7
C069,2019,10,88
C069,2019,11,52.2
C069,2019,12,37.4
C0B6,2019,1,50.3
C0B6,2019,2,41.8
C0B6,2019,3,15.1
C0B6,2019,4,18.9
C0B6,2019,5,34.8
C0B6,2019,6,9.3
C0B6,2019,7,21.8
C0B6,2019,8,12.8
C0B6,2019,9,42
C0B6,2019,10,24.8
C0B6,2019,11,82
C0B6,2019,12,64.6
C0BE,2019,1,37
C0BE,2019,2,23.8
C0BE,2019,3,22.5
C0BE,2019,4,33
C0BE,2019,5,28.5
C0BE,2019,6,16.5
C0BE,2019,7,18.9
C0BE,2019,8,14.2
C0BE,2019,9,19.7
C0BE,2019,10,22.1
C0BE,2019,11,54.5
C0BE,2019,12,40.4
C065,2019,1,101.7
C065,2019,2,31.3
C065,2019,3,11.2
C065,2019,4,31.5
C065,2019,5,27.4
C065,2019,6,23.1
C065,2019,7,14
C065,2019,8,20.9
C065,2019,9,60.1
C065,2019,10,22
C065,2019,11,40.8
C065,2019,12,48.5
C003,2019,1,37.9
C003,2019,2,21.1
C003,2019,3,16.8
C003,2019,4,20
C003,2019,5,15.4
C003,2019,6,10.5
C003,2019,7,18.8
C003,2019,8,14.3
C003,2019,9,42.9
C003,2019,10,47.9
C003,2019,11,55.6
C003,2019,12,27
C039,2019,1,32.2
C039,2019,2,22.3
C039,2019,3,14.1
C039,2019,4,13.5
C039,2019,5,9.7
C039,2019,6,11.1
C039,2019,7,20.5
C039,2019,8,7.7
C039,2019,9,15.2
C039,2019,10,29.4
C039,2019,11,38
C039,2019,12,22.4
C075,2019,1,57.4
C075,2019,2,25.3
C075,2019,3,14.2
C075,2019,4,20.2
C075,2019,5,23.3
C075,2019,6,13.5
C075,2019,7,17.6
C075,2019,8,16
C075,2019,9,31.8
C075,2019,10,26.5
C075,2019,11,75.6
C075,2019,12,81.3
C074,2019,1,53.6
C074,2019,2,24.2
C074,2019,3,13.8
C074,2019,4,19
C074,2019,5,40.4
C074,2019,6,9.6
C074,2019,7,14.4
C074,2019,8,17.9
C074,2019,9,40.7
C074,2019,10,35.4
C074,2019,11,59.9
C074,2019,12,67.2
C009,2019,1,42.1
C009,2019,2,23.7
C009,2019,3,12.4
C009,2019,4,24.3
C009,2019,5,14.1
C009,2019,6,5.7
C009,2019,7,15.8
C009,2019,8,19.3
C009,2019,9,38.2
C009,2019,10,34.6
C009,2019,11,51.1
C009,2019,12,26.2
C038,2019,1,29.3
C038,2019,2,26.8
C038,2019,3,17
C038,2019,4,20.2
C038,2019,5,11
C038,2019,6,9.2
C038,2019,7,20.9
C038,2019,8,8.2
C038,2019,9,13.5
C038,2019,10,29.8
C038,2019,11,36.9
C038,2019,12,21
C033,2019,1,46.6
C033,2019,2,36
C033,2019,3,16.7
C033,2019,4,23.2
C033,2019,5,19.7
C033,2019,6,9.3
C033,2019,7,18.3
C033,2019,8,11.1
C033,2019,9,22.6
C033,2019,10,28.9
C033,2019,11,55.2
C033,2019,12,42.1
C0BD,2019,1,50.9
C0BD,2019,2,22.1
C0BD,2019,3,18.2
C0BD,2019,4,20.7
C0BD,2019,5,31.5
C0BD,2019,6,19.8
C0BD,2019,7,16.2
C0BD,2019,8,12.8
C0BD,2019,9,32
C0BD,2019,10,25.7
C0BD,2019,11,58.2
C0BD,2019,12,63.1
C036,2019,1,57.1
C036,2019,2,25.6
C036,2019,3,11.3
C036,2019,4,17
C036,2019,5,35.3
C036,2019,6,12.8
C036,2019,7,19.2
C036,2019,8,10
C036,2019,9,51
C036,2019,10,28.8
C036,2019,11,65.1
C036,2019,12,62
C045,2019,1,62.8
C045,2019,2,28.8
C045,2019,3,8.1
C045,2019,4,16
C045,2019,5,18.8
C045,2019,6,17
C045,2019,7,12.1
C045,2019,8,8.7
C045,2019,9,32.8
C045,2019,10,21.3
C045,2019,11,47.7
C045,2019,12,40.5
C0B7,2019,1,50.9
C0B7,2019,2,33.6
C0B7,2019,3,12.9
C0B7,2019,4,24.2
C0B7,2019,5,28.5
C0B7,2019,6,13
C0B7,2019,7,23.9
C0B7,2019,8,11.7
C0B7,2019,9,42.4
C0B7,2019,10,31.2
C0B7,2019,11,90.9
C0B7,2019,12,67.3
C019,2019,1,25.2
C019,2019,2,6.5
C019,2019,3,18.5
C019,2019,4,17.2
C019,2019,5,33.7
C019,2019,6,20.4
C019,2019,7,27.8
C019,2019,8,14.3
C019,2019,9,22.3
C019,2019,10,88.7
C019,2019,11,31
C019,2019,12,25.2
C057,2019,1,36.3
C057,2019,2,12.5
C057,2019,3,15.1
C057,2019,4,14.4
C057,2019,5,32.7
C057,2019,6,12.7
C057,2019,7,21.2
C057,2019,8,12.3
C057,2019,9,26.4
C057,2019,10,46.7
C057,2019,11,36.5
C057,2019,12,30.9
C063,2019,1,44.7
C063,2019,2,19
C063,2019,3,15.4
C063,2019,4,17.7
C063,2019,5,37
C063,2019,6,10.1
C063,2019,7,19.6
C063,2019,8,12.4
C063,2019,9,57.7
C063,2019,10,46.2
C063,2019,11,72.3
C063,2019,12,55.1
C046,2019,1,36.7
C046,2019,2,12.1
C046,2019,3,10
C046,2019,4,17
C046,2019,5,25.9
C046,2019,6,14.4
C046,2019,7,20.5
C046,2019,8,20.4
C046,2019,9,42.7
C046,2019,10,27.7
C046,2019,11,45.8
C046,2019,12,29.5
C0BA,2019,1,40.7
C0BA,2019,2,14.7
C0BA,2019,3,17.5
C0BA,2019,4,24.6
C0BA,2019,5,31.1
C0BA,2019,6,17.9
C0BA,2019,7,36.1
C0BA,2019,8,15.4
C0BA,2019,9,15.8
C0BA,2019,10,36.8
C0BA,2019,11,46.5
C0BA,2019,12,39.8
C059,2019,1,57.7
C059,2019,2,36.3
C059,2019,3,9.8
C059,2019,4,17
C059,2019,5,14.3
C059,2019,6,14.8
C059,2019,7,10.8
C059,2019,8,7.5
C059,2019,9,43.9
C059,2019,10,19.2
C059,2019,11,32.4
C059,2019,12,24.2
C072,2019,1,69.3
C072,2019,2,34
C072,2019,3,12.4
C072,2019,4,17.7
C072,2019,5,21.7
C072,2019,6,7.6
C072,2019,7,11
C072,2019,8,8.5
C072,2019,9,15.6
C072,2019,10,22.3
C072,2019,11,30.6
C072,2019,12,17.5
C0B4,2019,1,46.3
C0B4,2019,2,47.5
C0B4,2019,3,17
C0B4,2019,4,27.2
C0B4,2019,5,11.1
C0B4,2019,6,8.2
C0B4,2019,7,11.1
C0B4,2019,8,7.5
C0B4,2019,9,15.9
C0B4,2019,10,16.8
C0B4,2019,11,36.1
C0B4,2019,12,38.8
C054,2019,1,66.2
C054,2019,2,47.9
C054,2019,3,16
C054,2019,4,24.9
C054,2019,5,39.5
C054,2019,6,10.7
C054,2019,7,35.9
C054,2019,8,18.4
C054,2019,9,52.3
C054,2019,10,22.3
C054,2019,11,59
C054,2019,12,36.5
C042,2019,1,18.2
C042,2019,2,15.1
C042,2019,3,7.1
C042,2019,4,14.4
C042,2019,5,9.8
C042,2019,6,9
C042,2019,7,12.7
C042,2019,8,7.7
C042,2019,9,13.7
C042,2019,10,32.2
C042,2019,11,34
C042,2019,12,19
C0B9,2019,1,30
C0B9,2019,2,25.2
C0B9,2019,3,14.4
C0B9,2019,4,13.3
C0B9,2019,5,11.3
C0B9,2019,6,5.8
C0B9,2019,7,25.6
C0B9,2019,8,8.8
C0B9,2019,9,19.3
C0B9,2019,10,38.5
C0B9,2019,11,30.1
C0B9,2019,12,21.5
C0C3,2019,1,53.7
C0C3,2019,2,43
C0C3,2019,3,18.6
C0C3,2019,4,14.5
C0C3,2019,5,21.8
C0C3,2019,6,13.5
C0C3,2019,7,13.5
C0C3,2019,8,6.3
C0C3,2019,9,22.5
C0C3,2019,10,19.8
C0C3,2019,11,58.5
C0C3,2019,12,40
C022,2019,1,63.3
C022,2019,2,31
C022,2019,3,12.7
C022,2019,4,25.2
C022,2019,5,46.3
C022,2019,6,11.8
C022,2019,7,25.5
C022,2019,8,15.8
C022,2019,9,52
C022,2019,10,30.8
C022,2019,11,78.8
C022,2019,12,57.2
C0B3,2019,1,43.9
C0B3,2019,2,30.3
C0B3,2019,3,15.7
C0B3,2019,4,23.6
C0B3,2019,5,20
C0B3,2019,6,8.1
C0B3,2019,7,14
C0B3,2019,8,8.8
C0B3,2019,9,25.7
C0B3,2019,10,32
C0B3,2019,11,62.3
C0B3,2019,12,44.6
C037,2019,1,61.3
C037,2019,2,41.4
C037,2019,3,16.7
C037,2019,4,22.2
C037,2019,5,13.2
C037,2019,6,6.2
C037,2019,7,21.4
C037,2019,8,15.2
C037,2019,9,21.1
C037,2019,10,22.6
C037,2019,11,44.1
C037,2019,12,34.2
C0E5,2019,1,35.8
C0E5,2019,2,33.5
C0E5,2019,3,7.1
C0E5,2019,4,20.1
C0E5,2019,5,13.6
C0E5,2019,6,19.5
C0E5,2019,7,16.3
C0E5,2019,8,29.4
C0E5,2019,9,10.6
C0E5,2019,10,27.2
C0E5,2019,11,47.3
C0E5,2019,12,37.7
C0DB,2019,1,79.8
C0DB,2019,2,44.8
C0DB,2019,3,13.9
C0DB,2019,4,41.1
C0DB,2019,5,33.4
C0DB,2019,6,24.6
C0DB,2019,7,14.2
C0DB,2019,8,38.7
C0DB,2019,9,21.7
C0DB,2019,10,25.7
C0DB,2019,11,73
C0DB,2019,12,51.8
C0D3,2019,1,60
C0D3,2019,2,31.1
C0D3,2019,3,16.5
C0D3,2019,4,20.2
C0D3,2019,5,29.6
C0D3,2019,6,13.5
C0D3,2019,7,16.8
C0D3,2019,8,20.2
C0D3,2019,9,37.8
C0D3,2019,10,33.9
C0D3,2019,11,64.6
C0D3,2019,12,68.3
C0DD,2019,1,30.3
C0DD,2019,2,9
C0DD,2019,3,23.4
C0DD,2019,4,21.2
C0DD,2019,5,27.5
C0DD,2019,6,20.5
C0DD,2019,7,18.5
C0DD,2019,8,32.4
C0DD,2019,9,23.2
C0DD,2019,10,23.5
C0DD,2019,11,34.6
C0DD,2019,12,23.9
C0E9,2019,1,63.8
C0E9,2019,2,34.5
C0E9,2019,3,15.4
C0E9,2019,4,21.4
C0E9,2019,5,26.6
C0E9,2019,6,18
C0E9,2019,7,13.7
C0E9,2019,8,29.2
C0E9,2019,9,19.9
C0E9,2019,10,19.8
C0E9,2019,11,55.9
C0E9,2019,12,43.6
C078,2019,1,53.5
C078,2019,2,36.1
C078,2019,3,13.9
C078,2019,4,17.5
C078,2019,5,27.9
C078,2019,6,16.9
C078,2019,7,12.8
C078,2019,8,15
C078,2019,9,20.1
C078,2019,10,20.3
C078,2019,11,46.2
C078,2019,12,32.8
C052,2019,1,80.4
C052,2019,2,46.7
C052,2019,3,16.3
C052,2019,4,24.8
C052,2019,5,77.9
C052,2019,6,40
C052,2019,7,22.6
C052,2019,8,27.7
C052,2019,9,29.7
C052,2019,10,25.5
C052,2019,11,73.1
C052,2019,12,63.4
C0E1,2019,1,55.4
C0E1,2019,2,29.6
C0E1,2019,3,8
C0E1,2019,4,25.3
C0E1,2019,5,15.6
C0E1,2019,6,15.4
C0E1,2019,7,14.2
C0E1,2019,8,22
C0E1,2019,9,10.9
C0E1,2019,10,19.7
C0E1,2019,11,47.2
C0E1,2019,12,33.6
C077,2019,1,44.1
C077,2019,2,25
C077,2019,3,18.5
C077,2019,4,19.6
C077,2019,5,35
C077,2019,6,26.5
C077,2019,7,28.1
C077,2019,8,28.2
C077,2019,9,20.1
C077,2019,10,18.2
C077,2019,11,40.9
C077,2019,12,44.9
C080,2019,1,75
C080,2019,2,36
C080,2019,3,23
C080,2019,4,30.8
C080,2019,5,100.5
C080,2019,6,44.5
C080,2019,7,31.1
C080,2019,8,26
C080,2019,9,27.8
C080,2019,10,44
C080,2019,11,50.6
C080,2019,12,70.8
C0E8,2019,1,67.1
C0E8,2019,2,25
C0E8,2019,3,11.4
C0E8,2019,4,15.6
C0E8,2019,5,30.1
C0E8,2019,6,22.5
C0E8,2019,7,20.6
C0E8,2019,8,33.7
C0E8,2019,9,23.5
C0E8,2019,10,20
C0E8,2019,11,49.1
C0E8,2019,12,45.2
C023,2019,1,69.7
C023,2019,2,36.6
C023,2019,3,16.6
C023,2019,4,20.5
C023,2019,5,45.2
C023,2019,6,14.8
C023,2019,7,15.1
C023,2019,8,22.2
C023,2019,9,40.2
C023,2019,10,20.6
C023,2019,11,57.9
C023,2019,12,52.1
C084,2019,1,38.3
C084,2019,2,14.3
C084,2019,3,11.8
C084,2019,4,20
C084,2019,5,51.4
C084,2019,6,47.3
C084,2019,7,49.4
C084,2019,8,21.1
C084,2019,9,20.5
C084,2019,10,35.7
C084,2019,11,52.1
C084,2019,12,45.7
C0EA,2019,1,55.7
C0EA,2019,2,27.3
C0EA,2019,3,14.2
C0EA,2019,4,21.4
C0EA,2019,5,30.6
C0EA,2019,6,26.2
C0EA,2019,7,27.6
C0EA,2019,8,29.1
C0EA,2019,9,21.6
C0EA,2019,10,23
C0EA,2019,11,51
C0EA,2019,12,51.4
C026,2019,1,83.9
C026,2019,2,49.3
C026,2019,3,17.9
C026,2019,4,33.5
C026,2019,5,55.2
C026,2019,6,29.6
C026,2019,7,33.9
C026,2019,8,23.4
C026,2019,9,23.2
C026,2019,10,29.4
C026,2019,11,42.2
C026,2019,12,50.1
C058,2019,1,71.8
C058,2019,2,32.7
C058,2019,3,13.7
C058,2019,4,30.3
C058,2019,5,43.8
C058,2019,6,25.8
C058,2019,7,13.3
C058,2019,8,28.4
C058,2019,9,22.9
C058,2019,10,28.7
C058,2019,11,55.7
C058,2019,12,35
C0F0,2019,1,47.3
C0F0,2019,2,22.8
C0F0,2019,3,19.4
C0F0,2019,4,27.7
C0F0,2019,5,68.1
C0F0,2019,6,40.3
C0F0,2019,7,33
C0F0,2019,8,25.3
C0F0,2019,9,22.8
C0F0,2019,10,24.5
C0F0,2019,11,48.9
C0F0,2019,12,49.2
C0F1,2019,1,78.2
C0F1,2019,2,38.1
C0F1,2019,3,21.4
C0F1,2019,4,24.5
C0F1,2019,5,116
C0F1,2019,6,52.9
C0F1,2019,7,49.2
C0F1,2019,8,30.8
C0F1,2019,9,37.7
C0F1,2019,10,54.7
C0F1,2019,11,57.6
C0F1,2019,12,83.1
C0E7,2019,1,63.5
C0E7,2019,2,48
C0E7,2019,3,6.4
C0E7,2019,4,20.3
C0E7,2019,5,18
C0E7,2019,6,18.4
C0E7,2019,7,11.6
C0E7,2019,8,28.9
C0E7,2019,9,14
C0E7,2019,10,21
C0E7,2019,11,45.5
C0E7,2019,12,48
C0DC,2019,1,89.3
C0DC,2019,2,43.4
C0DC,2019,3,18.4
C0DC,2019,4,23.9
C0DC,2019,5,25.9
C0DC,2019,6,16.7
C0DC,2019,7,13.6
C0DC,2019,8,23.2
C0DC,2019,9,14.1
C0DC,2019,10,19.9
C0DC,2019,11,58.3
C0DC,2019,12,33.1
C0EC,2019,1,47.1
C0EC,2019,2,35.1
C0EC,2019,3,18.8
C0EC,2019,4,21.7
C0EC,2019,5,48.7
C0EC,2019,6,28
C0EC,2019,7,25
C0EC,2019,8,24
C0EC,2019,9,18.9
C0EC,2019,10,21.3
C0EC,2019,11,40.9
C0EC,2019,12,40.9
C0DE,2019,1,59.4
C0DE,2019,2,47.6
C0DE,2019,3,16.7
C0DE,2019,4,23.2
C0DE,2019,5,21.8
C0DE,2019,6,7.1
C0DE,2019,7,13.7
C0DE,2019,8,22
C0DE,2019,9,15.4
C0DE,2019,10,18.1
C0DE,2019,11,47
C0DE,2019,12,41.1
C017,2019,1,37.4
C017,2019,2,19.6
C017,2019,3,16.6
C017,2019,4,19.6
C017,2019,5,70.5
C017,2019,6,24.7
C017,2019,7,44.4
C017,2019,8,29.7
C017,2019,9,20.1
C017,2019,10,27.2
C017,2019,11,39.7
C017,2019,12,46.3
C0F4,2019,1,42.9
C0F4,2019,2,21.9
C0F4,2019,3,12.6
C0F4,2019,4,23.1
C0F4,2019,5,83.3
C0F4,2019,6,39.2
C0F4,2019,7,32.8
C0F4,2019,8,21.7
C0F4,2019,9,36.3
C0F4,2019,10,39.3
C0F4,2019,11,39.1
C0F4,2019,12,42.4
C0D1,2019,1,66
C0D1,2019,2,28.3
C0D1,2019,3,8.8
C0D1,2019,4,32.2
C0D1,2019,5,43.7
C0D1,2019,6,13.9
C0D1,2019,7,13.5
C0D1,2019,8,27
C0D1,2019,9,37.2
C0D1,2019,10,21.1
C0D1,2019,11,65.5
C0D1,2019,12,59.3
C043,2019,1,70.4
C043,2019,2,38
C043,2019,3,8.5
C043,2019,4,23.9
C043,2019,5,21.1
C043,2019,6,18.2
C043,2019,7,14.4
C043,2019,8,28.7
C043,2019,9,15.9
C043,2019,10,20.2
C043,2019,11,41.6
C043,2019,12,38.3
C0D2,2019,1,61.7
C0D2,2019,2,28
C0D2,2019,3,11
C0D2,2019,4,22.6
C0D2,2019,5,47.5
C0D2,2019,6,12
C0D2,2019,7,12.2
C0D2,2019,8,21.8
C0D2,2019,9,30.4
C0D2,2019,10,20.9
C0D2,2019,11,67.7
C0D2,2019,12,59.5
C0D0,2019,1,55.4
C0D0,2019,2,22.9
C0D0,2019,3,7
C0D0,2019,4,39.5
C0D0,2019,5,26.1
C0D0,2019,6,14.5
C0D0,2019,7,16.9
C0D0,2019,8,31.4
C0D0,2019,9,27.2
C0D0,2019,10,16.2
C0D0,2019,11,55.2
C0D0,2019,12,49.5
C064,2019,1,32.5
C064,2019,2,8
C064,2019,3,19.3
C064,2019,4,21.5
C064,2019,5,31.4
C064,2019,6,18
C064,2019,7,23.2
C064,2019,8,26.6
C064,2019,9,26.9
C064,2019,10,21.6
C064,2019,11,34
C064,2019,12,31.7
C028,2019,1,72.7
C028,2019,2,23.8
C028,2019,3,15.5
C028,2019,4,19
C028,2019,5,43.3
C028,2019,6,15.1
C028,2019,7,19.2
C028,2019,8,22.6
C028,2019,9,29.3
C028,2019,10,20.5
C028,2019,11,76.4
C028,2019,12,74
C029,2019,1,34.7
C029,2019,2,17.6
C029,2019,3,10.1
C029,2019,4,21.5
C029,2019,5,39
C029,2019,6,22.1
C029,2019,7,34.4
C029,2019,8,24.7
C029,2019,9,22.8
C029,2019,10,21
C029,2019,11,45.4
C029,2019,12,51.3
