code,year,month,precipitacion_acumulada
C076,2016,1,75.7
C076,2016,2,176.4
C076,2016,3,104.8
C076,2016,4,49.6
C076,2016,5,32.4
C076,2016,6,47.4
C076,2016,7,9.3
C076,2016,8,4.8
C076,2016,9,45.5
C076,2016,10,17.5
C076,2016,11,112.6
C076,2016,12,13.8
C056,2016,1,83.6
C056,2016,2,173.4
C056,2016,3,98.3
C056,2016,4,48.9
C056,2016,5,35.4
C056,2016,6,52.4
C056,2016,7,6.1
C056,2016,8,18.7
C056,2016,9,24
C056,2016,10,16.2
C056,2016,11,110.3
C056,2016,12,7.3
C035,2016,1,115.9
C035,2016,2,254.3
C035,2016,3,218.9
C035,2016,4,109
C035,2016,5,51.6
C035,2016,6,49.1
C035,2016,7,31.3
C035,2016,8,11
C035,2016,9,100.1
C035,2016,10,21
C035,2016,11,146.1
C035,2016,12,34.4
C001,2016,1,84.7
C001,2016,2,188.6
C001,2016,3,108.2
C001,2016,4,50
C001,2016,5,35.5
C001,2016,6,44.2
C001,2016,7,7.9
C001,2016,8,11.7
C001,2016,9,35.5
C001,2016,10,20.7
C001,2016,11,115.2
C001,2016,12,13.4
C034,2016,1,94.4
C034,2016,2,138.7
C034,2016,3,107.3
C034,2016,4,66.4
C034,2016,5,64.1
C034,2016,6,32.8
C034,2016,7,9.6
C034,2016,8,3.6
C034,2016,9,25.8
C034,2016,10,7.9
C034,2016,11,80.5
C034,2016,12,10.5
C0AA,2016,1,64.6
C0AA,2016,2,208.3
C0AA,2016,3,160.2
C0AA,2016,4,58.4
C0AA,2016,5,29.3
C0AA,2016,6,43.9
C0AA,2016,7,5.3
C0AA,2016,8,8.8
C0AA,2016,9,36.4
C0AA,2016,10,15.5
C0AA,2016,11,129.9
C0AA,2016,12,11.3
C067,2016,1,106.8
C067,2016,2,308.3
C067,2016,3,274.1
C067,2016,4,57.8
C067,2016,5,65
C067,2016,6,28.8
C067,2016,7,21.3
C067,2016,8,7.1
C067,2016,9,85.8
C067,2016,10,19.7
C067,2016,11,165
C067,2016,12,34.1
C044,2016,1,132
C044,2016,2,350.4
C044,2016,3,284
C044,2016,4,99.5
C044,2016,5,37.8
C044,2016,6,42.3
C044,2016,7,37.9
C044,2016,8,11.2
C044,2016,9,82.4
C044,2016,10,20.7
C044,2016,11,161.5
C044,2016,12,26.9
C048,2016,1,71.7
C048,2016,2,169.1
C048,2016,3,90.4
C048,2016,4,56.6
C048,2016,5,57.1
C048,2016,6,22.6
C048,2016,7,8.9
C048,2016,8,4.8
C048,2016,9,44.8
C048,2016,10,28.5
C048,2016,11,103.5
C048,2016,12,12.3
C068,2016,1,116.2
C068,2016,2,287.6
C068,2016,3,226.4
C068,2016,4,68.4
C068,2016,5,49.1
C068,2016,6,46.2
C068,2016,7,10.7
C068,2016,8,9.8
C068,2016,9,65.1
C068,2016,10,31
C068,2016,11,170.7
C068,2016,12,11.7
C024,2016,1,142
C024,2016,2,271
C024,2016,3,199.9
C024,2016,4,80.7
C024,2016,5,75.2
C024,2016,6,30.8
C024,2016,7,17.4
C024,2016,8,7.7
C024,2016,9,61.3
C024,2016,10,26.4
C024,2016,11,146
C024,2016,12,19
C0A0,2016,1,101.1
C0A0,2016,2,217.6
C0A0,2016,3,136.7
C0A0,2016,4,40.1
C0A0,2016,5,70
C0A0,2016,6,8.4
C0A0,2016,7,17.4
C0A0,2016,8,0.4
C0A0,2016,9,16.8
C0A0,2016,10,18.5
C0A0,2016,11,100.1
C0A0,2016,12,17.1
C047,2016,1,103.2
C047,2016,2,186.1
C047,2016,3,125.7
C047,2016,4,81.7
C047,2016,5,60.9
C047,2016,6,46.1
C047,2016,7,25.9
C047,2016,8,20
C047,2016,9,58.1
C047,2016,10,41.7
C047,2016,11,133.1
C047,2016,12,10
C031,2016,1,39
C031,2016,2,63
C031,2016,3,44.1
C031,2016,4,11.6
C031,2016,5,12.1
C031,2016,6,9.8
C031,2016,7,13.5
C031,2016,8,0.3
C031,2016,9,9.4
C031,2016,10,13
C031,2016,11,68.4
C031,2016,12,9.7
C041,2016,1,85.9
C041,2016,2,140.1
C041,2016,3,85.5
C041,2016,4,45
C041,2016,5,35.3
C041,2016,6,18.6
C041,2016,7,10.6
C041,2016,8,1.3
C041,2016,9,22.4
C041,2016,10,14.8
C041,2016,11,105.8
C041,2016,12,7.8
C055,2016,1,91.4
C055,2016,2,244.7
C055,2016,3,187.4
C055,2016,4,62.6
C055,2016,5,30.3
C055,2016,6,36.5
C055,2016,7,4.7
C055,2016,8,9
C055,2016,9,60.8
C055,2016,10,19.2
C055,2016,11,132.1
C055,2016,12,14
C060,2016,1,62
C060,2016,2,141.2
C060,2016,3,82.5
C060,2016,4,33.8
C060,2016,5,22.1
C060,2016,6,13.1
C060,2016,7,6.9
C060,2016,8,1.5
C060,2016,9,19.5
C060,2016,10,9.8
C060,2016,11,70.2
C060,2016,12,7
C030,2016,1,94
C030,2016,2,217.2
C030,2016,3,166.9
C030,2016,4,58
C030,2016,5,39.8
C030,2016,6,48.1
C030,2016,7,4
C030,2016,8,5.2
C030,2016,9,29.5
C030,2016,10,27.1
C030,2016,11,126.5
C030,2016,12,10.6
C051,2016,1,97.2
C051,2016,2,225.5
C051,2016,3,189.3
C051,2016,4,58.7
C051,2016,5,52.5
C051,2016,6,23.2
C051,2016,7,32.7
C051,2016,8,12.9
C051,2016,9,72.4
C051,2016,10,21.2
C051,2016,11,112
C051,2016,12,24.7
C0A0,2016,1,128.5
C0A0,2016,2,324.8
C0A0,2016,3,288
C0A0,2016,4,107.1
C0A0,2016,5,47.4
C0A0,2016,6,52.1
C0A0,2016,7,23.2
C0A0,2016,8,8.5
C0A0,2016,9,86.4
C0A0,2016,10,21.1
C0A0,2016,11,188.8
C0A0,2016,12,36.1
C049,2016,1,82.9
C049,2016,2,142.1
C049,2016,3,128.5
C049,2016,4,78.2
C049,2016,5,50.4
C049,2016,6,41.7
C049,2016,7,7.3
C049,2016,8,1.4
C049,2016,9,47.4
C049,2016,10,27.8
C049,2016,11,118.9
C049,2016,12,19.9
C020,2016,1,49.9
C020,2016,2,124.8
C020,2016,3,66
C020,2016,4,38.7
C020,2016,5,38.9
C020,2016,6,28.6
C020,2016,7,10.5
C020,2016,8,9.4
C020,2016,9,42.8
C020,2016,10,22.8
C020,2016,11,111.8
C020,2016,12,12.6
C070,2016,1,67.5
C070,2016,2,135.1
C070,2016,3,77.6
C070,2016,4,42.6
C070,2016,5,48.2
C070,2016,6,47.2
C070,2016,7,13.9
C070,2016,8,6.6
C070,2016,9,56.5
C070,2016,10,12.4
C070,2016,11,89.3
C070,2016,12,7.8
C050,2016,1,49.5
C050,2016,2,104.8
C050,2016,3,94.3
C050,2016,4,49.5
C050,2016,5,54.4
C050,2016,6,27.9
C050,2016,7,5.2
C050,2016,8,4.2
C050,2016,9,19.6
C050,2016,10,11.4
C050,2016,11,95.9
C050,2016,12,7.9
C0B1,2016,1,120.2
C0B1,2016,2,290.4
C0B1,2016,3,237.1
C0B1,2016,4,68.6
C0B1,2016,5,57.7
C0B1,2016,6,51.2
C0B1,2016,7,53.5
C0B1,2016,8,12.2
C0B1,2016,9,108.7
C0B1,2016,10,17
C0B1,2016,11,212.8
C0B1,2016,12,37
C079,2016,1,123.7
C079,2016,2,335
C079,2016,3,260.3
C079,2016,4,58.5
C079,2016,5,87.9
C079,2016,6,42.8
C079,2016,7,26.5
C079,2016,8,17.4
C079,2016,9,100.3
C079,2016,10,26
C079,2016,11,209.7
C079,2016,12,22.8
C0C1,2016,1,57.4
C0C1,2016,2,268.5
C0C1,2016,3,265.2
C0C1,2016,4,67.9
C0C1,2016,5,48.9
C0C1,2016,6,26
C0C1,2016,7,16.8
C0C1,2016,8,9.4
C0C1,2016,9,76.4
C0C1,2016,10,12.4
C0C1,2016,11,166.6
C0C1,2016,12,35.7
C061,2016,1,117
C061,2016,2,334.3
C061,2016,3,219.4
C061,2016,4,75.2
C061,2016,5,62.4
C061,2016,6,50.2
C061,2016,7,59.9
C061,2016,8,9.9
C061,2016,9,108.7
C061,2016,10,17.9
C061,2016,11,187.6
C061,2016,12,27.2
C032,2016,1,99
C032,2016,2,306
C032,2016,3,303.8
C032,2016,4,58.2
C032,2016,5,57.4
C032,2016,6,39.8
C032,2016,7,27
C032,2016,8,7.3
C032,2016,9,95.1
C032,2016,10,14.2
C032,2016,11,168.6
C032,2016,12,31
C002,2016,1,148
C002,2016,2,387.7
C002,2016,3,221.2
C002,2016,4,49.6
C002,2016,5,79.7
C002,2016,6,47.4
C002,2016,7,35
C002,2016,8,9.1
C002,2016,9,107.1
C002,2016,10,47
C002,2016,11,232.4
C002,2016,12,16.7
C0C2,2016,1,82.1
C0C2,2016,2,264.2
C0C2,2016,3,258.3
C0C2,2016,4,64.9
C0C2,2016,5,47
C0C2,2016,6,35.5
C0C2,2016,7,18.4
C0C2,2016,8,10.6
C0C2,2016,9,58.8
C0C2,2016,10,13.5
C0C2,2016,11,177.1
C0C2,2016,12,31.6
C069,2016,1,179.7
C069,2016,2,425.9
C069,2016,3,225.5
C069,2016,4,55.4
C069,2016,5,75.4
C069,2016,6,60.1
C069,2016,7,37.7
C069,2016,8,13.9
C069,2016,9,126
C069,2016,10,49.6
C069,2016,11,340.2
C069,2016,12,28.1
C0B6,2016,1,139.6
C0B6,2016,2,382.4
C0B6,2016,3,272
C0B6,2016,4,77.7
C0B6,2016,5,59.8
C0B6,2016,6,48.7
C0B6,2016,7,47.1
C0B6,2016,8,16.3
C0B6,2016,9,88.5
C0B6,2016,10,39.7
C0B6,2016,11,193.2
C0B6,2016,12,18.6
C0BE,2016,1,129.6
C0BE,2016,2,347.4
C0BE,2016,3,208.2
C0BE,2016,4,58.6
C0BE,2016,5,57.7
C0BE,2016,6,36.4
C0BE,2016,7,40
C0BE,2016,8,12.6
C0BE,2016,9,67.1
C0BE,2016,10,45
C0BE,2016,11,215.2
C0BE,2016,12,20.5
C065,2016,1,108
C065,2016,2,316.1
C065,2016,3,281.7
C065,2016,4,104.8
C065,2016,5,46.4
C065,2016,6,43.2
C065,2016,7,43.8
C065,2016,8,25
C065,2016,9,101.8
C065,2016,10,46.2
C065,2016,11,195.4
C065,2016,12,50.4
C003,2016,1,119.2
C003,2016,2,348.2
C003,2016,3,231.3
C003,2016,4,53
C003,2016,5,62.4
C003,2016,6,49.5
C003,2016,7,56.8
C003,2016,8,10.7
C003,2016,9,92.3
C003,2016,10,16.1
C003,2016,11,226.5
C003,2016,12,33.8
C039,2016,1,97.5
C039,2016,2,277
C039,2016,3,208.5
C039,2016,4,55.9
C039,2016,5,42.8
C039,2016,6,40.6
C039,2016,7,37.9
C039,2016,8,4.4
C039,2016,9,95
C039,2016,10,11.3
C039,2016,11,179.9
C039,2016,12,39.2
C075,2016,1,145.8
C075,2016,2,386.1
C075,2016,3,314.8
C075,2016,4,97.7
C075,2016,5,68.5
C075,2016,6,47.7
C075,2016,7,46.7
C075,2016,8,25.4
C075,2016,9,77.3
C075,2016,10,23.9
C075,2016,11,212
C075,2016,12,18.2
C074,2016,1,131.1
C074,2016,2,319.1
C074,2016,3,262
C074,2016,4,86.7
C074,2016,5,57.3
C074,2016,6,49.6
C074,2016,7,60.9
C074,2016,8,21.7
C074,2016,9,74.2
C074,2016,10,29.9
C074,2016,11,185
C074,2016,12,17.2
C038,2016,1,114.5
C038,2016,2,306
C038,2016,3,227.8
C038,2016,4,63.8
C038,2016,5,62.2
C038,2016,6,48.2
C038,2016,7,46.1
C038,2016,8,10.5
C038,2016,9,117.4
C038,2016,10,18.5
C038,2016,11,199.8
C038,2016,12,43.7
C033,2016,1,110.4
C033,2016,2,317
C033,2016,3,312.2
C033,2016,4,68.1
C033,2016,5,65.1
C033,2016,6,57.2
C033,2016,7,56.7
C033,2016,8,11.2
C033,2016,9,83.6
C033,2016,10,31
C033,2016,11,200.4
C033,2016,12,27.8
C0BD,2016,1,175.4
C0BD,2016,2,408.4
C0BD,2016,3,287.3
C0BD,2016,4,82.6
C0BD,2016,5,72.2
C0BD,2016,6,50.2
C0BD,2016,7,51.6
C0BD,2016,8,13.8
C0BD,2016,9,75.8
C0BD,2016,10,39.5
C0BD,2016,11,261.5
C0BD,2016,12,23.8
C036,2016,1,123
C036,2016,2,332
C036,2016,3,255.2
C036,2016,4,84.2
C036,2016,5,50.3
C036,2016,6,39.7
C036,2016,7,24.2
C036,2016,8,11.5
C036,2016,9,70.4
C036,2016,10,23.4
C036,2016,11,175
C036,2016,12,21.7
C045,2016,1,92.9
C045,2016,2,258.8
C045,2016,3,211.8
C045,2016,4,69.6
C045,2016,5,39.2
C045,2016,6,31.3
C045,2016,7,42.2
C045,2016,8,20.9
C045,2016,9,83.4
C045,2016,10,21.2
C045,2016,11,180
C045,2016,12,32.1
C0B7,2016,1,125.1
C0B7,2016,2,346.8
C0B7,2016,3,297.2
C0B7,2016,4,81
C0B7,2016,5,49.5
C0B7,2016,6,52.9
C0B7,2016,7,44
C0B7,2016,8,11.5
C0B7,2016,9,87.7
C0B7,2016,10,24.5
C0B7,2016,11,203.7
C0B7,2016,12,18.5
C019,2016,1,142.1
C019,2016,2,324.1
C019,2016,3,167.8
C019,2016,4,39.6
C019,2016,5,62.1
C019,2016,6,55.6
C019,2016,7,92
C019,2016,8,23.4
C019,2016,9,93.9
C019,2016,10,51.4
C019,2016,11,283.2
C019,2016,12,24.3
C057,2016,1,126.4
C057,2016,2,371
C057,2016,3,233.5
C057,2016,4,45.5
C057,2016,5,79.2
C057,2016,6,54.4
C057,2016,7,40
C057,2016,8,11.7
C057,2016,9,108.5
C057,2016,10,32.1
C057,2016,11,271.6
C057,2016,12,31.6
C063,2016,1,91.9
C063,2016,2,386.4
C063,2016,3,284.9
C063,2016,4,59.2
C063,2016,5,80.2
C063,2016,6,50.9
C063,2016,7,63.8
C063,2016,8,9.8
C063,2016,9,124.4
C063,2016,10,45.8
C063,2016,11,238.5
C063,2016,12,19.4
C046,2016,1,89.7
C046,2016,2,198.3
C046,2016,3,146.8
C046,2016,4,58.1
C046,2016,5,74.8
C046,2016,6,59
C046,2016,7,125
C046,2016,8,42.2
C046,2016,9,115.5
C046,2016,10,31.9
C046,2016,11,127.5
C046,2016,12,14.7
C0BA,2016,1,147.7
C0BA,2016,2,344.6
C0BA,2016,3,188
C0BA,2016,4,56.3
C0BA,2016,5,71.9
C0BA,2016,6,35.5
C0BA,2016,7,49.6
C0BA,2016,8,18
C0BA,2016,9,108.8
C0BA,2016,10,19.8
C0BA,2016,11,258.1
C0BA,2016,12,19.7
C059,2016,1,98.9
C059,2016,2,328.1
C059,2016,3,303.2
C059,2016,4,91.2
C059,2016,5,53.1
C059,2016,6,35.3
C059,2016,7,14.3
C059,2016,8,10.7
C059,2016,9,51.2
C059,2016,10,18
C059,2016,11,173.5
C059,2016,12,39.1
C072,2016,1,104.4
C072,2016,2,210.3
C072,2016,3,152.2
C072,2016,4,92.6
C072,2016,5,51.5
C072,2016,6,38.1
C072,2016,7,62.3
C072,2016,8,37.4
C072,2016,9,87.6
C072,2016,10,26.3
C072,2016,11,119.1
C072,2016,12,30.2
C0B4,2016,1,100.2
C0B4,2016,2,278.5
C0B4,2016,3,282
C0B4,2016,4,69.6
C0B4,2016,5,63.2
C0B4,2016,6,23.6
C0B4,2016,7,42.1
C0B4,2016,8,9.5
C0B4,2016,9,92.5
C0B4,2016,10,21.2
C0B4,2016,11,179.1
C0B4,2016,12,31.4
C054,2016,1,108.4
C054,2016,2,330.3
C054,2016,3,272.6
C054,2016,4,98
C054,2016,5,54.8
C054,2016,6,54.3
C054,2016,7,39.6
C054,2016,8,18.9
C054,2016,9,72.8
C054,2016,10,49.7
C054,2016,11,180.6
C054,2016,12,27.7
C042,2016,1,92.5
C042,2016,2,227.1
C042,2016,3,156.1
C042,2016,4,28.6
C042,2016,5,36.2
C042,2016,6,42.5
C042,2016,7,49
C042,2016,8,9.2
C042,2016,9,103.7
C042,2016,10,24.2
C042,2016,11,188.9
C042,2016,12,30.6
C0B9,2016,1,120.9
C0B9,2016,2,310.2
C0B9,2016,3,244.6
C0B9,2016,4,66.7
C0B9,2016,5,47.7
C0B9,2016,6,55.6
C0B9,2016,7,72.6
C0B9,2016,8,8.7
C0B9,2016,9,108.8
C0B9,2016,10,16.2
C0B9,2016,11,205.4
C0B9,2016,12,42.1
C0C3,2016,1,118.9
C0C3,2016,2,344.5
C0C3,2016,3,316.2
C0C3,2016,4,71.4
C0C3,2016,5,51.3
C0C3,2016,6,34.9
C0C3,2016,7,17.8
C0C3,2016,8,5.4
C0C3,2016,9,116.8
C0C3,2016,10,12.9
C0C3,2016,11,189.5
C0C3,2016,12,41.3
C022,2016,1,115.7
C022,2016,2,346.4
C022,2016,3,253.9
C022,2016,4,54.2
C022,2016,5,50.6
C022,2016,6,59
C022,2016,7,58.8
C022,2016,8,24.7
C022,2016,9,67.1
C022,2016,10,18.7
C022,2016,11,190.1
C022,2016,12,20.9
C0B3,2016,1,118.3
C0B3,2016,2,314.2
C0B3,2016,3,283.6
C0B3,2016,4,64
C0B3,2016,5,69.7
C0B3,2016,6,47
C0B3,2016,7,51.6
C0B3,2016,8,13.5
C0B3,2016,9,82.5
C0B3,2016,10,27.5
C0B3,2016,11,210.2
C0B3,2016,12,23.8
C037,2016,1,117.3
C037,2016,2,333.4
C037,2016,3,297.7
C037,2016,4,81.9
C037,2016,5,71.6
C037,2016,6,59.7
C037,2016,7,58.6
C037,2016,8,14.9
C037,2016,9,119
C037,2016,10,19.5
C037,2016,11,220.9
C037,2016,12,39.5
C0E5,2016,1,113.7
C0E5,2016,2,257.7
C0E5,2016,3,211.3
C0E5,2016,4,83.3
C0E5,2016,5,53.2
C0E5,2016,6,78.4
C0E5,2016,7,24.2
C0E5,2016,8,22.2
C0E5,2016,9,48.9
C0E5,2016,10,41.5
C0E5,2016,11,174.7
C0E5,2016,12,13
C0DB,2016,1,138.1
C0DB,2016,2,373
C0DB,2016,3,287
C0DB,2016,4,105.3
C0DB,2016,5,59.8
C0DB,2016,6,49.4
C0DB,2016,7,33
C0DB,2016,8,32.4
C0DB,2016,9,123.3
C0DB,2016,10,34.5
C0DB,2016,11,211.3
C0DB,2016,12,21.1
C0D3,2016,1,147.1
C0D3,2016,2,381.8
C0D3,2016,3,310.7
C0D3,2016,4,96.6
C0D3,2016,5,84.3
C0D3,2016,6,57.3
C0D3,2016,7,68.8
C0D3,2016,8,29.9
C0D3,2016,9,80.7
C0D3,2016,10,27.2
C0D3,2016,11,235.6
C0D3,2016,12,18.9
C0DD,2016,1,131.4
C0DD,2016,2,293
C0DD,2016,3,218.2
C0DD,2016,4,81.4
C0DD,2016,5,66.8
C0DD,2016,6,46.3
C0DD,2016,7,75.2
C0DD,2016,8,51.2
C0DD,2016,9,104.7
C0DD,2016,10,52.9
C0DD,2016,11,226.6
C0DD,2016,12,21.4
C0E9,2016,1,113.4
C0E9,2016,2,304.4
C0E9,2016,3,262.7
C0E9,2016,4,104.4
C0E9,2016,5,53.6
C0E9,2016,6,55
C0E9,2016,7,20.1
C0E9,2016,8,19.5
C0E9,2016,9,101.5
C0E9,2016,10,37.5
C0E9,2016,11,186.6
C0E9,2016,12,16.4
C078,2016,1,144.9
C078,2016,2,368.9
C078,2016,3,295.9
C078,2016,4,102.4
C078,2016,5,65.7
C078,2016,6,36.1
C078,2016,7,38.3
C078,2016,8,21.6
C078,2016,9,91.6
C078,2016,10,39.8
C078,2016,11,232.8
C078,2016,12,23.8
C052,2016,1,189.8
C052,2016,2,382.4
C052,2016,3,374.9
C052,2016,4,131.6
C052,2016,5,133.2
C052,2016,6,78.5
C052,2016,7,66
C052,2016,8,36.1
C052,2016,9,127.4
C052,2016,10,46.8
C052,2016,11,326.2
C052,2016,12,30.7
C0E1,2016,1,91
C0E1,2016,2,272.3
C0E1,2016,3,224.5
C0E1,2016,4,105.7
C0E1,2016,5,52.6
C0E1,2016,6,78.3
C0E1,2016,7,18.9
C0E1,2016,8,20.8
C0E1,2016,9,59
C0E1,2016,10,43.4
C0E1,2016,11,177.4
C0E1,2016,12,12.2
C077,2016,1,118.9
C077,2016,2,295.8
C077,2016,3,250.5
C077,2016,4,89.1
C077,2016,5,81.2
C077,2016,6,48.8
C077,2016,7,65.5
C077,2016,8,35.7
C077,2016,9,96
C077,2016,10,54.3
C077,2016,11,272.3
C077,2016,12,24.3
C080,2016,1,210.6
C080,2016,2,415.6
C080,2016,3,335.7
C080,2016,4,127.3
C080,2016,5,148
C080,2016,6,95.2
C080,2016,7,64.2
C080,2016,8,40
C080,2016,9,174.5
C080,2016,10,51.2
C080,2016,11,352.5
C080,2016,12,28.7
C0E8,2016,1,121.4
C0E8,2016,2,295.1
C0E8,2016,3,262.8
C0E8,2016,4,111.5
C0E8,2016,5,80.2
C0E8,2016,6,38.8
C0E8,2016,7,43.8
C0E8,2016,8,34.6
C0E8,2016,9,100.2
C0E8,2016,10,38.4
C0E8,2016,11,229.7
C0E8,2016,12,22.2
C023,2016,1,133.2
C023,2016,2,378.1
C023,2016,3,325.4
C023,2016,4,122.4
C023,2016,5,59.7
C023,2016,6,49.7
C023,2016,7,39.9
C023,2016,8,14.8
C023,2016,9,73.6
C023,2016,10,18.6
C023,2016,11,192.7
C023,2016,12,21.4
C084,2016,1,173.4
C084,2016,2,246.1
C084,2016,3,226.3
C084,2016,4,79.1
C084,2016,5,109
C084,2016,6,57.8
C084,2016,7,23.6
C084,2016,8,38.5
C084,2016,9,159.9
C084,2016,10,58.1
C084,2016,11,325.2
C084,2016,12,13.3
C0EA,2016,1,119.1
C0EA,2016,2,280
C0EA,2016,3,250.4
C0EA,2016,4,118
C0EA,2016,5,84.3
C0EA,2016,6,65.3
C0EA,2016,7,88.4
C0EA,2016,8,58.8
C0EA,2016,9,114.9
C0EA,2016,10,40.4
C0EA,2016,11,252.5
C0EA,2016,12,32.6
C026,2016,1,182.9
C026,2016,2,379.5
C026,2016,3,334.8
C026,2016,4,143.5
C026,2016,5,117.6
C026,2016,6,69
C026,2016,7,54.7
C026,2016,8,33.5
C026,2016,9,124.1
C026,2016,10,41.9
C026,2016,11,300
C026,2016,12,33.3
C058,2016,1,127.7
C058,2016,2,356.1
C058,2016,3,304.1
C058,2016,4,124.3
C058,2016,5,85.2
C058,2016,6,65.1
C058,2016,7,52.3
C058,2016,8,41.4
C058,2016,9,128.3
C058,2016,10,46.8
C058,2016,11,281.7
C058,2016,12,25.1
C0F0,2016,1,158
C0F0,2016,2,303.3
C0F0,2016,3,253.3
C0F0,2016,4,91.4
C0F0,2016,5,118.4
C0F0,2016,6,73.7
C0F0,2016,7,121
C0F0,2016,8,46.7
C0F0,2016,9,119.3
C0F0,2016,10,59.4
C0F0,2016,11,306.4
C0F0,2016,12,23
C0E7,2016,1,105.7
C0E7,2016,2,262.2
C0E7,2016,3,245.9
C0E7,2016,4,108.5
C0E7,2016,5,59.2
C0E7,2016,6,42.7
C0E7,2016,7,17.5
C0E7,2016,8,13.9
C0E7,2016,9,60.8
C0E7,2016,10,31
C0E7,2016,11,161.5
C0E7,2016,12,13
C0DC,2016,1,121.3
C0DC,2016,2,349.6
C0DC,2016,3,302.4
C0DC,2016,4,125.7
C0DC,2016,5,56
C0DC,2016,6,41.6
C0DC,2016,7,44.2
C0DC,2016,8,43.3
C0DC,2016,9,103.4
C0DC,2016,10,54.4
C0DC,2016,11,185.1
C0DC,2016,12,22.3
C0EC,2016,1,132.3
C0EC,2016,2,305.2
C0EC,2016,3,246.7
C0EC,2016,4,75.3
C0EC,2016,5,83.8
C0EC,2016,6,40.8
C0EC,2016,7,68
C0EC,2016,8,41.9
C0EC,2016,9,112.5
C0EC,2016,10,41.2
C0EC,2016,11,285.8
C0EC,2016,12,20.8
C0DE,2016,1,127.7
C0DE,2016,2,344.5
C0DE,2016,3,286.2
C0DE,2016,4,133.8
C0DE,2016,5,62.3
C0DE,2016,6,50.9
C0DE,2016,7,56.8
C0DE,2016,8,39.3
C0DE,2016,9,118.1
C0DE,2016,10,45.5
C0DE,2016,11,195
C0DE,2016,12,27.4
C017,2016,1,159.1
C017,2016,2,318.1
C017,2016,3,188.7
C017,2016,4,80.1
C017,2016,5,101.7
C017,2016,6,56.6
C017,2016,7,92.9
C017,2016,8,36.2
C017,2016,9,137.9
C017,2016,10,68.8
C017,2016,11,312.3
C017,2016,12,23.4
C0F4,2016,1,160.3
C0F4,2016,2,317.1
C0F4,2016,3,226.4
C0F4,2016,4,71.5
C0F4,2016,5,132.2
C0F4,2016,6,55.1
C0F4,2016,7,56.3
C0F4,2016,8,32.5
C0F4,2016,9,150.5
C0F4,2016,10,53.7
C0F4,2016,11,364.7
C0F4,2016,12,19.2
C0D1,2016,1,75.3
C0D1,2016,2,305.2
C0D1,2016,3,246.5
C0D1,2016,4,99.8
C0D1,2016,5,52.4
C0D1,2016,6,41.1
C0D1,2016,7,39.7
C0D1,2016,8,19.1
C0D1,2016,9,74.6
C0D1,2016,10,25
C0D1,2016,11,180.8
C0D1,2016,12,17.2
C043,2016,1,93.3
C043,2016,2,291.2
C043,2016,3,252.3
C043,2016,4,105.5
C043,2016,5,49.7
C043,2016,6,63
C043,2016,7,10.7
C043,2016,8,14.6
C043,2016,9,59.7
C043,2016,10,50.2
C043,2016,11,168.6
C043,2016,12,13.8
C0D2,2016,1,95.8
C0D2,2016,2,340.2
C0D2,2016,3,257.8
C0D2,2016,4,93.1
C0D2,2016,5,53.6
C0D2,2016,6,38.4
C0D2,2016,7,47.6
C0D2,2016,8,21
C0D2,2016,9,65.9
C0D2,2016,10,21.2
C0D2,2016,11,171
C0D2,2016,12,16
C0D0,2016,1,104.6
C0D0,2016,2,250.2
C0D0,2016,3,272.8
C0D0,2016,4,98.7
C0D0,2016,5,35.3
C0D0,2016,6,67.9
C0D0,2016,7,44.8
C0D0,2016,8,29.2
C0D0,2016,9,70.7
C0D0,2016,10,34.2
C0D0,2016,11,186.1
C0D0,2016,12,14.7
C064,2016,1,110.3
C064,2016,2,245.6
C064,2016,3,142.7
C064,2016,4,49.2
C064,2016,5,76.2
C064,2016,6,44
C064,2016,7,57.3
C064,2016,8,41
C064,2016,9,89.9
C064,2016,10,39.2
C064,2016,11,226.8
C064,2016,12,14.4
C028,2016,1,204.9
C028,2016,2,285.7
C028,2016,3,261.8
C028,2016,4,130.3
C028,2016,5,67.1
C028,2016,6,68.2
C028,2016,7,42
C028,2016,8,34.4
C028,2016,9,121.3
C028,2016,10,36.3
C028,2016,11,193.8
C028,2016,12,16.1
C029,2016,1,107.7
C029,2016,2,255.9
C029,2016,3,221.9
C029,2016,4,96.5
C029,2016,5,78.8
C029,2016,6,45
C029,2016,7,58.5
C029,2016,8,34.3
C029,2016,9,80.5
C029,2016,10,33.7
C029,2016,11,221.6
C029,2016,12,26.6
C076,2017,1,106.3
C076,2017,2,54.1
C076,2017,3,45.2
C076,2017,4,20.8
C076,2017,5,52.6
C076,2017,6,76
C076,2017,7,12.1
C076,2017,8,16.3
C076,2017,9,16
C076,2017,10,29
C076,2017,11,77.9
C076,2017,12,149.7
C056,2017,1,87.5
C056,2017,2,45.6
C056,2017,3,39.8
C056,2017,4,20.3
C056,2017,5,42.6
C056,2017,6,129.5
C056,2017,7,19.8
C056,2017,8,24.8
C056,2017,9,26.3
C056,2017,10,22.8
C056,2017,11,59.4
C056,2017,12,107.5
C035,2017,1,212.1
C035,2017,2,71.5
C035,2017,3,78.1
C035,2017,4,53.4
C035,2017,5,82.2
C035,2017,6,85.5
C035,2017,7,21
C035,2017,8,26.4
C035,2017,9,40.8
C035,2017,10,36.4
C035,2017,11,138.2
C035,2017,12,229
C016,2017,1,113.9
C016,2017,2,54.5
C016,2017,3,41.5
C016,2017,4,25.3
C016,2017,5,57.1
C016,2017,6,92.2
C016,2017,7,18.7
C016,2017,8,15.7
C016,2017,9,23.2
C016,2017,10,28.3
C016,2017,11,74.5
C016,2017,12,121.2
C034,2017,1,64.1
C034,2017,2,59.8
C034,2017,3,32.4
C034,2017,4,21
C034,2017,5,75.7
C034,2017,6,67.6
C034,2017,7,3.9
C034,2017,8,27.8
C034,2017,9,8.3
C034,2017,10,16.7
C034,2017,11,50.1
C034,2017,12,106.6
C0AA,2017,1,133.3
C0AA,2017,2,66.4
C0AA,2017,3,64.2
C0AA,2017,4,28.5
C0AA,2017,5,44.4
C0AA,2017,6,89.1
C0AA,2017,7,17.4
C0AA,2017,8,18.3
C0AA,2017,9,13.8
C0AA,2017,10,20
C0AA,2017,11,92
C0AA,2017,12,119.9
C067,2017,1,185
C067,2017,2,67
C067,2017,3,85.4
C067,2017,4,49.8
C067,2017,5,76.6
C067,2017,6,89.7
C067,2017,7,52.5
C067,2017,8,41.5
C067,2017,9,67.5
C067,2017,10,15.1
C067,2017,11,161
C067,2017,12,222.5
C044,2017,1,334.7
C044,2017,2,81.2
C044,2017,3,58.4
C044,2017,4,50.9
C044,2017,5,78.2
C044,2017,6,73.4
C044,2017,7,22.1
C044,2017,8,25.5
C044,2017,9,40.1
C044,2017,10,32
C044,2017,11,204.8
C044,2017,12,228
C048,2017,1,85
C048,2017,2,54.9
C048,2017,3,36.6
C048,2017,4,25.7
C048,2017,5,62.8
C048,2017,6,89
C048,2017,7,36.6
C048,2017,8,44
C048,2017,9,12.8
C048,2017,10,34.1
C048,2017,11,58.7
C048,2017,12,107
C068,2017,1,189.4
C068,2017,2,114.3
C068,2017,3,107.3
C068,2017,4,44.7
C068,2017,5,47.7
C068,2017,6,109.8
C068,2017,7,26.6
C068,2017,8,50.8
C068,2017,9,33.9
C068,2017,10,45.1
C068,2017,11,133.2
C068,2017,12,257.7
C024,2017,1,150.9
C024,2017,2,117.7
C024,2017,3,76.3
C024,2017,4,42.2
C024,2017,5,64.3
C024,2017,6,120.4
C024,2017,7,19.4
C024,2017,8,46.1
C024,2017,9,53.9
C024,2017,10,46.6
C024,2017,11,118.7
C024,2017,12,236.8
C0A0,2017,1,72.2
C0A0,2017,2,86.8
C0A0,2017,3,53.5
C0A0,2017,4,19.5
C0A0,2017,5,69.6
C0A0,2017,6,91.2
C0A0,2017,7,24.9
C0A0,2017,8,20.7
C0A0,2017,9,9.6
C0A0,2017,10,35.1
C0A0,2017,11,39.8
C0A0,2017,12,112.3
C047,2017,1,128.2
C047,2017,2,64.7
C047,2017,3,40.5
C047,2017,4,33.9
C047,2017,5,53.7
C047,2017,6,91.5
C047,2017,7,45.4
C047,2017,8,55.7
C047,2017,9,37.3
C047,2017,10,32.7
C047,2017,11,100.7
C047,2017,12,125.9
C031,2017,1,25.1
C031,2017,2,40.8
C031,2017,3,25.2
C031,2017,4,4.6
C031,2017,5,47.1
C031,2017,6,53.3
C031,2017,7,75.2
C031,2017,8,18.5
C031,2017,9,5.1
C031,2017,10,17.8
C031,2017,11,30.6
C031,2017,12,47.3
C041,2017,1,83.4
C041,2017,2,68.8
C041,2017,3,43.1
C041,2017,4,26
C041,2017,5,49.9
C041,2017,6,86.5
C041,2017,7,19.4
C041,2017,8,31.1
C041,2017,9,13.5
C041,2017,10,29.5
C041,2017,11,64.1
C041,2017,12,112.3
C055,2017,1,160.8
C055,2017,2,66.8
C055,2017,3,73.3
C055,2017,4,32.7
C055,2017,5,54.4
C055,2017,6,98.7
C055,2017,7,13.7
C055,2017,8,18.9
C055,2017,9,28.1
C055,2017,10,22.6
C055,2017,11,104.6
C055,2017,12,172.8
C060,2017,1,68.3
C060,2017,2,33.5
C060,2017,3,35.7
C060,2017,4,11.6
C060,2017,5,32.4
C060,2017,6,72.9
C060,2017,7,34.3
C060,2017,8,26
C060,2017,9,2.8
C060,2017,10,20.1
C060,2017,11,27.8
C060,2017,12,48.4
C030,2017,1,116
C030,2017,2,94.4
C030,2017,3,70.1
C030,2017,4,24.8
C030,2017,5,40.6
C030,2017,6,119.3
C030,2017,7,17.9
C030,2017,8,52.6
C030,2017,9,24.9
C030,2017,10,27.5
C030,2017,11,72.7
C030,2017,12,156.7
C051,2017,1,134.9
C051,2017,2,53.4
C051,2017,3,54.5
C051,2017,4,43.9
C051,2017,5,63.4
C051,2017,6,94.8
C051,2017,7,22.9
C051,2017,8,26.8
C051,2017,9,32.7
C051,2017,10,17.6
C051,2017,11,102.7
C051,2017,12,187.7
C0A0,2017,1,266
C0A0,2017,2,82.8
C0A0,2017,3,95
C0A0,2017,4,48.4
C0A0,2017,5,101.8
C0A0,2017,6,85.5
C0A0,2017,7,20.1
C0A0,2017,8,26.6
C0A0,2017,9,52.1
C0A0,2017,10,35.8
C0A0,2017,11,169.7
C0A0,2017,12,265.3
C049,2017,1,102.9
C049,2017,2,38.7
C049,2017,3,41.5
C049,2017,4,21.6
C049,2017,5,60.2
C049,2017,6,79.3
C049,2017,7,5.2
C049,2017,8,19.6
C049,2017,9,8.1
C049,2017,10,26.9
C049,2017,11,84.8
C049,2017,12,75.1
C00B,2017,4,28.7
C00B,2017,5,72.9
C00B,2017,6,68.3
C00B,2017,7,7.4
C00B,2017,8,21.4
C00B,2017,9,18.2
C00B,2017,10,23.7
C00B,2017,11,89.1
C00B,2017,12,138.4
C020,2017,1,50.8
C020,2017,2,47.1
C020,2017,3,50.4
C020,2017,4,19
C020,2017,5,50.4
C020,2017,6,62.1
C020,2017,7,9.1
C020,2017,8,22.4
C020,2017,9,10
C020,2017,10,26
C020,2017,11,36.4
C020,2017,12,90.7
C070,2017,1,70.2
C070,2017,2,31.6
C070,2017,3,27.7
C070,2017,4,21.6
C070,2017,5,45.8
C070,2017,6,70
C070,2017,7,12.1
C070,2017,8,21.4
C070,2017,9,20.7
C070,2017,10,35.4
C070,2017,11,45.7
C070,2017,12,106.5
C050,2017,1,27.4
C050,2017,2,34
C050,2017,3,23.4
C050,2017,4,11.9
C050,2017,5,51.5
C050,2017,6,50
C050,2017,7,17.1
C050,2017,8,20.6
C050,2017,9,6
C050,2017,10,23.2
C050,2017,11,32.4
C050,2017,12,72.2
C0B1,2017,1,216.9
C0B1,2017,2,76.9
C0B1,2017,3,111.5
C0B1,2017,4,76.6
C0B1,2017,5,71
C0B1,2017,6,68.7
C0B1,2017,7,60.9
C0B1,2017,8,65.1
C0B1,2017,9,85.8
C0B1,2017,10,29.3
C0B1,2017,11,250.8
C0B1,2017,12,273.5
C079,2017,1,188.2
C079,2017,2,112
C079,2017,3,101.6
C079,2017,4,78.3
C079,2017,5,66.2
C079,2017,6,73.9
C079,2017,7,70.4
C079,2017,8,55.2
C079,2017,9,115.1
C079,2017,10,18
C079,2017,11,193.4
C079,2017,12,327.2
C0C1,2017,1,157.5
C0C1,2017,2,71
C0C1,2017,3,75.3
C0C1,2017,4,48.6
C0C1,2017,5,84.4
C0C1,2017,6,74.1
C0C1,2017,7,21.2
C0C1,2017,8,47.5
C0C1,2017,9,67.3
C0C1,2017,10,17.7
C0C1,2017,11,159.8
C0C1,2017,12,249.1
C061,2017,1,191.6
C061,2017,2,80.4
C061,2017,3,107.1
C061,2017,4,86.3
C061,2017,5,84.2
C061,2017,6,78.7
C061,2017,7,48.7
C061,2017,8,73.2
C061,2017,9,109.6
C061,2017,10,30.7
C061,2017,11,233.5
C061,2017,12,254.6
C032,2017,1,190.4
C032,2017,2,67.1
C032,2017,3,82.5
C032,2017,4,59.9
C032,2017,5,74.4
C032,2017,6,79.9
C032,2017,7,50.3
C032,2017,8,45.9
C032,2017,9,61.7
C032,2017,10,23.1
C032,2017,11,178.7
C032,2017,12,245
C002,2017,1,135.6
C002,2017,2,91.5
C002,2017,3,122.9
C002,2017,4,72.2
C002,2017,5,49.5
C002,2017,6,57.1
C002,2017,7,44.9
C002,2017,8,101.2
C002,2017,9,125
C002,2017,10,32.1
C002,2017,11,158.5
C002,2017,12,275.9
C0C2,2017,1,169.3
C0C2,2017,2,88.4
C0C2,2017,3,68.9
C0C2,2017,4,60.1
C0C2,2017,5,71.7
C0C2,2017,6,80.3
C0C2,2017,7,37
C0C2,2017,8,34.6
C0C2,2017,9,70.6
C0C2,2017,10,15.7
C0C2,2017,11,161.1
C0C2,2017,12,293.3
C069,2017,1,138.2
C069,2017,2,92.2
C069,2017,3,133.3
C069,2017,4,72.3
C069,2017,5,72.2
C069,2017,6,71.6
C069,2017,7,55.3
C069,2017,8,101.4
C069,2017,9,219
C069,2017,10,32.7
C069,2017,11,173
C069,2017,12,291.3
C0B6,2017,1,227.6
C0B6,2017,2,121.8
C0B6,2017,3,126.3
C0B6,2017,4,81.5
C0B6,2017,5,89
C0B6,2017,6,79
C0B6,2017,7,55.3
C0B6,2017,8,46
C0B6,2017,9,96.3
C0B6,2017,10,23.1
C0B6,2017,11,193.5
C0B6,2017,12,306.1
C0BE,2017,1,227.8
C0BE,2017,2,85.4
C0BE,2017,3,120.6
C0BE,2017,4,68.9
C0BE,2017,5,91.3
C0BE,2017,6,64.1
C0BE,2017,7,46.9
C0BE,2017,8,95.3
C0BE,2017,9,122.1
C0BE,2017,10,56.5
C0BE,2017,11,192.3
C0BE,2017,12,273.2
C065,2017,1,284.5
C065,2017,2,82.6
C065,2017,3,74.1
C065,2017,4,64.5
C065,2017,5,75.6
C065,2017,6,60.5
C065,2017,7,39
C065,2017,8,46.6
C065,2017,9,120.1
C065,2017,10,19.6
C065,2017,11,204.5
C065,2017,12,271.2
C003,2017,1,222.4
C003,2017,2,99.7
C003,2017,3,136.7
C003,2017,4,75.5
C003,2017,5,68.8
C003,2017,6,73.2
C003,2017,7,73.9
C003,2017,8,70.1
C003,2017,9,151.2
C003,2017,10,28
C003,2017,11,197.5
C003,2017,12,286.7
C039,2017,1,176
C039,2017,2,78.8
C039,2017,3,99.5
C039,2017,4,60
C039,2017,5,53
C039,2017,6,66.7
C039,2017,7,34.2
C039,2017,8,56.8
C039,2017,9,73.6
C039,2017,10,16.6
C039,2017,11,197.6
C039,2017,12,241.8
C075,2017,1,224
C075,2017,2,121.8
C075,2017,3,141.9
C075,2017,4,67.7
C075,2017,5,90.1
C075,2017,6,75.1
C075,2017,7,53.4
C075,2017,8,46.3
C075,2017,9,84.2
C075,2017,10,49.4
C075,2017,11,189
C075,2017,12,312.7
C074,2017,1,206.1
C074,2017,2,109.1
C074,2017,3,93
C074,2017,4,72.5
C074,2017,5,79.9
C074,2017,6,86.5
C074,2017,7,60.9
C074,2017,8,48.3
C074,2017,9,85.9
C074,2017,10,30.8
C074,2017,11,154.8
C074,2017,12,268.5
C009,2017,8,61.7
C009,2017,9,95.9
C009,2017,10,28.4
C009,2017,11,214.2
C009,2017,12,312.2
C038,2017,1,147.2
C038,2017,2,94.6
C038,2017,3,110.6
C038,2017,4,36.8
C038,2017,5,58
C038,2017,6,87.4
C038,2017,7,41.9
C038,2017,8,64.1
C038,2017,9,94.3
C038,2017,10,23
C038,2017,11,216.1
C038,2017,12,254.7
C033,2017,1,259.6
C033,2017,2,78.5
C033,2017,3,111.4
C033,2017,4,91.5
C033,2017,5,80.9
C033,2017,6,69.7
C033,2017,7,69.6
C033,2017,8,45.1
C033,2017,9,91.4
C033,2017,10,32.8
C033,2017,11,207.6
C033,2017,12,265.2
C0BD,2017,1,244.4
C0BD,2017,2,131.8
C0BD,2017,3,142.4
C0BD,2017,4,75.1
C0BD,2017,5,93.8
C0BD,2017,6,71
C0BD,2017,7,55.3
C0BD,2017,8,72.1
C0BD,2017,9,121.6
C0BD,2017,10,41.7
C0BD,2017,11,220
C0BD,2017,12,384.4
C036,2017,1,244.2
C036,2017,2,105.5
C036,2017,3,110.2
C036,2017,4,55.9
C036,2017,5,85.4
C036,2017,6,59.4
C036,2017,7,67.1
C036,2017,8,56.6
C036,2017,9,94.5
C036,2017,10,19.3
C036,2017,11,163.4
C036,2017,12,290.9
C045,2017,1,174.4
C045,2017,2,63.4
C045,2017,3,69.5
C045,2017,4,59.4
C045,2017,5,64.6
C045,2017,6,96
C045,2017,7,46.3
C045,2017,8,38.4
C045,2017,9,102.2
C045,2017,10,24.3
C045,2017,11,141.8
C045,2017,12,291.8
C0B7,2017,1,228.6
C0B7,2017,2,119.6
C0B7,2017,3,101
C0B7,2017,4,75.5
C0B7,2017,5,88.4
C0B7,2017,6,76.9
C0B7,2017,7,59.5
C0B7,2017,8,62.4
C0B7,2017,9,102.2
C0B7,2017,10,21.8
C0B7,2017,11,186.4
C0B7,2017,12,290.6
C019,2017,1,83.8
C019,2017,2,71.5
C019,2017,3,132.5
C019,2017,4,60.4
C019,2017,5,79.5
C019,2017,6,82.4
C019,2017,7,69.3
C019,2017,8,112.8
C019,2017,9,233.5
C019,2017,10,39.9
C019,2017,11,153.8
C019,2017,12,215.2
C057,2017,1,155.5
C057,2017,2,86.1
C057,2017,3,135.9
C057,2017,4,59.4
C057,2017,5,59.7
C057,2017,6,62.2
C057,2017,7,40.5
C057,2017,8,57.3
C057,2017,9,180.3
C057,2017,10,32
C057,2017,11,200.5
C057,2017,12,290.6
C063,2017,1,198.8
C063,2017,2,99.5
C063,2017,3,121.8
C063,2017,4,73.2
C063,2017,5,77.9
C063,2017,6,56.3
C063,2017,7,51.3
C063,2017,8,61.2
C063,2017,9,120.4
C063,2017,10,24
C063,2017,11,178.8
C063,2017,12,314.2
C046,2017,1,162.3
C046,2017,2,50.9
C046,2017,3,74.1
C046,2017,4,47
C046,2017,5,94.9
C046,2017,6,77.4
C046,2017,7,65.6
C046,2017,8,95.6
C046,2017,9,108.2
C046,2017,10,56.4
C046,2017,11,157.4
C046,2017,12,185.5
C0BA,2017,1,161.2
C0BA,2017,2,99
C0BA,2017,3,114.5
C0BA,2017,4,63
C0BA,2017,5,84.9
C0BA,2017,6,62.9
C0BA,2017,7,46.1
C0BA,2017,8,104.2
C0BA,2017,9,130
C0BA,2017,10,53.2
C0BA,2017,11,175.8
C0BA,2017,12,263.9
C059,2017,1,193.6
C059,2017,2,79.3
C059,2017,3,66.2
C059,2017,4,52.9
C059,2017,5,65.8
C059,2017,6,88.9
C059,2017,7,38
C059,2017,8,44.6
C059,2017,9,69.6
C059,2017,10,14.9
C059,2017,11,212
C059,2017,12,310.4
C072,2017,1,206
C072,2017,2,57.7
C072,2017,3,48.5
C072,2017,4,56.5
C072,2017,5,90.2
C072,2017,6,106.5
C072,2017,7,52.5
C072,2017,8,49.7
C072,2017,9,55
C072,2017,10,38.9
C072,2017,11,138.8
C072,2017,12,177.7
C0B4,2017,1,180.5
C0B4,2017,2,74.7
C0B4,2017,3,78.4
C0B4,2017,4,56.2
C0B4,2017,5,86.6
C0B4,2017,6,92.2
C0B4,2017,7,45.7
C0B4,2017,8,38.8
C0B4,2017,9,54.9
C0B4,2017,10,22.9
C0B4,2017,11,164.2
C0B4,2017,12,237.8
C054,2017,1,292.5
C054,2017,2,103.7
C054,2017,3,88.7
C054,2017,4,75.4
C054,2017,5,72.6
C054,2017,6,71.4
C054,2017,7,39.9
C054,2017,8,41.7
C054,2017,9,81.4
C054,2017,10,34.5
C054,2017,11,222
C054,2017,12,251.4
C042,2017,1,94.4
C042,2017,2,69.5
C042,2017,3,62
C042,2017,4,41.7
C042,2017,5,71.4
C042,2017,6,63.9
C042,2017,7,28.8
C042,2017,8,64.6
C042,2017,9,115.6
C042,2017,10,22.8
C042,2017,11,201.7
C042,2017,12,220.9
C0B9,2017,1,184.2
C0B9,2017,2,79.9
C0B9,2017,3,117.3
C0B9,2017,4,68.4
C0B9,2017,5,64.7
C0B9,2017,6,80.2
C0B9,2017,7,49.5
C0B9,2017,8,68.9
C0B9,2017,9,98.9
C0B9,2017,10,30.1
C0B9,2017,11,241
C0B9,2017,12,277.4
C0C3,2017,1,233.6
C0C3,2017,2,73
C0C3,2017,3,97
C0C3,2017,4,56.4
C0C3,2017,5,59.4
C0C3,2017,6,68.5
C0C3,2017,7,51.9
C0C3,2017,8,52
C0C3,2017,9,79
C0C3,2017,10,18.6
C0C3,2017,11,197.3
C0C3,2017,12,280.6
C022,2017,1,254.6
C022,2017,2,113.2
C022,2017,3,97.5
C022,2017,4,82.7
C022,2017,5,87.3
C022,2017,6,120.4
C022,2017,7,68.9
C022,2017,8,74.5
C022,2017,9,120.1
C022,2017,10,32.1
C022,2017,11,206.4
C022,2017,12,293.4
C0B3,2017,1,227.1
C0B3,2017,2,85.1
C0B3,2017,3,111.5
C0B3,2017,4,89.3
C0B3,2017,5,72.4
C0B3,2017,6,80.4
C0B3,2017,7,58.4
C0B3,2017,8,56.2
C0B3,2017,9,100.9
C0B3,2017,10,26.9
C0B3,2017,11,198.2
C0B3,2017,12,274.9
C037,2017,1,259.2
C037,2017,2,79.6
C037,2017,3,120.5
C037,2017,4,83.7
C037,2017,5,94.7
C037,2017,6,78.7
C037,2017,7,62.8
C037,2017,8,68
C037,2017,9,99.5
C037,2017,10,31.3
C037,2017,11,232.1
C037,2017,12,251
C0E5,2017,1,186
C0E5,2017,2,86.1
C0E5,2017,3,80
C0E5,2017,4,47.8
C0E5,2017,5,56.5
C0E5,2017,6,133.8
C0E5,2017,7,36.9
C0E5,2017,8,86.6
C0E5,2017,9,59.3
C0E5,2017,10,39.8
C0E5,2017,11,122.8
C0E5,2017,12,177.6
C0DB,2017,1,275.2
C0DB,2017,2,125.8
C0DB,2017,3,130.4
C0DB,2017,4,74.9
C0DB,2017,5,70.6
C0DB,2017,6,69
C0DB,2017,7,59.3
C0DB,2017,8,74.8
C0DB,2017,9,75.7
C0DB,2017,10,46.8
C0DB,2017,11,196.8
C0DB,2017,12,278.6
C0D3,2017,1,193.5
C0D3,2017,2,115.7
C0D3,2017,3,129.1
C0D3,2017,4,69.3
C0D3,2017,5,85.7
C0D3,2017,6,75.6
C0D3,2017,7,58.9
C0D3,2017,8,63.4
C0D3,2017,9,104.9
C0D3,2017,10,52.5
C0D3,2017,11,177.1
C0D3,2017,12,283.4
C0DD,2017,1,207.5
C0DD,2017,2,99.6
C0DD,2017,3,139.4
C0DD,2017,4,81.9
C0DD,2017,5,85.6
C0DD,2017,6,74.2
C0DD,2017,7,53.7
C0DD,2017,8,126.6
C0DD,2017,9,127.8
C0DD,2017,10,46.4
C0DD,2017,11,206
C0DD,2017,12,274.9
C0E9,2017,1,295.8
C0E9,2017,2,94.6
C0E9,2017,3,116.4
C0E9,2017,4,55.4
C0E9,2017,5,48.8
C0E9,2017,6,73.6
C0E9,2017,7,44.2
C0E9,2017,8,81.8
C0E9,2017,9,81.2
C0E9,2017,10,61.9
C0E9,2017,11,214.3
C0E9,2017,12,256.5
C078,2017,1,300.4
C078,2017,2,108.3
C078,2017,3,169.5
C078,2017,4,71.1
C078,2017,5,83.5
C078,2017,6,63
C078,2017,7,55.1
C078,2017,8,100.5
C078,2017,9,120.5
C078,2017,10,59
C078,2017,11,211.2
C078,2017,12,285.9
C052,2017,1,398.1
C052,2017,2,137.1
C052,2017,3,219.5
C052,2017,4,93.8
C052,2017,5,81.5
C052,2017,6,116.1
C052,2017,7,83.5
C052,2017,8,122.6
C052,2017,9,155.9
C052,2017,10,58.5
C052,2017,11,364.7
C052,2017,12,373.5
C0E1,2017,1,200
C0E1,2017,2,87.4
C0E1,2017,3,87.7
C0E1,2017,4,46.4
C0E1,2017,5,52.5
C0E1,2017,6,114.7
C0E1,2017,7,31.4
C0E1,2017,8,90
C0E1,2017,9,52.5
C0E1,2017,10,44.1
C0E1,2017,11,143.5
C0E1,2017,12,205.9
C077,2017,1,294.1
C077,2017,2,93.3
C077,2017,3,184.4
C077,2017,4,76.7
C077,2017,5,63.5
C077,2017,6,85.9
C077,2017,7,52.9
C077,2017,8,111.6
C077,2017,9,118.2
C077,2017,10,72.7
C077,2017,11,332.4
C077,2017,12,291.8
C080,2017,1,365.4
C080,2017,2,147.1
C080,2017,3,262.8
C080,2017,4,114.5
C080,2017,5,91.7
C080,2017,6,131.3
C080,2017,7,104.3
C080,2017,8,150.2
C080,2017,9,215.1
C080,2017,10,81.1
C080,2017,11,336.4
C080,2017,12,323.9
C0E8,2017,1,330.9
C0E8,2017,2,116.9
C0E8,2017,3,153.2
C0E8,2017,4,63.3
C0E8,2017,5,50.3
C0E8,2017,6,89.4
C0E8,2017,7,41
C0E8,2017,8,107.2
C0E8,2017,9,108
C0E8,2017,10,72
C0E8,2017,11,273.6
C0E8,2017,12,248.5
C023,2017,1,297.2
C023,2017,2,145.2
C023,2017,3,131.5
C023,2017,4,79.7
C023,2017,5,57
C023,2017,6,78.1
C023,2017,7,36.2
C023,2017,8,36.7
C023,2017,9,62.6
C023,2017,10,38.7
C023,2017,11,170
C023,2017,12,275.3
C084,2017,1,139.4
C084,2017,2,107.6
C084,2017,3,130.7
C084,2017,4,75.7
C084,2017,5,76.8
C084,2017,6,105.1
C084,2017,7,52.2
C084,2017,8,115.5
C084,2017,9,236.1
C084,2017,10,51
C084,2017,11,278.1
C084,2017,12,227.8
C0EA,2017,1,306.1
C0EA,2017,2,112.6
C0EA,2017,3,164.8
C0EA,2017,4,83.5
C0EA,2017,5,53
C0EA,2017,6,100.7
C0EA,2017,7,54.5
C0EA,2017,8,101.7
C0EA,2017,9,107.4
C0EA,2017,10,90.5
C0EA,2017,11,291.4
C0EA,2017,12,271.7
C026,2017,1,455.5
C026,2017,2,131.6
C026,2017,3,205.5
C026,2017,4,84.5
C026,2017,5,69.5
C026,2017,6,113.4
C026,2017,7,82.8
C026,2017,8,119.4
C026,2017,9,142.4
C026,2017,10,86
C026,2017,11,386.6
C026,2017,12,340.3
C058,2017,1,418.8
C058,2017,2,105.8
C058,2017,3,199.3
C058,2017,4,71.4
C058,2017,5,64.5
C058,2017,6,98.9
C058,2017,7,62.4
C058,2017,8,119.7
C058,2017,9,131.1
C058,2017,10,107.4
C058,2017,11,336.3
C058,2017,12,299.7
C0F0,2017,1,246.9
C0F0,2017,2,96.3
C0F0,2017,3,176.6
C0F0,2017,4,90.1
C0F0,2017,5,95.1
C0F0,2017,6,126.3
C0F0,2017,7,73.3
C0F0,2017,8,185
C0F0,2017,9,146.6
C0F0,2017,10,70.5
C0F0,2017,11,293.7
C0F0,2017,12,271.2
C0F1,2017,10,64.5
C0F1,2017,11,403
C0F1,2017,12,419.9
C0E7,2017,1,239.7
C0E7,2017,2,91.3
C0E7,2017,3,104.8
C0E7,2017,4,41.7
C0E7,2017,5,58.5
C0E7,2017,6,80.5
C0E7,2017,7,37
C0E7,2017,8,84.9
C0E7,2017,9,46.9
C0E7,2017,10,31.8
C0E7,2017,11,150
C0E7,2017,12,238.5
C0DC,2017,1,356.4
C0DC,2017,2,95.2
C0DC,2017,3,146
C0DC,2017,4,74.2
C0DC,2017,5,62.1
C0DC,2017,6,72.3
C0DC,2017,7,41.8
C0DC,2017,8,96.3
C0DC,2017,9,91.6
C0DC,2017,10,44.3
C0DC,2017,11,235.6
C0DC,2017,12,291.8
C0EC,2017,1,230.6
C0EC,2017,2,92.6
C0EC,2017,3,156.8
C0EC,2017,4,79.4
C0EC,2017,5,70.5
C0EC,2017,6,71.8
C0EC,2017,7,64.6
C0EC,2017,8,150.8
C0EC,2017,9,121.6
C0EC,2017,10,63.8
C0EC,2017,11,267.9
C0EC,2017,12,258.5
C0DE,2017,1,270.7
C0DE,2017,2,97.2
C0DE,2017,3,149.1
C0DE,2017,4,61.7
C0DE,2017,5,63.6
C0DE,2017,6,92
C0DE,2017,7,65.7
C0DE,2017,8,84.5
C0DE,2017,9,81.1
C0DE,2017,10,37.5
C0DE,2017,11,188.3
C0DE,2017,12,271.5
C017,2017,1,164.1
C017,2017,2,104.8
C017,2017,3,150
C017,2017,4,63
C017,2017,5,74.3
C017,2017,6,137.4
C017,2017,7,64.9
C017,2017,8,115.9
C017,2017,9,154.1
C017,2017,10,74.4
C017,2017,11,270.6
C017,2017,12,248.1
C0F4,2017,1,185.7
C0F4,2017,2,99
C0F4,2017,3,153.1
C0F4,2017,4,79.3
C0F4,2017,5,87.6
C0F4,2017,6,94.7
C0F4,2017,7,66.4
C0F4,2017,8,141.5
C0F4,2017,9,177.2
C0F4,2017,10,58.6
C0F4,2017,11,237.4
C0F4,2017,12,255.8
C0D1,2017,1,204.3
C0D1,2017,2,101.3
C0D1,2017,3,107.8
C0D1,2017,4,58.7
C0D1,2017,5,58.3
C0D1,2017,6,76.4
C0D1,2017,7,38.4
C0D1,2017,8,34.7
C0D1,2017,9,52.5
C0D1,2017,10,40
C0D1,2017,11,154.1
C0D1,2017,12,242.6
C043,2017,1,244.3
C043,2017,2,94.3
C043,2017,3,88.2
C043,2017,4,45.8
C043,2017,5,51.6
C043,2017,6,88.5
C043,2017,7,48.9
C043,2017,8,92.5
C043,2017,9,51
C043,2017,10,42.4
C043,2017,11,154.6
C043,2017,12,229.3
C0D2,2017,1,205.9
C0D2,2017,2,111.9
C0D2,2017,3,105.6
C0D2,2017,4,68.2
C0D2,2017,5,57.5
C0D2,2017,6,65.9
C0D2,2017,7,40.8
C0D2,2017,8,39.8
C0D2,2017,9,61.8
C0D2,2017,10,39.8
C0D2,2017,11,173.1
C0D2,2017,12,263.3
C0D0,2017,1,189.5
C0D0,2017,2,98.7
C0D0,2017,3,118.5
C0D0,2017,4,54.7
C0D0,2017,5,62.7
C0D0,2017,6,104.5
C0D0,2017,7,73.4
C0D0,2017,8,45.5
C0D0,2017,9,54.5
C0D0,2017,10,35.4
C0D0,2017,11,130.8
C0D0,2017,12,218.8
C064,2017,1,93.9
C064,2017,2,62.6
C064,2017,3,105.9
C064,2017,4,51.9
C064,2017,5,64.3
C064,2017,6,64.8
C064,2017,7,39.9
C064,2017,8,105.1
C064,2017,9,102.5
C064,2017,10,63.6
C064,2017,11,198.9
C064,2017,12,233.5
C028,2017,1,229.5
C028,2017,2,153.6
C028,2017,3,113.2
C028,2017,4,73
C028,2017,5,66.7
C028,2017,6,130.2
C028,2017,7,42.1
C028,2017,8,61.8
C028,2017,9,36.6
C028,2017,10,40.7
C028,2017,11,150.2
C028,2017,12,233.8
C029,2017,1,305.7
C029,2017,2,106
C029,2017,3,146.4
C029,2017,4,75.5
C029,2017,5,66.9
C029,2017,6,76.9
C029,2017,7,48.3
C029,2017,8,122.1
C029,2017,9,110.7
C029,2017,10,73.4
C029,2017,11,281.7
C029,2017,12,244.8
C076,2018,1,140.3
C076,2018,2,96.5
C076,2018,3,96.3
C076,2018,4,123.6
C076,2018,5,53.2
C076,2018,6,40.6
C076,2018,7,66.7
C076,2018,8,2.5
C076,2018,9,10.7
C076,2018,10,93
C076,2018,11,69.9
C076,2018,12,21
C056,2018,1,122.5
C056,2018,2,71.8
C056,2018,3,86.3
C056,2018,4,104.4
C056,2018,5,76.2
C056,2018,6,44.1
C056,2018,7,48.4
C056,2018,8,0.8
C056,2018,9,12.1
C056,2018,10,77.6
C056,2018,11,67
C056,2018,12,34.7
C035,2018,1,194.2
C035,2018,2,257.4
C035,2018,3,122.6
C035,2018,4,181.5
C035,2018,5,92.9
C035,2018,6,41.8
C035,2018,7,80.2
C035,2018,8,10.6
C035,2018,9,6.1
C035,2018,10,171.7
C035,2018,11,80.3
C035,2018,12,37.7
C016,2018,1,125.2
C016,2018,2,78.9
C016,2018,3,100.7
C016,2018,4,113.3
C016,2018,5,65.7
C016,2018,6,55.9
C016,2018,7,82.1
C016,2018,8,5
C016,2018,9,26.9
C016,2018,10,78.5
C016,2018,11,62.6
C016,2018,12,21.2
C034,2018,1,92.4
C034,2018,2,64.5
C034,2018,3,68.7
C034,2018,4,89.2
C034,2018,5,88.1
C034,2018,6,36.5
C034,2018,7,113.7
C034,2018,8,0.2
C034,2018,9,3.3
C034,2018,10,57.9
C034,2018,11,75.9
C034,2018,12,24.4
C0AA,2018,1,123.7
C0AA,2018,2,71.4
C0AA,2018,3,68.7
C0AA,2018,4,105.6
C0AA,2018,5,79.5
C0AA,2018,6,47.6
C0AA,2018,7,65.7
C0AA,2018,8,0.4
C0AA,2018,9,25
C0AA,2018,10,81.3
C0AA,2018,11,88.8
C0AA,2018,12,37.1
C067,2018,1,215.4
C067,2018,2,228.6
C067,2018,3,137
C067,2018,4,147
C067,2018,5,88
C067,2018,6,75
C067,2018,7,74.6
C067,2018,8,12.1
C067,2018,9,9.6
C067,2018,10,160.3
C067,2018,11,69.4
C067,2018,12,31.7
C044,2018,1,199.5
C044,2018,2,234.2
C044,2018,3,133.4
C044,2018,4,160.8
C044,2018,5,79.8
C044,2018,6,42.6
C044,2018,7,47.7
C044,2018,8,4.1
C044,2018,9,12.8
C044,2018,10,155.5
C044,2018,11,103.3
C044,2018,12,41.2
C048,2018,1,81.6
C048,2018,2,88.9
C048,2018,3,77.6
C048,2018,4,95.6
C048,2018,5,66.4
C048,2018,6,40.3
C048,2018,7,72.3
C048,2018,8,4.5
C048,2018,9,33
C048,2018,10,83.4
C048,2018,11,77.6
C048,2018,12,27.6
C068,2018,1,251.3
C068,2018,2,175.1
C068,2018,3,116
C068,2018,4,157.6
C068,2018,5,89.5
C068,2018,6,46
C068,2018,7,104.3
C068,2018,8,8.8
C068,2018,9,13.7
C068,2018,10,106.4
C068,2018,11,112.9
C068,2018,12,67.7
C024,2018,1,218.7
C024,2018,2,138.9
C024,2018,3,141
C024,2018,4,154.3
C024,2018,5,114.4
C024,2018,6,54.2
C024,2018,7,88.3
C024,2018,8,13.1
C024,2018,9,17.3
C024,2018,10,89.5
C024,2018,11,89.4
C024,2018,12,35.9
C0A0,2018,1,143.3
C0A0,2018,2,46.7
C0A0,2018,3,85.5
C0A0,2018,4,166.7
C0A0,2018,5,70.9
C0A0,2018,6,33.8
C0A0,2018,7,63.7
C0A0,2018,8,0.1
C0A0,2018,9,15.4
C0A0,2018,10,67.1
C0A0,2018,11,90.4
C0A0,2018,12,37.1
C047,2018,1,187.1
C047,2018,2,114
C047,2018,3,104.3
C047,2018,4,139.6
C047,2018,5,110.2
C047,2018,6,47.3
C047,2018,7,70
C047,2018,8,7.7
C047,2018,9,53.6
C047,2018,10,119.5
C047,2018,11,98.6
C047,2018,12,26.6
C031,2018,1,67.4
C031,2018,2,31.4
C031,2018,3,42.3
C031,2018,4,89.7
C031,2018,5,57.1
C031,2018,6,29.1
C031,2018,7,106.4
C031,2018,8,0
C031,2018,9,44.7
C031,2018,10,33.9
C031,2018,11,54.3
C031,2018,12,21
C041,2018,1,137.8
C041,2018,2,79.1
C041,2018,3,101
C041,2018,4,137.8
C041,2018,5,99.2
C041,2018,6,56.8
C041,2018,7,43.1
C041,2018,8,0.9
C041,2018,9,21.6
C041,2018,10,72.6
C041,2018,11,85
C041,2018,12,28.5
C055,2018,1,185.8
C055,2018,2,145
C055,2018,3,102.8
C055,2018,4,143.2
C055,2018,5,67.6
C055,2018,6,55.6
C055,2018,7,76.2
C055,2018,8,0.2
C055,2018,9,13.9
C055,2018,10,90.8
C055,2018,11,112.9
C055,2018,12,44.9
C060,2018,1,58
C060,2018,2,22.6
C060,2018,3,44.5
C060,2018,4,95.9
C060,2018,5,47.5
C060,2018,6,37.4
C060,2018,7,59.4
C060,2018,8,0
C060,2018,9,35.5
C060,2018,10,41.8
C060,2018,11,67.2
C060,2018,12,28.2
C030,2018,1,172.8
C030,2018,2,103.8
C030,2018,3,96.1
C030,2018,4,145.4
C030,2018,5,79.3
C030,2018,6,85.7
C030,2018,7,84
C030,2018,8,0.8
C030,2018,9,16.8
C030,2018,10,85.6
C030,2018,11,97.7
C030,2018,12,53.4
C051,2018,1,159.1
C051,2018,2,159.4
C051,2018,3,130
C051,2018,4,120.3
C051,2018,5,75.7
C051,2018,6,67.8
C051,2018,7,51.3
C051,2018,8,11.7
C051,2018,9,2.9
C051,2018,10,119.6
C051,2018,11,56.9
C051,2018,12,28.1
C0A0,2018,1,232.4
C0A0,2018,2,263.3
C0A0,2018,3,161.1
C0A0,2018,4,210.5
C0A0,2018,5,99.6
C0A0,2018,6,60
C0A0,2018,7,66.1
C0A0,2018,8,5.5
C0A0,2018,9,8.5
C0A0,2018,10,192.4
C0A0,2018,11,97.3
C0A0,2018,12,43.9
C049,2018,1,107
C049,2018,2,85.8
C049,2018,3,76
C049,2018,4,103.8
C049,2018,5,69.2
C049,2018,6,27.1
C049,2018,7,65.3
C049,2018,8,2.9
C049,2018,9,13.8
C049,2018,10,98
C049,2018,11,73.7
C049,2018,12,28.5
C00B,2018,1,115.7
C00B,2018,2,100.4
C00B,2018,3,98.2
C00B,2018,4,87.2
C00B,2018,5,71.9
C00B,2018,6,69.2
C00B,2018,7,74.9
C00B,2018,8,1.2
C00B,2018,9,6.4
C00B,2018,10,75.9
C00B,2018,11,82.2
C00B,2018,12,23.6
C020,2018,1,119.5
C020,2018,2,41.5
C020,2018,3,65.6
C020,2018,4,83.1
C020,2018,5,54.2
C020,2018,6,46.5
C020,2018,7,59
C020,2018,8,0.2
C020,2018,9,47.4
C020,2018,10,54.6
C020,2018,11,42.4
C020,2018,12,17.7
C070,2018,1,91.4
C070,2018,2,80.6
C070,2018,3,77.9
C070,2018,4,103.9
C070,2018,5,69.6
C070,2018,6,41.2
C070,2018,7,54.6
C070,2018,8,7.1
C070,2018,9,36.3
C070,2018,10,103.7
C070,2018,11,67.3
C070,2018,12,15.8
C050,2018,1,93
C050,2018,2,34.2
C050,2018,3,55
C050,2018,4,89.9
C050,2018,5,90.8
C050,2018,6,43.8
C050,2018,7,67.5
C050,2018,8,0.2
C050,2018,9,18
C050,2018,10,86.6
C050,2018,11,62.4
C050,2018,12,20.7
C0B1,2018,1,251
C0B1,2018,2,263.4
C0B1,2018,3,125.9
C0B1,2018,4,155.5
C0B1,2018,5,85.5
C0B1,2018,6,62.5
C0B1,2018,7,53.9
C0B1,2018,8,43.6
C0B1,2018,9,14.6
C0B1,2018,10,223.7
C0B1,2018,11,81.3
C0B1,2018,12,31
C079,2018,1,321.6
C079,2018,2,292.3
C079,2018,3,157.7
C079,2018,4,187.1
C079,2018,5,64.4
C079,2018,6,58.9
C079,2018,7,88.6
C079,2018,8,49.9
C079,2018,9,10.2
C079,2018,10,195
C079,2018,11,80.5
C079,2018,12,42.2
C0C1,2018,1,205.6
C0C1,2018,2,241.6
C0C1,2018,3,132.9
C0C1,2018,4,106.8
C0C1,2018,5,57.5
C0C1,2018,6,54.5
C0C1,2018,7,38.1
C0C1,2018,8,15.5
C0C1,2018,9,8
C0C1,2018,10,137.7
C0C1,2018,11,75.8
C0C1,2018,12,32.1
C061,2018,1,240.7
C061,2018,2,254.7
C061,2018,3,106.5
C061,2018,4,121.7
C061,2018,5,109.6
C061,2018,6,72.9
C061,2018,7,58.7
C061,2018,8,48
C061,2018,9,31.7
C061,2018,10,198.8
C061,2018,11,74.3
C061,2018,12,23.2
C032,2018,1,247.4
C032,2018,2,268.7
C032,2018,3,123.4
C032,2018,4,156.2
C032,2018,5,86
C032,2018,6,83.5
C032,2018,7,62.7
C032,2018,8,26.2
C032,2018,9,5.2
C032,2018,10,162.7
C032,2018,11,66.6
C032,2018,12,26
C002,2018,1,239.3
C002,2018,2,241
C002,2018,3,142.4
C002,2018,4,116.6
C002,2018,5,67
C002,2018,6,64.8
C002,2018,7,71
C002,2018,8,76.7
C002,2018,9,20.6
C002,2018,10,178.1
C002,2018,11,66.8
C002,2018,12,36.5
C0C2,2018,1,206.4
C0C2,2018,2,226.2
C0C2,2018,3,128.8
C0C2,2018,4,108.2
C0C2,2018,5,79.1
C0C2,2018,6,55.9
C0C2,2018,7,29.9
C0C2,2018,8,11.6
C0C2,2018,9,26.3
C0C2,2018,10,150.2
C0C2,2018,11,69.4
C0C2,2018,12,37.9
C069,2018,1,304
C069,2018,2,256.2
C069,2018,3,177.6
C069,2018,4,100.4
C069,2018,5,69.5
C069,2018,6,94.3
C069,2018,7,79.6
C069,2018,8,104.9
C069,2018,9,32.1
C069,2018,10,185.3
C069,2018,11,111.9
C069,2018,12,54.7
C0B6,2018,1,309.6
C0B6,2018,2,321.7
C0B6,2018,3,173.3
C0B6,2018,4,168.8
C0B6,2018,5,79.1
C0B6,2018,6,81.4
C0B6,2018,7,100.6
C0B6,2018,8,32.2
C0B6,2018,9,22.5
C0B6,2018,10,176.5
C0B6,2018,11,80
C0B6,2018,12,48.7
C0BE,2018,1,232
C0BE,2018,2,277.2
C0BE,2018,3,123
C0BE,2018,4,153.4
C0BE,2018,5,64.8
C0BE,2018,6,68.1
C0BE,2018,7,73.5
C0BE,2018,8,125.2
C0BE,2018,9,40.1
C0BE,2018,10,177.1
C0BE,2018,11,89.3
C0BE,2018,12,34.1
C065,2018,1,176.4
C065,2018,2,312.5
C065,2018,3,128.2
C065,2018,4,135.3
C065,2018,5,121.7
C065,2018,6,76.2
C065,2018,7,46.2
C065,2018,8,29.7
C065,2018,9,29.4
C065,2018,10,187
C065,2018,11,78.4
C065,2018,12,29.8
C003,2018,1,298.6
C003,2018,2,319.3
C003,2018,3,132.8
C003,2018,4,153.8
C003,2018,5,77.2
C003,2018,6,43.4
C003,2018,7,64.3
C003,2018,8,44.3
C003,2018,9,9.4
C003,2018,10,180.8
C003,2018,11,74
C003,2018,12,35.4
C039,2018,1,232.8
C039,2018,2,238.8
C039,2018,3,96.8
C039,2018,4,107.7
C039,2018,5,66.5
C039,2018,6,38.3
C039,2018,7,25.6
C039,2018,8,28.4
C039,2018,9,9.3
C039,2018,10,155.9
C039,2018,11,70.1
C039,2018,12,18.3
C075,2018,1,307.1
C075,2018,2,289.9
C075,2018,3,152.4
C075,2018,4,188.1
C075,2018,5,83.7
C075,2018,6,112.5
C075,2018,7,82.2
C075,2018,8,41.2
C075,2018,9,28
C075,2018,10,153.1
C075,2018,11,91.8
C075,2018,12,62.7
C074,2018,1,279.6
C074,2018,2,320.7
C074,2018,3,159.9
C074,2018,4,156.2
C074,2018,5,101.9
C074,2018,6,62.7
C074,2018,7,84.4
C074,2018,8,30.8
C074,2018,9,28.5
C074,2018,10,169.3
C074,2018,11,97.9
C074,2018,12,47.3
C009,2018,1,267.4
C009,2018,2,326.9
C009,2018,3,142.4
C009,2018,4,168.7
C009,2018,5,88
C009,2018,6,54.7
C009,2018,7,44.3
C009,2018,8,50.1
C009,2018,9,12.4
C009,2018,10,194.3
C009,2018,11,71.2
C009,2018,12,31.8
C038,2018,1,241.5
C038,2018,2,236.7
C038,2018,3,113.5
C038,2018,4,119.9
C038,2018,5,97.7
C038,2018,6,64.1
C038,2018,7,33
C038,2018,8,32.4
C038,2018,9,11.3
C038,2018,10,166.7
C038,2018,11,80.6
C038,2018,12,26.7
C033,2018,1,204.5
C033,2018,2,303.4
C033,2018,3,172.5
C033,2018,4,195.5
C033,2018,5,74.3
C033,2018,6,77.3
C033,2018,7,82
C033,2018,8,59.2
C033,2018,9,22.3
C033,2018,10,199.6
C033,2018,11,69.3
C033,2018,12,42.9
C0BD,2018,1,349.3
C0BD,2018,2,331.5
C0BD,2018,3,195.3
C0BD,2018,4,184.6
C0BD,2018,5,87.1
C0BD,2018,6,68.5
C0BD,2018,7,119.8
C0BD,2018,8,68.9
C0BD,2018,9,29.6
C0BD,2018,10,208.6
C0BD,2018,11,100
C0BD,2018,12,76.6
C036,2018,1,279.9
C036,2018,2,319.4
C036,2018,3,159.6
C036,2018,4,207.2
C036,2018,5,81.7
C036,2018,6,63.1
C036,2018,7,71.6
C036,2018,8,20.8
C036,2018,9,12.2
C036,2018,10,174
C036,2018,11,81.7
C036,2018,12,48.7
C045,2018,1,184
C045,2018,2,205.2
C045,2018,3,109
C045,2018,4,111.9
C045,2018,5,87.1
C045,2018,6,58.7
C045,2018,7,42.1
C045,2018,8,32.5
C045,2018,9,23.6
C045,2018,10,183.1
C045,2018,11,72.1
C045,2018,12,32.7
C0B7,2018,1,300.6
C0B7,2018,2,303.6
C0B7,2018,3,171.3
C0B7,2018,4,187.1
C0B7,2018,5,84.7
C0B7,2018,6,57
C0B7,2018,7,91.2
C0B7,2018,8,24.5
C0B7,2018,9,25
C0B7,2018,10,160.6
C0B7,2018,11,95.7
C0B7,2018,12,39.1
C019,2018,1,227.1
C019,2018,2,191.4
C019,2018,3,123.5
C019,2018,4,88.2
C019,2018,5,80.2
C019,2018,6,117.2
C019,2018,7,112.1
C019,2018,8,94.7
C019,2018,9,31.4
C019,2018,10,160.5
C019,2018,11,105.6
C019,2018,12,53.3
C057,2018,1,264.8
C057,2018,2,301.3
C057,2018,3,135.1
C057,2018,4,134.3
C057,2018,5,76.4
C057,2018,6,84
C057,2018,7,83.9
C057,2018,8,51
C057,2018,9,14.1
C057,2018,10,167.9
C057,2018,11,107.9
C057,2018,12,37.3
C063,2018,1,356.9
C063,2018,2,302.3
C063,2018,3,163.5
C063,2018,4,126.3
C063,2018,5,61.5
C063,2018,6,66.8
C063,2018,7,55.5
C063,2018,8,89.7
C063,2018,9,23
C063,2018,10,180.5
C063,2018,11,87.6
C063,2018,12,59.3
C046,2018,1,183.5
C046,2018,2,284.1
C046,2018,3,72.8
C046,2018,4,153.3
C046,2018,5,94.7
C046,2018,6,79.5
C046,2018,7,111.7
C046,2018,8,78.1
C046,2018,9,53
C046,2018,10,158.6
C046,2018,11,72.4
C046,2018,12,39.2
C0BA,2018,1,260
C0BA,2018,2,248
C0BA,2018,3,136.6
C0BA,2018,4,119.9
C0BA,2018,5,62.7
C0BA,2018,6,74.2
C0BA,2018,7,138.4
C0BA,2018,8,100
C0BA,2018,9,38.2
C0BA,2018,10,188.4
C0BA,2018,11,96
C0BA,2018,12,53.6
C059,2018,1,218
C059,2018,2,312.1
C059,2018,3,164.7
C059,2018,4,139.8
C059,2018,5,97
C059,2018,6,55.3
C059,2018,7,26.9
C059,2018,8,8.4
C059,2018,9,20.1
C059,2018,10,151.1
C059,2018,11,57.8
C059,2018,12,22.6
C072,2018,1,136.3
C072,2018,2,163.8
C072,2018,3,98.5
C072,2018,4,105.9
C072,2018,5,120.6
C072,2018,6,48.9
C072,2018,7,93.3
C072,2018,8,29.8
C072,2018,9,25.5
C072,2018,10,123.3
C072,2018,11,58.1
C072,2018,12,32.7
C0B4,2018,1,212.6
C0B4,2018,2,245
C0B4,2018,3,124.8
C0B4,2018,4,165.5
C0B4,2018,5,77.2
C0B4,2018,6,65.3
C0B4,2018,7,44.7
C0B4,2018,8,21.7
C0B4,2018,9,6.5
C0B4,2018,10,174.1
C0B4,2018,11,76.7
C0B4,2018,12,36.4
C054,2018,1,244.8
C054,2018,2,256
C054,2018,3,170.8
C054,2018,4,263.1
C054,2018,5,109.6
C054,2018,6,80.8
C054,2018,7,59.9
C054,2018,8,9.2
C054,2018,9,53.3
C054,2018,10,207.7
C054,2018,11,107.5
C054,2018,12,46.2
C042,2018,1,190.1
C042,2018,2,165.6
C042,2018,3,86.8
C042,2018,4,80.6
C042,2018,5,87.2
C042,2018,6,56.9
C042,2018,7,44.1
C042,2018,8,37.6
C042,2018,9,20.1
C042,2018,10,143
C042,2018,11,63.6
C042,2018,12,23.6
C0B9,2018,1,258
C0B9,2018,2,250.1
C0B9,2018,3,115
C0B9,2018,4,150.8
C0B9,2018,5,89.3
C0B9,2018,6,42.9
C0B9,2018,7,45.5
C0B9,2018,8,34.9
C0B9,2018,9,10.7
C0B9,2018,10,185.3
C0B9,2018,11,86.8
C0B9,2018,12,27.1
C0C3,2018,1,255
C0C3,2018,2,260.9
C0C3,2018,3,149.6
C0C3,2018,4,144.5
C0C3,2018,5,81.6
C0C3,2018,6,42.2
C0C3,2018,7,27.7
C0C3,2018,8,24.7
C0C3,2018,9,8.3
C0C3,2018,10,196.1
C0C3,2018,11,88
C0C3,2018,12,30.2
C022,2018,1,310.7
C022,2018,2,302.5
C022,2018,3,160
C022,2018,4,194.9
C022,2018,5,116.6
C022,2018,6,82.2
C022,2018,7,73.7
C022,2018,8,33
C022,2018,9,38.1
C022,2018,10,153.5
C022,2018,11,102.8
C022,2018,12,69.6
C0B3,2018,1,266.4
C0B3,2018,2,305.1
C0B3,2018,3,160.5
C0B3,2018,4,194
C0B3,2018,5,72.5
C0B3,2018,6,55.1
C0B3,2018,7,68.9
C0B3,2018,8,59.9
C0B3,2018,9,16.7
C0B3,2018,10,197.5
C0B3,2018,11,72
C0B3,2018,12,40
C037,2018,1,264
C037,2018,2,303.4
C037,2018,3,147.7
C037,2018,4,182.8
C037,2018,5,95.7
C037,2018,6,54.2
C037,2018,7,52.3
C037,2018,8,40.1
C037,2018,9,15.6
C037,2018,10,193.9
C037,2018,11,66
C037,2018,12,31.6
C0E5,2018,1,194.9
C0E5,2018,2,185.2
C0E5,2018,3,103
C0E5,2018,4,153.2
C0E5,2018,5,83.7
C0E5,2018,6,59.2
C0E5,2018,7,153.6
C0E5,2018,8,22.2
C0E5,2018,9,40.5
C0E5,2018,10,126.9
C0E5,2018,11,86.9
C0E5,2018,12,54.9
C0DB,2018,1,224.1
C0DB,2018,2,285.5
C0DB,2018,3,186
C0DB,2018,4,190.9
C0DB,2018,5,73
C0DB,2018,6,84.7
C0DB,2018,7,56.1
C0DB,2018,8,29
C0DB,2018,9,26.3
C0DB,2018,10,176.1
C0DB,2018,11,103.4
C0DB,2018,12,79.9
C0D3,2018,1,301.4
C0D3,2018,2,294
C0D3,2018,3,168.3
C0D3,2018,4,176.1
C0D3,2018,5,96.4
C0D3,2018,6,110
C0D3,2018,7,96.8
C0D3,2018,8,41.1
C0D3,2018,9,26.8
C0D3,2018,10,172
C0D3,2018,11,96.2
C0D3,2018,12,62.4
C0DD,2018,1,229.3
C0DD,2018,2,284.8
C0DD,2018,3,107
C0DD,2018,4,175
C0DD,2018,5,79.3
C0DD,2018,6,81.5
C0DD,2018,7,149.4
C0DD,2018,8,79.3
C0DD,2018,9,34.9
C0DD,2018,10,188.9
C0DD,2018,11,104.8
C0DD,2018,12,49.5
C0E9,2018,1,278.3
C0E9,2018,2,293.3
C0E9,2018,3,117.4
C0E9,2018,4,182
C0E9,2018,5,102.3
C0E9,2018,6,82.5
C0E9,2018,7,93.3
C0E9,2018,8,14.3
C0E9,2018,9,23.1
C0E9,2018,10,171.6
C0E9,2018,11,100.2
C0E9,2018,12,66.8
C078,2018,1,272.2
C078,2018,2,279.9
C078,2018,3,156.8
C078,2018,4,188.9
C078,2018,5,87.1
C078,2018,6,79.1
C078,2018,7,76.7
C078,2018,8,86.6
C078,2018,9,31.5
C078,2018,10,189.3
C078,2018,11,103.6
C078,2018,12,58
C052,2018,1,428.3
C052,2018,2,455.1
C052,2018,3,183.8
C052,2018,4,340.8
C052,2018,5,141.7
C052,2018,6,135.9
C052,2018,7,104.3
C052,2018,8,34.9
C052,2018,9,28.4
C052,2018,10,191.6
C052,2018,11,157.9
C052,2018,12,131.3
C0E1,2018,1,239.8
C0E1,2018,2,225
C0E1,2018,3,129.8
C0E1,2018,4,169.8
C0E1,2018,5,92.4
C0E1,2018,6,45.3
C0E1,2018,7,114.6
C0E1,2018,8,20
C0E1,2018,9,17
C0E1,2018,10,127.3
C0E1,2018,11,77.4
C0E1,2018,12,57
C077,2018,1,296.4
C077,2018,2,296
C077,2018,3,144
C077,2018,4,237.5
C077,2018,5,124.2
C077,2018,6,98.8
C077,2018,7,72.3
C077,2018,8,39.7
C077,2018,9,45.4
C077,2018,10,165.5
C077,2018,11,120.2
C077,2018,12,85.7
C080,2018,1,444.6
C080,2018,2,475.6
C080,2018,3,232.6
C080,2018,4,287.2
C080,2018,5,192.2
C080,2018,6,155.9
C080,2018,7,156.4
C080,2018,8,66.7
C080,2018,9,31.5
C080,2018,10,235.5
C080,2018,11,135.2
C080,2018,12,143.6
C0E8,2018,1,295.4
C0E8,2018,2,333.9
C0E8,2018,3,111.4
C0E8,2018,4,223.3
C0E8,2018,5,113.2
C0E8,2018,6,94.3
C0E8,2018,7,104.9
C0E8,2018,8,22.7
C0E8,2018,9,22.6
C0E8,2018,10,173.5
C0E8,2018,11,112.2
C0E8,2018,12,72.4
C023,2018,1,281.7
C023,2018,2,317.9
C023,2018,3,157.2
C023,2018,4,188.8
C023,2018,5,81.3
C023,2018,6,68.2
C023,2018,7,57
C023,2018,8,16.9
C023,2018,9,33.6
C023,2018,10,162.4
C023,2018,11,84.6
C023,2018,12,53.4
C084,2018,1,260.5
C084,2018,2,218.8
C084,2018,3,174.9
C084,2018,4,142.3
C084,2018,5,119.7
C084,2018,6,170.8
C084,2018,7,162.9
C084,2018,8,44.9
C084,2018,9,42.2
C084,2018,10,123.8
C084,2018,11,134.5
C084,2018,12,87.6
C0EA,2018,1,277.4
C0EA,2018,2,340.9
C0EA,2018,3,111.4
C0EA,2018,4,212.3
C0EA,2018,5,111.1
C0EA,2018,6,109.1
C0EA,2018,7,107.9
C0EA,2018,8,45.9
C0EA,2018,9,42.8
C0EA,2018,10,193.5
C0EA,2018,11,115
C0EA,2018,12,87.2
C026,2018,1,366.7
C026,2018,2,471.9
C026,2018,3,164.8
C026,2018,4,347.8
C026,2018,5,125.3
C026,2018,6,169.2
C026,2018,7,105.8
C026,2018,8,32.9
C026,2018,9,25.4
C026,2018,10,190.8
C026,2018,11,146.3
C026,2018,12,135.7
C058,2018,1,328.3
C058,2018,2,441.3
C058,2018,3,158.7
C058,2018,4,327.9
C058,2018,5,118.1
C058,2018,6,104.1
C058,2018,7,102.5
C058,2018,8,39.9
C058,2018,9,23.2
C058,2018,10,272.2
C058,2018,11,130.1
C058,2018,12,87
C0F0,2018,1,304.9
C0F0,2018,2,324.8
C0F0,2018,3,142.1
C0F0,2018,4,233.2
C0F0,2018,5,128.6
C0F0,2018,6,110.3
C0F0,2018,7,81.3
C0F0,2018,8,64.5
C0F0,2018,9,55.6
C0F0,2018,10,157.3
C0F0,2018,11,114.3
C0F0,2018,12,88.8
C0F1,2018,1,512.6
C0F1,2018,2,565.9
C0F1,2018,3,245.6
C0F1,2018,4,371.7
C0F1,2018,5,213.2
C0F1,2018,6,320.5
C0F1,2018,7,153.1
C0F1,2018,8,101.4
C0F1,2018,9,58
C0F1,2018,10,181
C0F1,2018,11,158
C0F1,2018,12,145.9
C0E7,2018,1,227.5
C0E7,2018,2,263.2
C0E7,2018,3,148.8
C0E7,2018,4,185.8
C0E7,2018,5,68.7
C0E7,2018,6,71.5
C0E7,2018,7,70.2
C0E7,2018,8,14.3
C0E7,2018,9,20.9
C0E7,2018,10,132.7
C0E7,2018,11,77.1
C0E7,2018,12,55.3
C0DC,2018,1,289.4
C0DC,2018,2,372.1
C0DC,2018,3,143.8
C0DC,2018,4,207.3
C0DC,2018,5,79
C0DC,2018,6,72.3
C0DC,2018,7,67.1
C0DC,2018,8,59.6
C0DC,2018,9,32.4
C0DC,2018,10,208.7
C0DC,2018,11,100.6
C0DC,2018,12,67.7
C0EC,2018,1,280.8
C0EC,2018,2,308.2
C0EC,2018,3,117.1
C0EC,2018,4,226
C0EC,2018,5,114.3
C0EC,2018,6,94.2
C0EC,2018,7,80.2
C0EC,2018,8,45
C0EC,2018,9,55.3
C0EC,2018,10,167.6
C0EC,2018,11,118.7
C0EC,2018,12,88
C0DE,2018,1,264.3
C0DE,2018,2,340.8
C0DE,2018,3,160.3
C0DE,2018,4,221
C0DE,2018,5,88.8
C0DE,2018,6,74.1
C0DE,2018,7,66.8
C0DE,2018,8,39.5
C0DE,2018,9,25.9
C0DE,2018,10,175.2
C0DE,2018,11,91.9
C0DE,2018,12,60.7
C017,2018,1,276.8
C017,2018,2,279.7
C017,2018,3,122.1
C017,2018,4,198.6
C017,2018,5,128.1
C017,2018,6,94.1
C017,2018,7,78.6
C017,2018,8,61
C017,2018,9,62.9
C017,2018,10,152.8
C017,2018,11,134.2
C017,2018,12,81.8
C0F4,2018,1,280.8
C0F4,2018,2,276.9
C0F4,2018,3,99.5
C0F4,2018,4,178.9
C0F4,2018,5,133.2
C0F4,2018,6,131.4
C0F4,2018,7,166.1
C0F4,2018,8,64.4
C0F4,2018,9,61.4
C0F4,2018,10,141.1
C0F4,2018,11,82.1
C0F4,2018,12,68.1
C0D1,2018,1,234.5
C0D1,2018,2,250.1
C0D1,2018,3,143.7
C0D1,2018,4,144.5
C0D1,2018,5,67.8
C0D1,2018,6,83.8
C0D1,2018,7,57.8
C0D1,2018,8,23.8
C0D1,2018,9,35.3
C0D1,2018,10,147.3
C0D1,2018,11,78.4
C0D1,2018,12,58.6
C043,2018,1,249.2
C043,2018,2,245.8
C043,2018,3,146.8
C043,2018,4,191.9
C043,2018,5,77.3
C043,2018,6,52.6
C043,2018,7,119.4
C043,2018,8,19.2
C043,2018,9,23.3
C043,2018,10,126
C043,2018,11,88.9
C043,2018,12,61
C0D2,2018,1,260.3
C0D2,2018,2,273
C0D2,2018,3,154.5
C0D2,2018,4,162.3
C0D2,2018,5,74.5
C0D2,2018,6,67.2
C0D2,2018,7,55.2
C0D2,2018,8,25.1
C0D2,2018,9,27.7
C0D2,2018,10,151.8
C0D2,2018,11,80.7
C0D2,2018,12,66.6
C0D0,2018,1,211.6
C0D0,2018,2,218
C0D0,2018,3,155.9
C0D0,2018,4,167.7
C0D0,2018,5,85.2
C0D0,2018,6,67.7
C0D0,2018,7,95.5
C0D0,2018,8,26.4
C0D0,2018,9,34.8
C0D0,2018,10,138.4
C0D0,2018,11,118.7
C0D0,2018,12,41.5
C064,2018,1,235.3
C064,2018,2,251
C064,2018,3,65
C064,2018,4,143.9
C064,2018,5,103.6
C064,2018,6,73.1
C064,2018,7,85
C064,2018,8,51.5
C064,2018,9,22.8
C064,2018,10,140.4
C064,2018,11,122.5
C064,2018,12,65.2
C028,2018,1,198.2
C028,2018,2,147.9
C028,2018,3,163.8
C028,2018,4,176
C028,2018,5,150.1
C028,2018,6,82.8
C028,2018,7,151
C028,2018,8,25.6
C028,2018,9,37.5
C028,2018,10,132.5
C028,2018,11,133.2
C028,2018,12,96.2
C029,2018,1,216.9
C029,2018,2,257.4
C029,2018,3,95.2
C029,2018,4,193
C029,2018,5,101.7
C029,2018,6,93.7
C029,2018,7,72
C029,2018,8,29.3
C029,2018,9,38.8
C029,2018,10,181.6
C029,2018,11,117.3
C029,2018,12,83.7
C056,2019,1,158.3
C056,2019,2,40.7
C056,2019,3,20
C056,2019,4,58.7
C056,2019,5,57.1
C056,2019,6,11.9
C056,2019,7,30.8
C056,2019,8,60.7
C056,2019,9,33.8
C056,2019,10,66.9
C056,2019,11,203.9
C056,2019,12,79.4
C035,2019,1,268.1
C035,2019,2,60.7
C035,2019,3,43.6
C035,2019,4,73.5
C035,2019,5,91.4
C035,2019,6,33.2
C035,2019,7,66.1
C035,2019,8,43.0
C035,2019,9,72.6
C035,2019,10,81.1
C035,2019,11,293.3
C035,2019,12,99.3
C016,2019,1,152.0
C016,2019,2,36.5
C016,2019,3,21.3
C016,2019,4,69.8
C016,2019,5,46.8
C016,2019,6,17.1
C016,2019,7,23.1
C016,2019,8,26.3
C016,2019,9,44.4
C016,2019,10,62.5
C016,2019,11,184.1
C016,2019,12,63.6
C034,2019,1,97.4
C034,2019,2,36.5
C034,2019,3,14.2
C034,2019,4,90.6
C034,2019,5,28.4
C034,2019,6,22.8
C034,2019,7,63.4
C034,2019,8,21.5
C034,2019,9,51.6
C034,2019,10,38.5
C034,2019,11,195.9
C034,2019,12,75.4
C0AA,2019,1,173.5
C0AA,2019,2,39.1
C0AA,2019,3,20.2
C0AA,2019,4,58.6
C0AA,2019,5,68.2
C0AA,2019,6,17.0
C0AA,2019,7,30.2
C0AA,2019,8,65.1
C0AA,2019,9,45.7
C0AA,2019,10,52.8
C0AA,2019,11,235.8
C0AA,2019,12,79.7
C067,2019,1,250.5
C067,2019,2,66.5
C067,2019,3,43.2
C067,2019,4,64.1
C067,2019,5,55.1
C067,2019,6,25.0
C067,2019,7,49.8
C067,2019,8,33.8
C067,2019,9,60.7
C067,2019,10,74.6
C067,2019,11,330.9
C067,2019,12,91.6
C044,2019,1,411.5
C044,2019,2,77.1
C044,2019,3,52.3
C044,2019,4,87.7
C044,2019,5,100.9
C044,2019,6,19.3
C044,2019,7,48.3
C044,2019,8,56.7
C044,2019,9,80.6
C044,2019,10,66.5
C044,2019,11,369.4
C044,2019,12,133.1
C048,2019,1,107.5
C048,2019,2,41.6
C048,2019,3,25.6
C048,2019,4,75.1
C048,2019,5,71.5
C048,2019,6,37.3
C048,2019,7,27.8
C048,2019,8,38.6
C048,2019,9,74.4
C048,2019,10,49.5
C048,2019,11,202.2
C048,2019,12,73.6
C068,2019,1,244.1
C068,2019,2,45.6
C068,2019,3,31.2
C068,2019,4,75.8
C068,2019,5,104.1
C068,2019,6,23.6
C068,2019,7,34.3
C068,2019,8,52.0
C068,2019,9,84.5
C068,2019,10,76.4
C068,2019,11,341.5
C068,2019,12,133.9
C024,2019,1,169.2
C024,2019,2,44.9
C024,2019,3,24.9
C024,2019,4,75.7
C024,2019,5,95.4
C024,2019,6,39.0
C024,2019,7,38.4
C024,2019,8,43.3
C024,2019,9,87.9
C024,2019,10,72.8
C024,2019,11,250.7
C024,2019,12,98.6
C0A0,2019,1,139.0
C0A0,2019,2,40.0
C0A0,2019,3,15.5
C0A0,2019,4,70.7
C0A0,2019,5,48.9
C0A0,2019,6,37.5
C0A0,2019,7,21.6
C0A0,2019,8,30.7
C0A0,2019,9,61.7
C0A0,2019,10,42.6
C0A0,2019,11,208.1
C0A0,2019,12,60.0
C047,2019,1,154.4
C047,2019,2,36.9
C047,2019,3,29.2
C047,2019,4,83.0
C047,2019,5,93.5
C047,2019,6,27.7
C047,2019,7,40.8
C047,2019,8,47.3
C047,2019,9,55.0
C047,2019,10,83.7
C047,2019,11,263.8
C047,2019,12,91.6
C031,2019,1,56.7
C031,2019,2,18.9
C031,2019,3,4.2
C031,2019,4,52.6
C031,2019,5,35.3
C031,2019,6,35.7
C031,2019,7,28.5
C031,2019,8,16.3
C031,2019,9,48.6
C031,2019,10,57.2
C031,2019,11,110.2
C031,2019,12,30.9
C041,2019,1,109.9
C041,2019,2,51.1
C041,2019,3,14.4
C041,2019,4,90.4
C041,2019,5,64.1
C041,2019,6,35.7
C041,2019,7,35.8
C041,2019,8,25.1
C041,2019,9,55.3
C041,2019,10,32.4
C041,2019,11,205.5
C041,2019,12,70.9
C055,2019,1,218.0
C055,2019,2,43.6
C055,2019,3,17.9
C055,2019,4,63.1
C055,2019,5,79.2
C055,2019,6,13.0
C055,2019,7,23.0
C055,2019,8,60.9
C055,2019,9,56.2
C055,2019,10,65.0
C055,2019,11,290.5
C055,2019,12,87.4
C060,2019,1,82.8
C060,2019,2,31.1
C060,2019,3,6.4
C060,2019,4,69.6
C060,2019,5,31.1
C060,2019,6,28.0
C060,2019,7,23.2
C060,2019,8,30.4
C060,2019,9,47.7
C060,2019,10,25.0
C060,2019,11,140.7
C060,2019,12,52.6
C030,2019,1,190.7
C030,2019,2,39.7
C030,2019,3,21.9
C030,2019,4,62.9
C030,2019,5,74.6
C030,2019,6,22.2
C030,2019,7,41.1
C030,2019,8,62.8
C030,2019,9,59.6
C030,2019,10,49.3
C030,2019,11,290.0
C030,2019,12,106.3
C051,2019,1,228.7
C051,2019,2,53.6
C051,2019,3,33.3
C051,2019,4,63.0
C051,2019,5,52.3
C051,2019,6,25.2
C051,2019,7,44.5
C051,2019,8,39.1
C051,2019,9,43.1
C051,2019,10,68.7
C051,2019,11,254.5
C051,2019,12,76.7
C0A0,2019,1,318.7
C0A0,2019,2,75.8
C0A0,2019,3,49.1
C0A0,2019,4,78.5
C0A0,2019,5,99.4
C0A0,2019,6,31.9
C0A0,2019,7,57.1
C0A0,2019,8,64.0
C0A0,2019,9,104.0
C0A0,2019,10,104.9
C0A0,2019,11,341.2
C0A0,2019,12,106.6
C049,2019,1,141.7
C049,2019,2,36.7
C049,2019,3,20.7
C049,2019,4,77.1
C049,2019,5,46.1
C049,2019,6,19.7
C049,2019,7,36.4
C049,2019,8,44.0
C049,2019,9,62.9
C049,2019,10,51.2
C049,2019,11,188.2
C049,2019,12,64.3
C00B,2019,1,132.7
C00B,2019,2,44.1
C00B,2019,3,18.9
C00B,2019,4,93.9
C00B,2019,5,25.2
C00B,2019,6,19.9
C00B,2019,7,28.9
C00B,2019,8,19.8
C00B,2019,9,52.2
C00B,2019,10,62.5
C00B,2019,11,234.8
C00B,2019,12,70.6
C020,2019,1,90.3
C020,2019,2,33.4
C020,2019,3,12.6
C020,2019,4,67.7
C020,2019,5,36.7
C020,2019,6,22.9
C020,2019,7,20.5
C020,2019,8,63.5
C020,2019,9,41.8
C020,2019,10,40.4
C020,2019,11,179.1
C020,2019,12,56.5
C070,2019,1,89.7
C070,2019,2,37.3
C070,2019,3,11.5
C070,2019,4,67.8
C070,2019,5,48.9
C070,2019,6,20.0
C070,2019,7,34.2
C070,2019,8,31.1
C070,2019,9,47.3
C070,2019,10,69.5
C070,2019,11,167.1
C070,2019,12,46.1
C050,2019,1,55.8
C050,2019,2,37.7
C050,2019,3,10.3
C050,2019,4,78.0
C050,2019,5,45.6
C050,2019,6,15.3
C050,2019,7,27.0
C050,2019,8,23.5
C050,2019,9,47.2
C050,2019,10,37.8
C050,2019,11,133.1
C050,2019,12,40.9
C0B1,2019,1,244.7
C0B1,2019,2,46.4
C0B1,2019,3,55.7
C0B1,2019,4,84.3
C0B1,2019,5,69.3
C0B1,2019,6,25.9
C0B1,2019,7,58.8
C0B1,2019,8,41.3
C0B1,2019,9,79.7
C0B1,2019,10,106.8
C0B1,2019,11,381.0
C0B1,2019,12,88.9
C079,2019,1,283.0
C079,2019,2,52.0
C079,2019,3,55.4
C079,2019,4,93.0
C079,2019,5,91.8
C079,2019,6,37.7
C079,2019,7,86.8
C079,2019,8,39.4
C079,2019,9,63.1
C079,2019,10,106.6
C079,2019,11,466.0
C079,2019,12,141.6
C0C1,2019,1,275.9
C0C1,2019,2,54.1
C0C1,2019,3,39.6
C0C1,2019,4,71.4
C0C1,2019,5,58.9
C0C1,2019,6,28.3
C0C1,2019,7,26.4
C0C1,2019,8,14.3
C0C1,2019,9,44.8
C0C1,2019,10,91.9
C0C1,2019,11,333.6
C0C1,2019,12,105.6
C061,2019,1,230.9
C061,2019,2,37.6
C061,2019,3,76.5
C061,2019,4,72.0
C061,2019,5,67.4
C061,2019,6,34.7
C061,2019,7,56.6
C061,2019,8,28.3
C061,2019,9,68.8
C061,2019,10,111.5
C061,2019,11,334.7
C061,2019,12,83.3
C032,2019,1,262.7
C032,2019,2,60.4
C032,2019,3,35.7
C032,2019,4,62.6
C032,2019,5,52.3
C032,2019,6,30.0
C032,2019,7,53.5
C032,2019,8,32.8
C032,2019,9,53.4
C032,2019,10,88.4
C032,2019,11,369.8
C032,2019,12,97.2
C002,2019,1,249.4
C002,2019,2,32.7
C002,2019,3,61.5
C002,2019,4,88.4
C002,2019,5,94.3
C002,2019,6,36.1
C002,2019,7,67.0
C002,2019,8,31.2
C002,2019,9,87.2
C002,2019,10,139.9
C002,2019,11,464.1
C002,2019,12,156.9
C0C2,2019,1,334.0
C0C2,2019,2,52.1
C0C2,2019,3,50.1
C0C2,2019,4,74.1
C0C2,2019,5,58.2
C0C2,2019,6,30.8
C0C2,2019,7,21.4
C0C2,2019,8,18.2
C0C2,2019,9,64.5
C0C2,2019,10,77.3
C0C2,2019,11,368.2
C0C2,2019,12,93.0
C069,2019,1,206.4
C069,2019,2,31.2
C069,2019,3,56.4
C069,2019,4,110.7
C069,2019,5,126.6
C069,2019,6,49.2
C069,2019,7,59.8
C069,2019,8,38.6
C069,2019,9,88.9
C069,2019,10,205.7
C069,2019,11,459.5
C069,2019,12,129.4
C0B6,2019,1,293.7
C0B6,2019,2,64.7
C0B6,2019,3,57.9
C0B6,2019,4,89.5
C0B6,2019,5,100.3
C0B6,2019,6,39.4
C0B6,2019,7,77.6
C0B6,2019,8,42.9
C0B6,2019,9,79.3
C0B6,2019,10,107.7
C0B6,2019,11,469.5
C0B6,2019,12,152.1
C0BE,2019,1,218.7
C0BE,2019,2,47.5
C0BE,2019,3,66.5
C0BE,2019,4,120.2
C0BE,2019,5,97.8
C0BE,2019,6,49.0
C0BE,2019,7,50.2
C0BE,2019,8,53.5
C0BE,2019,9,64.2
C0BE,2019,10,88.7
C0BE,2019,11,406.8
C0BE,2019,12,153.7
C065,2019,1,360.5
C065,2019,2,50.0
C065,2019,3,37.4
C065,2019,4,94.0
C065,2019,5,94.4
C065,2019,6,64.4
C065,2019,7,50.7
C065,2019,8,53.3
C065,2019,9,110.0
C065,2019,10,93.5
C065,2019,11,363.5
C065,2019,12,133.9
C003,2019,1,256.3
C003,2019,2,39.1
C003,2019,3,70
C003,2019,4,99.6
C003,2019,5,80.3
C003,2019,6,32.1
C003,2019,7,44.6
C003,2019,8,39.7
C003,2019,9,99.5
C003,2019,10,128.0
C003,2019,11,409.3
C003,2019,12,116.2
C039,2019,1,196.4
C039,2019,2,36.1
C039,2019,3,45
C039,2019,4,63.3
C039,2019,5,62.0
C039,2019,6,30.5
C039,2019,7,45.7
C039,2019,8,26.0
C039,2019,9,53.0
C039,2019,10,95.1
C039,2019,11,323.2
C039,2019,12,84.0
C075,2019,1,289.0
C075,2019,2,49.8
C075,2019,3,50.2
C075,2019,4,86.5
C075,2019,5,106.7
C075,2019,6,39.2
C075,2019,7,66.4
C075,2019,8,61.6
C075,2019,9,71.5
C075,2019,10,127.2
C075,2019,11,461.5
C075,2019,12,191.6
C074,2019,1,277.8
C074,2019,2,53.6
C074,2019,3,52.2
C074,2019,4,94.1
C074,2019,5,103.6
C074,2019,6,29.4
C074,2019,7,61.2
C074,2019,8,60.5
C074,2019,9,81.1
C074,2019,10,131.2
C074,2019,11,404.7
C074,2019,12,161.9
C009,2019,1,275.0
C009,2019,2,42.4
C009,2019,3,53.4
C009,2019,4,97.9
C009,2019,5,73.4
C009,2019,6,28.6
C009,2019,7,49.6
C009,2019,8,48.3
C009,2019,9,90.5
C009,2019,10,117.4
C009,2019,11,399.0
C009,2019,12,87.1
C038,2019,1,205.4
C038,2019,2,41.7
C038,2019,3,49.9
C038,2019,4,76.1
C038,2019,5,65.1
C038,2019,6,25.9
C038,2019,7,39.1
C038,2019,8,21.7
C038,2019,9,58.6
C038,2019,10,109.3
C038,2019,11,333.5
C038,2019,12,99.4
C033,2019,1,293.5
C033,2019,2,67.2
C033,2019,3,69.1
C033,2019,4,87.3
C033,2019,5,87.5
C033,2019,6,42.1
C033,2019,7,79.9
C033,2019,8,39.2
C033,2019,9,79.9
C033,2019,10,116.6
C033,2019,11,432.1
C033,2019,12,109.5
C0BD,2019,1,298.0
C0BD,2019,2,45.8
C0BD,2019,3,73.7
C0BD,2019,4,104.0
C0BD,2019,5,129.1
C0BD,2019,6,59.6
C0BD,2019,7,59.8
C0BD,2019,8,46.9
C0BD,2019,9,80.9
C0BD,2019,10,136.3
C0BD,2019,11,476.7
C0BD,2019,12,185.2
C036,2019,1,285.4
C036,2019,2,52.3
C036,2019,3,51.7
C036,2019,4,92.5
C036,2019,5,108.9
C036,2019,6,46.5
C036,2019,7,73.6
C036,2019,8,34.4
C036,2019,9,86.8
C036,2019,10,116.4
C036,2019,11,411.7
C036,2019,12,137.0
C045,2019,1,314.0
C045,2019,2,49.2
C045,2019,3,43.8
C045,2019,4,75.3
C045,2019,5,70.5
C045,2019,6,36.5
C045,2019,7,29.5
C045,2019,8,22.6
C045,2019,9,68.5
C045,2019,10,96.6
C045,2019,11,348.8
C045,2019,12,112.2
C0B7,2019,1,273.9
C0B7,2019,2,64.3
C0B7,2019,3,52.6
C0B7,2019,4,87.5
C0B7,2019,5,101.5
C0B7,2019,6,38.4
C0B7,2019,7,89.0
C0B7,2019,8,44.1
C0B7,2019,9,79.1
C0B7,2019,10,131.1
C0B7,2019,11,478.0
C0B7,2019,12,150.5
C019,2019,1,165.0
C019,2019,2,29.6
C019,2019,3,61.7
C019,2019,4,82.2
C019,2019,5,116.4
C019,2019,6,52.1
C019,2019,7,84.2
C019,2019,8,45.1
C019,2019,9,78.2
C019,2019,10,224.1
C019,2019,11,322.5
C019,2019,12,119.8
C057,2019,1,241.1
C057,2019,2,40.7
C057,2019,3,59.3
C057,2019,4,87.7
C057,2019,5,108.2
C057,2019,6,35.6
C057,2019,7,67.1
C057,2019,8,41.3
C057,2019,9,116.5
C057,2019,10,150.2
C057,2019,11,410.9
C057,2019,12,124.9
C063,2019,1,286.3
C063,2019,2,37.6
C063,2019,3,65.4
C063,2019,4,104.6
C063,2019,5,134.2
C063,2019,6,33.0
C063,2019,7,74.3
C063,2019,8,37.7
C063,2019,9,103.6
C063,2019,10,144.7
C063,2019,11,496.0
C063,2019,12,163.0
C046,2019,1,177.0
C046,2019,2,25.0
C046,2019,3,54.1
C046,2019,4,82.2
C046,2019,5,122.7
C046,2019,6,62.0
C046,2019,7,90.2
C046,2019,8,81.4
C046,2019,9,105.6
C046,2019,10,128.5
C046,2019,11,315.6
C046,2019,12,102.1
C0BA,2019,1,195.4
C0BA,2019,2,30.5
C0BA,2019,3,59.6
C0BA,2019,4,97.9
C0BA,2019,5,104.9
C0BA,2019,6,45.4
C0BA,2019,7,76.2
C0BA,2019,8,60.1
C0BA,2019,9,59.9
C0BA,2019,10,115.8
C0BA,2019,11,410.8
C0BA,2019,12,152.3
C059,2019,1,266.6
C059,2019,2,52.1
C059,2019,3,42.3
C059,2019,4,79.6
C059,2019,5,52.2
C059,2019,6,33.7
C059,2019,7,18.7
C059,2019,8,12.2
C059,2019,9,79.9
C059,2019,10,77.9
C059,2019,11,303.2
C059,2019,12,81.8
C072,2019,1,241.6
C072,2019,2,50.2
C072,2019,3,37.4
C072,2019,4,73.3
C072,2019,5,81.8
C072,2019,6,33.6
C072,2019,7,48.8
C072,2019,8,46.6
C072,2019,9,63.8
C072,2019,10,82.1
C072,2019,11,221.6
C072,2019,12,46.7
C0B4,2019,1,272.7
C0B4,2019,2,65.0
C0B4,2019,3,54.2
C0B4,2019,4,69.8
C0B4,2019,5,52.9
C0B4,2019,6,35.4
C0B4,2019,7,54.7
C0B4,2019,8,32.0
C0B4,2019,9,55.7
C0B4,2019,10,75.5
C0B4,2019,11,275.1
C0B4,2019,12,86.3
C054,2019,1,333.3
C054,2019,2,78.4
C054,2019,3,61.2
C054,2019,4,92.4
C054,2019,5,137.2
C054,2019,6,30.1
C054,2019,7,80.1
C054,2019,8,51.0
C054,2019,9,93.6
C054,2019,10,118.2
C054,2019,11,408.3
C054,2019,12,112.3
C042,2019,1,142.3
C042,2019,2,26.7
C042,2019,3,31.8
C042,2019,4,61.3
C042,2019,5,53.3
C042,2019,6,22.2
C042,2019,7,35.9
C042,2019,8,22.3
C042,2019,9,52.1
C042,2019,10,106.0
C042,2019,11,323.9
C042,2019,12,89.3
C0B9,2019,1,207.1
C0B9,2019,2,45.5
C0B9,2019,3,56.3
C0B9,2019,4,67.2
C0B9,2019,5,67.1
C0B9,2019,6,23.0
C0B9,2019,7,53.4
C0B9,2019,8,32.7
C0B9,2019,9,68.0
C0B9,2019,10,106.2
C0B9,2019,11,295.0
C0B9,2019,12,97.7
C0C3,2019,1,308.1
C0C3,2019,2,59.2
C0C3,2019,3,49.3
C0C3,2019,4,65.5
C0C3,2019,5,67.9
C0C3,2019,6,28.6
C0C3,2019,7,42.5
C0C3,2019,8,16.7
C0C3,2019,9,69.2
C0C3,2019,10,104.1
C0C3,2019,11,385.1
C0C3,2019,12,92.3
C022,2019,1,291.0
C022,2019,2,62.8
C022,2019,3,50.7
C022,2019,4,97.2
C022,2019,5,142.7
C022,2019,6,46.7
C022,2019,7,94.0
C022,2019,8,75.9
C022,2019,9,108.2
C022,2019,10,147.2
C022,2019,11,492.7
C022,2019,12,152.0
C0B3,2019,1,272.9
C0B3,2019,2,54.1
C0B3,2019,3,61.8
C0B3,2019,4,93.5
C0B3,2019,5,87.0
C0B3,2019,6,30.9
C0B3,2019,7,67.4
C0B3,2019,8,33.2
C0B3,2019,9,73.0
C0B3,2019,10,122.5
C0B3,2019,11,404.8
C0B3,2019,12,116.3
C037,2019,1,295.8
C037,2019,2,61.3
C037,2019,3,59.5
C037,2019,4,88.6
C037,2019,5,75.6
C037,2019,6,31.8
C037,2019,7,54.4
C037,2019,8,51.3
C037,2019,9,74.9
C037,2019,10,104.6
C037,2019,11,384.0
C037,2019,12,94.4
C0E5,2019,1,183.3
C0E5,2019,2,45.8
C0E5,2019,3,37.3
C0E5,2019,4,71.8
C0E5,2019,5,66.4
C0E5,2019,6,50.5
C0E5,2019,7,71.0
C0E5,2019,8,76.3
C0E5,2019,9,37.9
C0E5,2019,10,95.4
C0E5,2019,11,314.8
C0E5,2019,12,101.5
C0DB,2019,1,326.0
C0DB,2019,2,82.7
C0DB,2019,3,64.4
C0DB,2019,4,120.8
C0DB,2019,5,109.7
C0DB,2019,6,44.2
C0DB,2019,7,55.0
C0DB,2019,8,81.7
C0DB,2019,9,64.2
C0DB,2019,10,125.6
C0DB,2019,11,454.4
C0DB,2019,12,157.6
C0D3,2019,1,302.3
C0D3,2019,2,61.6
C0D3,2019,3,58.7
C0D3,2019,4,110.3
C0D3,2019,5,120.3
C0D3,2019,6,40.0
C0D3,2019,7,75.6
C0D3,2019,8,74.0
C0D3,2019,9,81.3
C0D3,2019,10,144.6
C0D3,2019,11,449.7
C0D3,2019,12,180.8
C0DD,2019,1,158.1
C0DD,2019,2,24.2
C0DD,2019,3,76.2
C0DD,2019,4,108.9
C0DD,2019,5,102.3
C0DD,2019,6,46.3
C0DD,2019,7,75.0
C0DD,2019,8,96.1
C0DD,2019,9,76.1
C0DD,2019,10,110.2
C0DD,2019,11,346.4
C0DD,2019,12,99.0
C0E9,2019,1,299.6
C0E9,2019,2,60.6
C0E9,2019,3,54.2
C0E9,2019,4,102.7
C0E9,2019,5,104.1
C0E9,2019,6,46.0
C0E9,2019,7,58.6
C0E9,2019,8,75.8
C0E9,2019,9,49.5
C0E9,2019,10,93.9
C0E9,2019,11,384.9
C0E9,2019,12,120.8
C078,2019,1,276.6
C078,2019,2,68.2
C078,2019,3,59.5
C078,2019,4,98.5
C078,2019,5,111.2
C078,2019,6,40.5
C078,2019,7,43.9
C078,2019,8,66.9
C078,2019,9,64.6
C078,2019,10,106.7
C078,2019,11,309.5
C078,2019,12,135.7
C052,2019,1,458.8
C052,2019,2,96.5
C052,2019,3,108.2
C052,2019,4,141.4
C052,2019,5,273.8
C052,2019,6,90.6
C052,2019,7,90.2
C052,2019,8,90.4
C052,2019,9,71.3
C052,2019,10,155.4
C052,2019,11,603.8
C052,2019,12,192.3
C0E1,2019,1,239.6
C0E1,2019,2,45.7
C0E1,2019,3,44.8
C0E1,2019,4,95.8
C0E1,2019,5,88.1
C0E1,2019,6,46.8
C0E1,2019,7,52.2
C0E1,2019,8,63.4
C0E1,2019,9,39.1
C0E1,2019,10,89.5
C0E1,2019,11,305.2
C0E1,2019,12,96.2
C077,2019,1,296.4
C077,2019,2,58.3
C077,2019,3,88.3
C077,2019,4,110.4
C077,2019,5,129.0
C077,2019,6,70.6
C077,2019,7,96.9
C077,2019,8,88.9
C077,2019,9,60.7
C077,2019,10,125.5
C077,2019,11,413.4
C077,2019,12,139.0
C080,2019,1,413.1
C080,2019,2,101.3
C080,2019,3,120.9
C080,2019,4,143.1
C080,2019,5,347.9
C080,2019,6,98.5
C080,2019,7,121.1
C080,2019,8,103.4
C080,2019,9,80.0
C080,2019,10,177.7
C080,2019,11,562.8
C080,2019,12,225.9
C0E8,2019,1,344.7
C0E8,2019,2,45.3
C0E8,2019,3,59.2
C0E8,2019,4,111.4
C0E8,2019,5,119.5
C0E8,2019,6,61.1
C0E8,2019,7,78.2
C0E8,2019,8,77.9
C0E8,2019,9,62.0
C0E8,2019,10,103.2
C0E8,2019,11,382.5
C0E8,2019,12,120.8
C023,2019,1,334.5
C023,2019,2,65.5
C023,2019,3,59.9
C023,2019,4,89.1
C023,2019,5,131.7
C023,2019,6,38.3
C023,2019,7,43.4
C023,2019,8,60.4
C023,2019,9,78.0
C023,2019,10,103.9
C023,2019,11,374.0
C023,2019,12,133.9
C084,2019,1,215.1
C084,2019,2,44.6
C084,2019,3,56.6
C084,2019,4,96.3
C084,2019,5,200.4
C084,2019,6,98.1
C084,2019,7,113.4
C084,2019,8,90.9
C084,2019,9,67.3
C084,2019,10,158.2
C084,2019,11,505.7
C084,2019,12,147.4
C0EA,2019,1,323.2
C0EA,2019,2,58.2
C0EA,2019,3,71.1
C0EA,2019,4,134.4
C0EA,2019,5,117.5
C0EA,2019,6,73.7
C0EA,2019,7,96.7
C0EA,2019,8,83.2
C0EA,2019,9,77.2
C0EA,2019,10,108.9
C0EA,2019,11,380.5
C0EA,2019,12,126.2
C026,2019,1,495.5
C026,2019,2,98.2
C026,2019,3,101.4
C026,2019,4,157.7
C026,2019,5,235.8
C026,2019,6,74.0
C026,2019,7,99.1
C026,2019,8,79.3
C026,2019,9,66.5
C026,2019,10,145.3
C026,2019,11,450.6
C026,2019,12,164.7
C058,2019,1,366.5
C058,2019,2,72.0
C058,2019,3,73.7
C058,2019,4,133.6
C058,2019,5,164.4
C058,2019,6,57.7
C058,2019,7,68.5
C058,2019,8,85.3
C058,2019,9,62.4
C058,2019,10,143.0
C058,2019,11,438.0
C058,2019,12,114.8
C0F0,2019,1,308.3
C0F0,2019,2,62.5
C0F0,2019,3,89.2
C0F0,2019,4,126.5
C0F0,2019,5,204.7
C0F0,2019,6,104.8
C0F0,2019,7,106.6
C0F0,2019,8,97.8
C0F0,2019,9,73.7
C0F0,2019,10,160.4
C0F0,2019,11,444.6
C0F0,2019,12,145.8
C0F1,2019,1,479.6
C0F1,2019,2,114.9
C0F1,2019,3,132.5
C0F1,2019,4,158.9
C0F1,2019,5,453.2
C0F1,2019,6,128.2
C0F1,2019,7,161.3
C0F1,2019,8,138.9
C0F1,2019,9,106.0
C0F1,2019,10,231.5
C0F1,2019,11,634.8
C0F1,2019,12,281.0
C0E7,2019,1,284.6
C0E7,2019,2,66.5
C0E7,2019,3,35
C0E7,2019,4,91.7
C0E7,2019,5,86.0
C0E7,2019,6,30.4
C0E7,2019,7,45.7
C0E7,2019,8,68.6
C0E7,2019,9,47.2
C0E7,2019,10,79.0
C0E7,2019,11,309.7
C0E7,2019,12,124.0
C0DC,2019,1,359.7
C0DC,2019,2,68.5
C0DC,2019,3,64.5
C0DC,2019,4,85.3
C0DC,2019,5,88.5
C0DC,2019,6,34.2
C0DC,2019,7,47.7
C0DC,2019,8,65.9
C0DC,2019,9,45.4
C0DC,2019,10,85.7
C0DC,2019,11,385.3
C0DC,2019,12,117.3
C0EC,2019,1,288.1
C0EC,2019,2,75.5
C0EC,2019,3,83.8
C0EC,2019,4,115.7
C0EC,2019,5,164.0
C0EC,2019,6,67.1
C0EC,2019,7,92.7
C0EC,2019,8,81.3
C0EC,2019,9,67.7
C0EC,2019,10,135.7
C0EC,2019,11,419.6
C0EC,2019,12,137.0
C0DE,2019,1,295.0
C0DE,2019,2,76.9
C0DE,2019,3,67.5
C0DE,2019,4,113.2
C0DE,2019,5,111.0
C0DE,2019,6,27.1
C0DE,2019,7,49.3
C0DE,2019,8,66.5
C0DE,2019,9,50.5
C0DE,2019,10,99.9
C0DE,2019,11,327.2
C0DE,2019,12,111.9
C017,2019,1,259.2
C017,2019,2,55.0
C017,2019,3,68.4
C017,2019,4,120.2
C017,2019,5,218.0
C017,2019,6,64.0
C017,2019,7,120.3
C017,2019,8,94.9
C017,2019,9,67.6
C017,2019,10,165.7
C017,2019,11,472.6
C017,2019,12,137.1
C0F4,2019,1,189.3
C0F4,2019,2,65.4
C0F4,2019,3,77
C0F4,2019,4,110.6
C0F4,2019,5,273.1
C0F4,2019,6,89.9
C0F4,2019,7,105.6
C0F4,2019,8,96.6
C0F4,2019,9,90.0
C0F4,2019,10,174.9
C0F4,2019,11,425.7
C0F4,2019,12,119.0
C0D1,2019,1,288.0
C0D1,2019,2,54.1
C0D1,2019,3,47.7
C0D1,2019,4,93.5
C0D1,2019,5,107.4
C0D1,2019,6,24.9
C0D1,2019,7,47.6
C0D1,2019,8,65.3
C0D1,2019,9,80.5
C0D1,2019,10,101.7
C0D1,2019,11,376.8
C0D1,2019,12,158.7
C043,2019,1,260.9
C043,2019,2,53.5
C043,2019,3,42.3
C043,2019,4,93.1
C043,2019,5,97.3
C043,2019,6,41.2
C043,2019,7,52.7
C043,2019,8,71.8
C043,2019,9,47.8
C043,2019,10,89.2
C043,2019,11,239.0
C043,2019,12,104.3
C0D2,2019,1,275.5
C0D2,2019,2,53.1
C0D2,2019,3,50.1
C0D2,2019,4,93.1
C0D2,2019,5,123.8
C0D2,2019,6,25.9
C0D2,2019,7,43.6
C0D2,2019,8,57.9
C0D2,2019,9,66.4
C0D2,2019,10,106.6
C0D2,2019,11,397.0
C0D2,2019,12,158.7
C0D0,2019,1,250.5
C0D0,2019,2,51.7
C0D0,2019,3,34.9
C0D0,2019,4,115.5
C0D0,2019,5,92.4
C0D0,2019,6,38.0
C0D0,2019,7,58.8
C0D0,2019,8,70.5
C0D0,2019,9,74.8
C0D0,2019,10,92.6
C0D0,2019,11,355.5
C0D0,2019,12,114.2
C064,2019,1,169.3
C064,2019,2,26.0
C064,2019,3,52.1
C064,2019,4,102.5
C064,2019,5,108.8
C064,2019,6,42.0
C064,2019,7,88.2
C064,2019,8,85.9
C064,2019,9,63.7
C064,2019,10,121.4
C064,2019,11,353.7
C064,2019,12,115.8
