code,year,month,precipitacion_dias
C076,2016,1,20
C076,2016,2,19
C076,2016,3,22
C076,2016,4,19
C076,2016,5,14
C076,2016,6,11
C076,2016,7,5
C076,2016,8,4
C076,2016,9,11
C076,2016,10,7
C076,2016,11,14
C076,2016,12,8
C056,2016,1,22
C056,2016,2,19
C056,2016,3,20
C056,2016,4,20
C056,2016,5,15
C056,2016,6,11
C056,2016,7,7
C056,2016,8,5
C056,2016,9,10
C056,2016,10,9
C056,2016,11,14
C056,2016,12,7
C035,2016,1,22
C035,2016,2,20
C035,2016,3,23
C035,2016,4,21
C035,2016,5,19
C035,2016,6,12
C035,2016,7,16
C035,2016,8,8
C035,2016,9,12
C035,2016,10,10
C035,2016,11,16
C035,2016,12,8
C001,2016,1,19
C001,2016,2,18
C001,2016,3,21
C001,2016,4,21
C001,2016,5,15
C001,2016,6,12
C001,2016,7,8
C001,2016,8,5
C001,2016,9,12
C001,2016,10,8
C001,2016,11,14
C001,2016,12,9
C034,2016,1,21
C034,2016,2,16
C034,2016,3,22
C034,2016,4,19
C034,2016,5,15
C034,2016,6,6
C034,2016,7,4
C034,2016,8,3
C034,2016,9,8
C034,2016,10,7
C034,2016,11,14
C034,2016,12,5
C0AA,2016,1,20
C0AA,2016,2,19
C0AA,2016,3,20
C0AA,2016,4,20
C0AA,2016,5,13
C0AA,2016,6,12
C0AA,2016,7,8
C0AA,2016,8,6
C0AA,2016,9,11
C0AA,2016,10,10
C0AA,2016,11,15
C0AA,2016,12,9
C067,2016,1,23
C067,2016,2,21
C067,2016,3,23
C067,2016,4,17
C067,2016,5,14
C067,2016,6,12
C067,2016,7,15
C067,2016,8,6
C067,2016,9,11
C067,2016,10,9
C067,2016,11,13
C067,2016,12,8
C044,2016,1,23
C044,2016,2,20
C044,2016,3,23
C044,2016,4,20
C044,2016,5,16
C044,2016,6,12
C044,2016,7,14
C044,2016,8,9
C044,2016,9,12
C044,2016,10,10
C044,2016,11,16
C044,2016,12,7
C048,2016,1,16
C048,2016,2,19
C048,2016,3,22
C048,2016,4,17
C048,2016,5,17
C048,2016,6,10
C048,2016,7,7
C048,2016,8,8
C048,2016,9,11
C048,2016,10,10
C048,2016,11,16
C048,2016,12,9
C068,2016,1,20
C068,2016,2,21
C068,2016,3,20
C068,2016,4,15
C068,2016,5,20
C068,2016,6,12
C068,2016,7,5
C068,2016,8,8
C068,2016,9,13
C068,2016,10,9
C068,2016,11,17
C068,2016,12,8
C024,2016,1,19
C024,2016,2,20
C024,2016,3,20
C024,2016,4,19
C024,2016,5,19
C024,2016,6,9
C024,2016,7,10
C024,2016,8,9
C024,2016,9,11
C024,2016,10,11
C024,2016,11,16
C024,2016,12,10
C00A,2016,1,19
C00A,2016,2,19
C00A,2016,3,18
C00A,2016,4,18
C00A,2016,5,13
C00A,2016,6,7
C00A,2016,7,4
C00A,2016,8,1
C00A,2016,9,6
C00A,2016,10,11
C00A,2016,11,15
C00A,2016,12,6
C047,2016,1,21
C047,2016,2,20
C047,2016,3,23
C047,2016,4,20
C047,2016,5,19
C047,2016,6,13
C047,2016,7,16
C047,2016,8,12
C047,2016,9,14
C047,2016,10,13
C047,2016,11,15
C047,2016,12,9
C031,2016,1,13
C031,2016,2,16
C031,2016,3,11
C031,2016,4,6
C031,2016,5,13
C031,2016,6,7
C031,2016,7,7
C031,2016,8,2
C031,2016,9,5
C031,2016,10,9
C031,2016,11,14
C031,2016,12,7
C041,2016,1,19
C041,2016,2,18
C041,2016,3,17
C041,2016,4,17
C041,2016,5,13
C041,2016,6,9
C041,2016,7,7
C041,2016,8,4
C041,2016,9,11
C041,2016,10,11
C041,2016,11,15
C041,2016,12,6
C055,2016,1,22
C055,2016,2,20
C055,2016,3,23
C055,2016,4,20
C055,2016,5,14
C055,2016,6,12
C055,2016,7,5
C055,2016,8,5
C055,2016,9,12
C055,2016,10,8
C055,2016,11,15
C055,2016,12,9
C060,2016,1,17
C060,2016,2,18
C060,2016,3,17
C060,2016,4,17
C060,2016,5,10
C060,2016,6,6
C060,2016,7,3
C060,2016,8,1
C060,2016,9,7
C060,2016,10,9
C060,2016,11,14
C060,2016,12,9
C030,2016,1,21
C030,2016,2,19
C030,2016,3,20
C030,2016,4,19
C030,2016,5,20
C030,2016,6,12
C030,2016,7,6
C030,2016,8,5
C030,2016,9,11
C030,2016,10,8
C030,2016,11,16
C030,2016,12,9
C051,2016,1,22
C051,2016,2,19
C051,2016,3,22
C051,2016,4,21
C051,2016,5,15
C051,2016,6,11
C051,2016,7,15
C051,2016,8,10
C051,2016,9,11
C051,2016,10,7
C051,2016,11,15
C051,2016,12,7
C0A0,2016,1,23
C0A0,2016,2,20
C0A0,2016,3,23
C0A0,2016,4,23
C0A0,2016,5,20
C0A0,2016,6,12
C0A0,2016,7,13
C0A0,2016,8,6
C0A0,2016,9,10
C0A0,2016,10,9
C0A0,2016,11,17
C0A0,2016,12,8
C049,2016,1,22
C049,2016,2,19
C049,2016,3,21
C049,2016,4,20
C049,2016,5,19
C049,2016,6,8
C049,2016,7,8
C049,2016,8,4
C049,2016,9,8
C049,2016,10,8
C049,2016,11,14
C049,2016,12,6
C020,2016,1,18
C020,2016,2,15
C020,2016,3,19
C020,2016,4,18
C020,2016,5,15
C020,2016,6,9
C020,2016,7,4
C020,2016,8,5
C020,2016,9,10
C020,2016,10,9
C020,2016,11,14
C020,2016,12,8
C070,2016,1,19
C070,2016,2,18
C070,2016,3,19
C070,2016,4,20
C070,2016,5,16
C070,2016,6,13
C070,2016,7,8
C070,2016,8,9
C070,2016,9,13
C070,2016,10,10
C070,2016,11,14
C070,2016,12,5
C050,2016,1,17
C050,2016,2,17
C050,2016,3,19
C050,2016,4,18
C050,2016,5,14
C050,2016,6,7
C050,2016,7,5
C050,2016,8,5
C050,2016,9,7
C050,2016,10,7
C050,2016,11,14
C050,2016,12,5
C0B1,2016,1,20
C0B1,2016,2,19
C0B1,2016,3,21
C0B1,2016,4,20
C0B1,2016,5,15
C0B1,2016,6,11
C0B1,2016,7,15
C0B1,2016,8,9
C0B1,2016,9,10
C0B1,2016,10,9
C0B1,2016,11,17
C0B1,2016,12,10
C079,2016,1,21
C079,2016,2,20
C079,2016,3,21
C079,2016,4,18
C079,2016,5,16
C079,2016,6,12
C079,2016,7,15
C079,2016,8,10
C079,2016,9,12
C079,2016,10,9
C079,2016,11,17
C079,2016,12,7
C0C1,2016,1,17
C0C1,2016,2,19
C0C1,2016,3,21
C0C1,2016,4,19
C0C1,2016,5,16
C0C1,2016,6,8
C0C1,2016,7,9
C0C1,2016,8,5
C0C1,2016,9,10
C0C1,2016,10,9
C0C1,2016,11,14
C0C1,2016,12,6
C061,2016,1,17
C061,2016,2,20
C061,2016,3,21
C061,2016,4,20
C061,2016,5,15
C061,2016,6,12
C061,2016,7,16
C061,2016,8,8
C061,2016,9,11
C061,2016,10,7
C061,2016,11,17
C061,2016,12,6
C032,2016,1,25
C032,2016,2,21
C032,2016,3,22
C032,2016,4,19
C032,2016,5,18
C032,2016,6,11
C032,2016,7,15
C032,2016,8,9
C032,2016,9,10
C032,2016,10,10
C032,2016,11,13
C032,2016,12,8
C002,2016,1,23
C002,2016,2,22
C002,2016,3,20
C002,2016,4,18
C002,2016,5,15
C002,2016,6,10
C002,2016,7,15
C002,2016,8,9
C002,2016,9,13
C002,2016,10,13
C002,2016,11,19
C002,2016,12,10
C0C2,2016,1,17
C0C2,2016,2,20
C0C2,2016,3,20
C0C2,2016,4,20
C0C2,2016,5,16
C0C2,2016,6,9
C0C2,2016,7,10
C0C2,2016,8,7
C0C2,2016,9,10
C0C2,2016,10,7
C0C2,2016,11,15
C0C2,2016,12,12
C069,2016,1,21
C069,2016,2,22
C069,2016,3,21
C069,2016,4,21
C069,2016,5,16
C069,2016,6,10
C069,2016,7,14
C069,2016,8,10
C069,2016,9,12
C069,2016,10,8
C069,2016,11,17
C069,2016,12,10
C0B6,2016,1,23
C0B6,2016,2,20
C0B6,2016,3,22
C0B6,2016,4,18
C0B6,2016,5,15
C0B6,2016,6,13
C0B6,2016,7,14
C0B6,2016,8,9
C0B6,2016,9,11
C0B6,2016,10,9
C0B6,2016,11,18
C0B6,2016,12,8
C0BE,2016,1,21
C0BE,2016,2,21
C0BE,2016,3,18
C0BE,2016,4,22
C0BE,2016,5,17
C0BE,2016,6,10
C0BE,2016,7,15
C0BE,2016,8,11
C0BE,2016,9,13
C0BE,2016,10,13
C0BE,2016,11,18
C0BE,2016,12,8
C065,2016,1,17
C065,2016,2,18
C065,2016,3,19
C065,2016,4,21
C065,2016,5,16
C065,2016,6,7
C065,2016,7,14
C065,2016,8,11
C065,2016,9,12
C065,2016,10,9
C065,2016,11,17
C065,2016,12,9
C003,2016,1,20
C003,2016,2,22
C003,2016,3,21
C003,2016,4,19
C003,2016,5,15
C003,2016,6,11
C003,2016,7,14
C003,2016,8,9
C003,2016,9,10
C003,2016,10,8
C003,2016,11,18
C003,2016,12,9
C039,2016,1,18
C039,2016,2,21
C039,2016,3,19
C039,2016,4,15
C039,2016,5,12
C039,2016,6,11
C039,2016,7,13
C039,2016,8,6
C039,2016,9,10
C039,2016,10,7
C039,2016,11,16
C039,2016,12,8
C075,2016,1,23
C075,2016,2,23
C075,2016,3,20
C075,2016,4,20
C075,2016,5,18
C075,2016,6,12
C075,2016,7,18
C075,2016,8,12
C075,2016,9,14
C075,2016,10,10
C075,2016,11,20
C075,2016,12,8
C074,2016,1,23
C074,2016,2,22
C074,2016,3,22
C074,2016,4,22
C074,2016,5,17
C074,2016,6,14
C074,2016,7,17
C074,2016,8,14
C074,2016,9,15
C074,2016,10,8
C074,2016,11,20
C074,2016,12,8
C038,2016,1,17
C038,2016,2,21
C038,2016,3,20
C038,2016,4,17
C038,2016,5,14
C038,2016,6,12
C038,2016,7,16
C038,2016,8,8
C038,2016,9,11
C038,2016,10,7
C038,2016,11,18
C038,2016,12,8
C033,2016,1,20
C033,2016,2,21
C033,2016,3,22
C033,2016,4,20
C033,2016,5,14
C033,2016,6,14
C033,2016,7,16
C033,2016,8,8
C033,2016,9,13
C033,2016,10,10
C033,2016,11,16
C033,2016,12,7
C0BD,2016,1,24
C0BD,2016,2,22
C0BD,2016,3,21
C0BD,2016,4,22
C0BD,2016,5,16
C0BD,2016,6,13
C0BD,2016,7,16
C0BD,2016,8,13
C0BD,2016,9,13
C0BD,2016,10,15
C0BD,2016,11,19
C0BD,2016,12,9
C036,2016,1,22
C036,2016,2,22
C036,2016,3,21
C036,2016,4,21
C036,2016,5,15
C036,2016,6,12
C036,2016,7,13
C036,2016,8,11
C036,2016,9,13
C036,2016,10,11
C036,2016,11,17
C036,2016,12,9
C045,2016,1,18
C045,2016,2,20
C045,2016,3,21
C045,2016,4,19
C045,2016,5,16
C045,2016,6,10
C045,2016,7,15
C045,2016,8,13
C045,2016,9,11
C045,2016,10,11
C045,2016,11,15
C045,2016,12,11
C0B7,2016,1,21
C0B7,2016,2,21
C0B7,2016,3,20
C0B7,2016,4,18
C0B7,2016,5,16
C0B7,2016,6,14
C0B7,2016,7,15
C0B7,2016,8,10
C0B7,2016,9,14
C0B7,2016,10,11
C0B7,2016,11,17
C0B7,2016,12,7
C019,2016,1,21
C019,2016,2,21
C019,2016,3,22
C019,2016,4,18
C019,2016,5,13
C019,2016,6,12
C019,2016,7,16
C019,2016,8,10
C019,2016,9,14
C019,2016,10,9
C019,2016,11,16
C019,2016,12,11
C057,2016,1,21
C057,2016,2,22
C057,2016,3,21
C057,2016,4,19
C057,2016,5,14
C057,2016,6,8
C057,2016,7,14
C057,2016,8,12
C057,2016,9,13
C057,2016,10,8
C057,2016,11,18
C057,2016,12,10
C063,2016,1,16
C063,2016,2,23
C063,2016,3,19
C063,2016,4,18
C063,2016,5,17
C063,2016,6,8
C063,2016,7,14
C063,2016,8,11
C063,2016,9,13
C063,2016,10,11
C063,2016,11,19
C063,2016,12,9
C046,2016,1,19
C046,2016,2,19
C046,2016,3,21
C046,2016,4,19
C046,2016,5,19
C046,2016,6,13
C046,2016,7,19
C046,2016,8,13
C046,2016,9,14
C046,2016,10,13
C046,2016,11,16
C046,2016,12,9
C0BA,2016,1,23
C0BA,2016,2,22
C0BA,2016,3,22
C0BA,2016,4,23
C0BA,2016,5,18
C0BA,2016,6,9
C0BA,2016,7,16
C0BA,2016,8,10
C0BA,2016,9,13
C0BA,2016,10,12
C0BA,2016,11,19
C0BA,2016,12,9
C059,2016,1,20
C059,2016,2,20
C059,2016,3,20
C059,2016,4,22
C059,2016,5,16
C059,2016,6,9
C059,2016,7,9
C059,2016,8,7
C059,2016,9,9
C059,2016,10,7
C059,2016,11,14
C059,2016,12,8
C072,2016,1,24
C072,2016,2,20
C072,2016,3,22
C072,2016,4,21
C072,2016,5,18
C072,2016,6,11
C072,2016,7,16
C072,2016,8,13
C072,2016,9,14
C072,2016,10,9
C072,2016,11,15
C072,2016,12,7
C0B4,2016,1,21
C0B4,2016,2,19
C0B4,2016,3,23
C0B4,2016,4,18
C0B4,2016,5,15
C0B4,2016,6,12
C0B4,2016,7,16
C0B4,2016,8,9
C0B4,2016,9,12
C0B4,2016,10,8
C0B4,2016,11,15
C0B4,2016,12,8
C054,2016,1,23
C054,2016,2,20
C054,2016,3,23
C054,2016,4,20
C054,2016,5,16
C054,2016,6,13
C054,2016,7,15
C054,2016,8,12
C054,2016,9,15
C054,2016,10,11
C054,2016,11,19
C054,2016,12,9
C042,2016,1,20
C042,2016,2,20
C042,2016,3,17
C042,2016,4,17
C042,2016,5,14
C042,2016,6,9
C042,2016,7,13
C042,2016,8,9
C042,2016,9,11
C042,2016,10,8
C042,2016,11,17
C042,2016,12,8
C0B9,2016,1,23
C0B9,2016,2,22
C0B9,2016,3,21
C0B9,2016,4,17
C0B9,2016,5,15
C0B9,2016,6,11
C0B9,2016,7,14
C0B9,2016,8,8
C0B9,2016,9,10
C0B9,2016,10,8
C0B9,2016,11,18
C0B9,2016,12,10
C0C3,2016,1,21
C0C3,2016,2,21
C0C3,2016,3,21
C0C3,2016,4,18
C0C3,2016,5,13
C0C3,2016,6,8
C0C3,2016,7,12
C0C3,2016,8,6
C0C3,2016,9,12
C0C3,2016,10,7
C0C3,2016,11,16
C0C3,2016,12,7
C022,2016,1,22
C022,2016,2,20
C022,2016,3,19
C022,2016,4,19
C022,2016,5,15
C022,2016,6,13
C022,2016,7,17
C022,2016,8,12
C022,2016,9,12
C022,2016,10,9
C022,2016,11,16
C022,2016,12,8
C0B3,2016,1,24
C0B3,2016,2,23
C0B3,2016,3,23
C0B3,2016,4,19
C0B3,2016,5,17
C0B3,2016,6,13
C0B3,2016,7,15
C0B3,2016,8,9
C0B3,2016,9,12
C0B3,2016,10,8
C0B3,2016,11,18
C0B3,2016,12,7
C037,2016,1,18
C037,2016,2,21
C037,2016,3,21
C037,2016,4,20
C037,2016,5,16
C037,2016,6,12
C037,2016,7,15
C037,2016,8,10
C037,2016,9,10
C037,2016,10,8
C037,2016,11,19
C037,2016,12,9
C0E5,2016,1,25
C0E5,2016,2,18
C0E5,2016,3,21
C0E5,2016,4,22
C0E5,2016,5,19
C0E5,2016,6,12
C0E5,2016,7,19
C0E5,2016,8,12
C0E5,2016,9,15
C0E5,2016,10,11
C0E5,2016,11,18
C0E5,2016,12,7
C0DB,2016,1,24
C0DB,2016,2,18
C0DB,2016,3,22
C0DB,2016,4,22
C0DB,2016,5,19
C0DB,2016,6,10
C0DB,2016,7,15
C0DB,2016,8,11
C0DB,2016,9,14
C0DB,2016,10,12
C0DB,2016,11,19
C0DB,2016,12,7
C0D3,2016,1,25
C0D3,2016,2,22
C0D3,2016,3,23
C0D3,2016,4,21
C0D3,2016,5,18
C0D3,2016,6,12
C0D3,2016,7,18
C0D3,2016,8,13
C0D3,2016,9,14
C0D3,2016,10,9
C0D3,2016,11,19
C0D3,2016,12,7
C0DD,2016,1,21
C0DD,2016,2,22
C0DD,2016,3,22
C0DD,2016,4,20
C0DD,2016,5,19
C0DD,2016,6,10
C0DD,2016,7,17
C0DD,2016,8,9
C0DD,2016,9,15
C0DD,2016,10,11
C0DD,2016,11,19
C0DD,2016,12,8
C0E9,2016,1,22
C0E9,2016,2,18
C0E9,2016,3,21
C0E9,2016,4,20
C0E9,2016,5,23
C0E9,2016,6,9
C0E9,2016,7,9
C0E9,2016,8,11
C0E9,2016,9,14
C0E9,2016,10,8
C0E9,2016,11,18
C0E9,2016,12,9
C078,2016,1,22
C078,2016,2,21
C078,2016,3,21
C078,2016,4,20
C078,2016,5,18
C078,2016,6,10
C078,2016,7,19
C078,2016,8,14
C078,2016,9,14
C078,2016,10,13
C078,2016,11,18
C078,2016,12,7
C052,2016,1,23
C052,2016,2,20
C052,2016,3,23
C052,2016,4,21
C052,2016,5,19
C052,2016,6,13
C052,2016,7,19
C052,2016,8,15
C052,2016,9,14
C052,2016,10,11
C052,2016,11,17
C052,2016,12,7
C0E1,2016,1,24
C0E1,2016,2,18
C0E1,2016,3,23
C0E1,2016,4,19
C0E1,2016,5,19
C0E1,2016,6,12
C0E1,2016,7,15
C0E1,2016,8,14
C0E1,2016,9,15
C0E1,2016,10,10
C0E1,2016,11,18
C0E1,2016,12,8
C077,2016,1,23
C077,2016,2,21
C077,2016,3,22
C077,2016,4,20
C077,2016,5,21
C077,2016,6,10
C077,2016,7,19
C077,2016,8,13
C077,2016,9,15
C077,2016,10,11
C077,2016,11,19
C077,2016,12,7
C080,2016,1,22
C080,2016,2,23
C080,2016,3,23
C080,2016,4,23
C080,2016,5,21
C080,2016,6,14
C080,2016,7,18
C080,2016,8,15
C080,2016,9,15
C080,2016,10,9
C080,2016,11,17
C080,2016,12,6
C0E8,2016,1,21
C0E8,2016,2,19
C0E8,2016,3,22
C0E8,2016,4,21
C0E8,2016,5,20
C0E8,2016,6,10
C0E8,2016,7,14
C0E8,2016,8,11
C0E8,2016,9,14
C0E8,2016,10,9
C0E8,2016,11,18
C0E8,2016,12,9
C023,2016,1,23
C023,2016,2,19
C023,2016,3,23
C023,2016,4,22
C023,2016,5,18
C023,2016,6,11
C023,2016,7,15
C023,2016,8,8
C023,2016,9,13
C023,2016,10,9
C023,2016,11,15
C023,2016,12,9
C084,2016,1,22
C084,2016,2,22
C084,2016,3,22
C084,2016,4,18
C084,2016,5,20
C084,2016,6,11
C084,2016,7,14
C084,2016,8,9
C084,2016,9,14
C084,2016,10,8
C084,2016,11,19
C084,2016,12,6
C0EA,2016,1,22
C0EA,2016,2,19
C0EA,2016,3,22
C0EA,2016,4,21
C0EA,2016,5,23
C0EA,2016,6,10
C0EA,2016,7,15
C0EA,2016,8,13
C0EA,2016,9,14
C0EA,2016,10,9
C0EA,2016,11,19
C0EA,2016,12,7
C026,2016,1,22
C026,2016,2,19
C026,2016,3,23
C026,2016,4,20
C026,2016,5,21
C026,2016,6,13
C026,2016,7,20
C026,2016,8,13
C026,2016,9,15
C026,2016,10,8
C026,2016,11,19
C026,2016,12,9
C058,2016,1,21
C058,2016,2,22
C058,2016,3,21
C058,2016,4,23
C058,2016,5,22
C058,2016,6,12
C058,2016,7,18
C058,2016,8,14
C058,2016,9,15
C058,2016,10,11
C058,2016,11,20
C058,2016,12,8
C0F0,2016,1,22
C0F0,2016,2,20
C0F0,2016,3,22
C0F0,2016,4,20
C0F0,2016,5,21
C0F0,2016,6,13
C0F0,2016,7,18
C0F0,2016,8,13
C0F0,2016,9,14
C0F0,2016,10,10
C0F0,2016,11,17
C0F0,2016,12,6
C0E7,2016,1,24
C0E7,2016,2,18
C0E7,2016,3,22
C0E7,2016,4,21
C0E7,2016,5,18
C0E7,2016,6,11
C0E7,2016,7,13
C0E7,2016,8,13
C0E7,2016,9,15
C0E7,2016,10,10
C0E7,2016,11,17
C0E7,2016,12,7
C0DC,2016,1,21
C0DC,2016,2,21
C0DC,2016,3,21
C0DC,2016,4,18
C0DC,2016,5,15
C0DC,2016,6,12
C0DC,2016,7,15
C0DC,2016,8,11
C0DC,2016,9,14
C0DC,2016,10,12
C0DC,2016,11,20
C0DC,2016,12,7
C0EC,2016,1,21
C0EC,2016,2,21
C0EC,2016,3,21
C0EC,2016,4,20
C0EC,2016,5,19
C0EC,2016,6,11
C0EC,2016,7,17
C0EC,2016,8,12
C0EC,2016,9,15
C0EC,2016,10,10
C0EC,2016,11,19
C0EC,2016,12,6
C0DE,2016,1,23
C0DE,2016,2,21
C0DE,2016,3,22
C0DE,2016,4,22
C0DE,2016,5,18
C0DE,2016,6,11
C0DE,2016,7,19
C0DE,2016,8,12
C0DE,2016,9,14
C0DE,2016,10,13
C0DE,2016,11,20
C0DE,2016,12,7
C017,2016,1,22
C017,2016,2,22
C017,2016,3,21
C017,2016,4,20
C017,2016,5,21
C017,2016,6,12
C017,2016,7,16
C017,2016,8,12
C017,2016,9,16
C017,2016,10,9
C017,2016,11,17
C017,2016,12,5
C0F4,2016,1,22
C0F4,2016,2,22
C0F4,2016,3,22
C0F4,2016,4,20
C0F4,2016,5,20
C0F4,2016,6,11
C0F4,2016,7,15
C0F4,2016,8,11
C0F4,2016,9,14
C0F4,2016,10,9
C0F4,2016,11,17
C0F4,2016,12,5
C0D1,2016,1,21
C0D1,2016,2,21
C0D1,2016,3,23
C0D1,2016,4,22
C0D1,2016,5,17
C0D1,2016,6,12
C0D1,2016,7,15
C0D1,2016,8,13
C0D1,2016,9,14
C0D1,2016,10,10
C0D1,2016,11,15
C0D1,2016,12,8
C043,2016,1,24
C043,2016,2,19
C043,2016,3,21
C043,2016,4,21
C043,2016,5,20
C043,2016,6,11
C043,2016,7,13
C043,2016,8,13
C043,2016,9,14
C043,2016,10,9
C043,2016,11,16
C043,2016,12,9
C0D2,2016,1,23
C0D2,2016,2,21
C0D2,2016,3,21
C0D2,2016,4,21
C0D2,2016,5,19
C0D2,2016,6,11
C0D2,2016,7,18
C0D2,2016,8,10
C0D2,2016,9,14
C0D2,2016,10,8
C0D2,2016,11,17
C0D2,2016,12,8
C0D0,2016,1,22
C0D0,2016,2,21
C0D0,2016,3,22
C0D0,2016,4,22
C0D0,2016,5,17
C0D0,2016,6,11
C0D0,2016,7,19
C0D0,2016,8,11
C0D0,2016,9,15
C0D0,2016,10,9
C0D0,2016,11,16
C0D0,2016,12,7
C064,2016,1,21
C064,2016,2,21
C064,2016,3,19
C064,2016,4,20
C064,2016,5,18
C064,2016,6,10
C064,2016,7,16
C064,2016,8,9
C064,2016,9,14
C064,2016,10,10
C064,2016,11,16
C064,2016,12,8
C028,2016,1,22
C028,2016,2,20
C028,2016,3,22
C028,2016,4,22
C028,2016,5,19
C028,2016,6,11
C028,2016,7,19
C028,2016,8,13
C028,2016,9,15
C028,2016,10,10
C028,2016,11,16
C028,2016,12,6
C029,2016,1,19
C029,2016,2,20
C029,2016,3,21
C029,2016,4,21
C029,2016,5,21
C029,2016,6,10
C029,2016,7,20
C029,2016,8,11
C029,2016,9,15
C029,2016,10,9
C029,2016,11,20
C029,2016,12,7
C076,2017,1,10
C076,2017,2,12
C076,2017,3,11
C076,2017,4,8
C076,2017,5,9
C076,2017,6,11
C076,2017,7,7
C076,2017,8,8
C076,2017,9,11
C076,2017,10,9
C076,2017,11,15
C076,2017,12,22
C056,2017,1,10
C056,2017,2,12
C056,2017,3,12
C056,2017,4,7
C056,2017,5,10
C056,2017,6,14
C056,2017,7,7
C056,2017,8,7
C056,2017,9,12
C056,2017,10,10
C056,2017,11,14
C056,2017,12,17
C035,2017,1,11
C035,2017,2,12
C035,2017,3,14
C035,2017,4,10
C035,2017,5,12
C035,2017,6,16
C035,2017,7,8
C035,2017,8,12
C035,2017,9,13
C035,2017,10,10
C035,2017,11,16
C035,2017,12,21
C016,2017,1,10
C016,2017,2,13
C016,2017,3,11
C016,2017,4,9
C016,2017,5,10
C016,2017,6,13
C016,2017,7,8
C016,2017,8,8
C016,2017,9,13
C016,2017,10,8
C016,2017,11,14
C016,2017,12,20
C034,2017,1,11
C034,2017,2,12
C034,2017,3,10
C034,2017,4,8
C034,2017,5,13
C034,2017,6,11
C034,2017,7,3
C034,2017,8,6
C034,2017,9,6
C034,2017,10,7
C034,2017,11,15
C034,2017,12,21
C0AA,2017,1,10
C0AA,2017,2,13
C0AA,2017,3,13
C0AA,2017,4,7
C0AA,2017,5,9
C0AA,2017,6,11
C0AA,2017,7,7
C0AA,2017,8,6
C0AA,2017,9,6
C0AA,2017,10,8
C0AA,2017,11,16
C0AA,2017,12,19
C067,2017,1,10
C067,2017,2,13
C067,2017,3,10
C067,2017,4,8
C067,2017,5,12
C067,2017,6,18
C067,2017,7,11
C067,2017,8,14
C067,2017,9,15
C067,2017,10,11
C067,2017,11,16
C067,2017,12,23
C044,2017,1,10
C044,2017,2,11
C044,2017,3,13
C044,2017,4,10
C044,2017,5,12
C044,2017,6,15
C044,2017,7,5
C044,2017,8,11
C044,2017,9,14
C044,2017,10,8
C044,2017,11,16
C044,2017,12,23
C048,2017,1,11
C048,2017,2,12
C048,2017,3,13
C048,2017,4,7
C048,2017,5,10
C048,2017,6,15
C048,2017,7,9
C048,2017,8,13
C048,2017,9,11
C048,2017,10,9
C048,2017,11,15
C048,2017,12,21
C068,2017,1,11
C068,2017,2,13
C068,2017,3,15
C068,2017,4,8
C068,2017,5,12
C068,2017,6,13
C068,2017,7,6
C068,2017,8,8
C068,2017,9,12
C068,2017,10,9
C068,2017,11,17
C068,2017,12,21
C024,2017,1,11
C024,2017,2,13
C024,2017,3,14
C024,2017,4,8
C024,2017,5,12
C024,2017,6,14
C024,2017,7,9
C024,2017,8,10
C024,2017,9,12
C024,2017,10,12
C024,2017,11,17
C024,2017,12,21
C0A0,2017,1,10
C0A0,2017,2,12
C0A0,2017,3,11
C0A0,2017,4,6
C0A0,2017,5,11
C0A0,2017,6,11
C0A0,2017,7,8
C0A0,2017,8,8
C0A0,2017,9,6
C0A0,2017,10,5
C0A0,2017,11,15
C0A0,2017,12,19
C047,2017,1,12
C047,2017,2,13
C047,2017,3,13
C047,2017,4,9
C047,2017,5,12
C047,2017,6,17
C047,2017,7,17
C047,2017,8,13
C047,2017,9,18
C047,2017,10,9
C047,2017,11,18
C047,2017,12,17
C031,2017,1,9
C031,2017,2,11
C031,2017,3,8
C031,2017,4,5
C031,2017,5,10
C031,2017,6,8
C031,2017,7,7
C031,2017,8,6
C031,2017,9,4
C031,2017,10,4
C031,2017,11,11
C031,2017,12,17
C041,2017,1,10
C041,2017,2,11
C041,2017,3,10
C041,2017,4,7
C041,2017,5,10
C041,2017,6,15
C041,2017,7,9
C041,2017,8,7
C041,2017,9,9
C041,2017,10,7
C041,2017,11,16
C041,2017,12,17
C055,2017,1,11
C055,2017,2,12
C055,2017,3,14
C055,2017,4,8
C055,2017,5,11
C055,2017,6,13
C055,2017,7,6
C055,2017,8,6
C055,2017,9,12
C055,2017,10,8
C055,2017,11,17
C055,2017,12,21
C060,2017,1,9
C060,2017,2,11
C060,2017,3,11
C060,2017,4,6
C060,2017,5,9
C060,2017,6,9
C060,2017,7,5
C060,2017,8,8
C060,2017,9,3
C060,2017,10,6
C060,2017,11,12
C060,2017,12,14
C030,2017,1,10
C030,2017,2,12
C030,2017,3,12
C030,2017,4,7
C030,2017,5,11
C030,2017,6,13
C030,2017,7,7
C030,2017,8,8
C030,2017,9,7
C030,2017,10,8
C030,2017,11,16
C030,2017,12,19
C051,2017,1,10
C051,2017,2,11
C051,2017,3,13
C051,2017,4,9
C051,2017,5,12
C051,2017,6,14
C051,2017,7,10
C051,2017,8,9
C051,2017,9,14
C051,2017,10,9
C051,2017,11,16
C051,2017,12,21
C0A0,2017,1,10
C0A0,2017,2,12
C0A0,2017,3,12
C0A0,2017,4,9
C0A0,2017,5,12
C0A0,2017,6,12
C0A0,2017,7,6
C0A0,2017,8,11
C0A0,2017,9,15
C0A0,2017,10,10
C0A0,2017,11,17
C0A0,2017,12,22
C049,2017,1,9
C049,2017,2,12
C049,2017,3,10
C049,2017,4,9
C049,2017,5,11
C049,2017,6,12
C049,2017,7,5
C049,2017,8,6
C049,2017,9,6
C049,2017,10,8
C049,2017,11,16
C049,2017,12,17
C00B,2017,4,5
C00B,2017,5,12
C00B,2017,6,13
C00B,2017,7,6
C00B,2017,8,9
C00B,2017,9,15
C00B,2017,10,8
C00B,2017,11,15
C00B,2017,12,22
C020,2017,1,10
C020,2017,2,11
C020,2017,3,9
C020,2017,4,8
C020,2017,5,12
C020,2017,6,10
C020,2017,7,7
C020,2017,8,7
C020,2017,9,9
C020,2017,10,7
C020,2017,11,15
C020,2017,12,19
C070,2017,1,9
C070,2017,2,12
C070,2017,3,8
C070,2017,4,9
C070,2017,5,10
C070,2017,6,13
C070,2017,7,9
C070,2017,8,10
C070,2017,9,16
C070,2017,10,7
C070,2017,11,16
C070,2017,12,18
C050,2017,1,9
C050,2017,2,12
C050,2017,3,10
C050,2017,4,8
C050,2017,5,10
C050,2017,6,11
C050,2017,7,5
C050,2017,8,4
C050,2017,9,4
C050,2017,10,6
C050,2017,11,12
C050,2017,12,18
C0B1,2017,1,10
C0B1,2017,2,14
C0B1,2017,3,13
C0B1,2017,4,10
C0B1,2017,5,16
C0B1,2017,6,19
C0B1,2017,7,12
C0B1,2017,8,14
C0B1,2017,9,19
C0B1,2017,10,13
C0B1,2017,11,17
C0B1,2017,12,24
C079,2017,1,10
C079,2017,2,12
C079,2017,3,13
C079,2017,4,8
C079,2017,5,12
C079,2017,6,16
C079,2017,7,14
C079,2017,8,13
C079,2017,9,19
C079,2017,10,11
C079,2017,11,16
C079,2017,12,23
C0C1,2017,1,8
C0C1,2017,2,11
C0C1,2017,3,13
C0C1,2017,4,8
C0C1,2017,5,16
C0C1,2017,6,14
C0C1,2017,7,7
C0C1,2017,8,11
C0C1,2017,9,18
C0C1,2017,10,12
C0C1,2017,11,16
C0C1,2017,12,24
C061,2017,1,9
C061,2017,2,11
C061,2017,3,13
C061,2017,4,8
C061,2017,5,14
C061,2017,6,19
C061,2017,7,17
C061,2017,8,17
C061,2017,9,18
C061,2017,10,11
C061,2017,11,16
C061,2017,12,23
C032,2017,1,9
C032,2017,2,13
C032,2017,3,12
C032,2017,4,9
C032,2017,5,13
C032,2017,6,15
C032,2017,7,12
C032,2017,8,11
C032,2017,9,15
C032,2017,10,12
C032,2017,11,16
C032,2017,12,24
C002,2017,1,8
C002,2017,2,14
C002,2017,3,12
C002,2017,4,8
C002,2017,5,14
C002,2017,6,17
C002,2017,7,15
C002,2017,8,13
C002,2017,9,18
C002,2017,10,10
C002,2017,11,17
C002,2017,12,23
C0C2,2017,1,9
C0C2,2017,2,11
C0C2,2017,3,11
C0C2,2017,4,9
C0C2,2017,5,13
C0C2,2017,6,14
C0C2,2017,7,8
C0C2,2017,8,11
C0C2,2017,9,19
C0C2,2017,10,9
C0C2,2017,11,16
C0C2,2017,12,23
C069,2017,1,9
C069,2017,2,13
C069,2017,3,13
C069,2017,4,9
C069,2017,5,15
C069,2017,6,18
C069,2017,7,16
C069,2017,8,13
C069,2017,9,17
C069,2017,10,10
C069,2017,11,18
C069,2017,12,24
C0B6,2017,1,10
C0B6,2017,2,12
C0B6,2017,3,15
C0B6,2017,4,8
C0B6,2017,5,12
C0B6,2017,6,17
C0B6,2017,7,15
C0B6,2017,8,13
C0B6,2017,9,19
C0B6,2017,10,12
C0B6,2017,11,17
C0B6,2017,12,24
C0BE,2017,1,8
C0BE,2017,2,13
C0BE,2017,3,14
C0BE,2017,4,8
C0BE,2017,5,12
C0BE,2017,6,18
C0BE,2017,7,15
C0BE,2017,8,13
C0BE,2017,9,18
C0BE,2017,10,11
C0BE,2017,11,17
C0BE,2017,12,22
C065,2017,1,9
C065,2017,2,11
C065,2017,3,11
C065,2017,4,8
C065,2017,5,11
C065,2017,6,13
C065,2017,7,15
C065,2017,8,15
C065,2017,9,20
C065,2017,10,9
C065,2017,11,14
C065,2017,12,22
C003,2017,1,12
C003,2017,2,14
C003,2017,3,14
C003,2017,4,9
C003,2017,5,14
C003,2017,6,17
C003,2017,7,12
C003,2017,8,14
C003,2017,9,19
C003,2017,10,10
C003,2017,11,16
C003,2017,12,24
C039,2017,1,10
C039,2017,2,14
C039,2017,3,13
C039,2017,4,9
C039,2017,5,12
C039,2017,6,16
C039,2017,7,14
C039,2017,8,13
C039,2017,9,17
C039,2017,10,10
C039,2017,11,16
C039,2017,12,24
C075,2017,1,10
C075,2017,2,12
C075,2017,3,15
C075,2017,4,8
C075,2017,5,13
C075,2017,6,20
C075,2017,7,13
C075,2017,8,17
C075,2017,9,16
C075,2017,10,13
C075,2017,11,17
C075,2017,12,24
C074,2017,1,11
C074,2017,2,13
C074,2017,3,14
C074,2017,4,8
C074,2017,5,14
C074,2017,6,20
C074,2017,7,14
C074,2017,8,17
C074,2017,9,16
C074,2017,10,10
C074,2017,11,16
C074,2017,12,24
C009,2017,8,13
C009,2017,9,18
C009,2017,10,12
C009,2017,11,18
C009,2017,12,24
C038,2017,1,9
C038,2017,2,16
C038,2017,3,12
C038,2017,4,8
C038,2017,5,14
C038,2017,6,17
C038,2017,7,15
C038,2017,8,14
C038,2017,9,18
C038,2017,10,13
C038,2017,11,17
C038,2017,12,24
C033,2017,1,10
C033,2017,2,11
C033,2017,3,14
C033,2017,4,8
C033,2017,5,16
C033,2017,6,19
C033,2017,7,14
C033,2017,8,15
C033,2017,9,20
C033,2017,10,10
C033,2017,11,17
C033,2017,12,23
C0BD,2017,1,9
C0BD,2017,2,13
C0BD,2017,3,14
C0BD,2017,4,8
C0BD,2017,5,14
C0BD,2017,6,17
C0BD,2017,7,16
C0BD,2017,8,15
C0BD,2017,9,19
C0BD,2017,10,12
C0BD,2017,11,16
C0BD,2017,12,22
C036,2017,1,11
C036,2017,2,12
C036,2017,3,14
C036,2017,4,9
C036,2017,5,13
C036,2017,6,15
C036,2017,7,13
C036,2017,8,11
C036,2017,9,19
C036,2017,10,11
C036,2017,11,16
C036,2017,12,24
C045,2017,1,9
C045,2017,2,11
C045,2017,3,16
C045,2017,4,9
C045,2017,5,15
C045,2017,6,20
C045,2017,7,16
C045,2017,8,17
C045,2017,9,21
C045,2017,10,12
C045,2017,11,13
C045,2017,12,23
C0B7,2017,1,10
C0B7,2017,2,12
C0B7,2017,3,14
C0B7,2017,4,8
C0B7,2017,5,18
C0B7,2017,6,18
C0B7,2017,7,14
C0B7,2017,8,14
C0B7,2017,9,16
C0B7,2017,10,13
C0B7,2017,11,16
C0B7,2017,12,23
C019,2017,1,9
C019,2017,2,14
C019,2017,3,13
C019,2017,4,9
C019,2017,5,14
C019,2017,6,19
C019,2017,7,18
C019,2017,8,14
C019,2017,9,17
C019,2017,10,12
C019,2017,11,18
C019,2017,12,24
C057,2017,1,9
C057,2017,2,13
C057,2017,3,13
C057,2017,4,9
C057,2017,5,16
C057,2017,6,18
C057,2017,7,12
C057,2017,8,11
C057,2017,9,19
C057,2017,10,12
C057,2017,11,17
C057,2017,12,24
C063,2017,1,9
C063,2017,2,13
C063,2017,3,13
C063,2017,4,8
C063,2017,5,15
C063,2017,6,16
C063,2017,7,13
C063,2017,8,15
C063,2017,9,19
C063,2017,10,11
C063,2017,11,17
C063,2017,12,24
C046,2017,1,10
C046,2017,2,11
C046,2017,3,13
C046,2017,4,8
C046,2017,5,16
C046,2017,6,19
C046,2017,7,21
C046,2017,8,19
C046,2017,9,19
C046,2017,10,13
C046,2017,11,16
C046,2017,12,24
C0BA,2017,1,8
C0BA,2017,2,14
C0BA,2017,3,12
C0BA,2017,4,8
C0BA,2017,5,14
C0BA,2017,6,17
C0BA,2017,7,16
C0BA,2017,8,12
C0BA,2017,9,18
C0BA,2017,10,11
C0BA,2017,11,18
C0BA,2017,12,22
C059,2017,1,10
C059,2017,2,10
C059,2017,3,11
C059,2017,4,8
C059,2017,5,11
C059,2017,6,10
C059,2017,7,7
C059,2017,8,10
C059,2017,9,20
C059,2017,10,7
C059,2017,11,16
C059,2017,12,20
C072,2017,1,10
C072,2017,2,12
C072,2017,3,11
C072,2017,4,9
C072,2017,5,16
C072,2017,6,20
C072,2017,7,21
C072,2017,8,17
C072,2017,9,14
C072,2017,10,11
C072,2017,11,16
C072,2017,12,22
C0B4,2017,1,10
C0B4,2017,2,12
C0B4,2017,3,14
C0B4,2017,4,9
C0B4,2017,5,13
C0B4,2017,6,19
C0B4,2017,7,13
C0B4,2017,8,14
C0B4,2017,9,14
C0B4,2017,10,11
C0B4,2017,11,16
C0B4,2017,12,24
C054,2017,1,11
C054,2017,2,13
C054,2017,3,14
C054,2017,4,8
C054,2017,5,12
C054,2017,6,19
C054,2017,7,11
C054,2017,8,11
C054,2017,9,17
C054,2017,10,10
C054,2017,11,17
C054,2017,12,23
C042,2017,1,9
C042,2017,2,14
C042,2017,3,10
C042,2017,4,7
C042,2017,5,17
C042,2017,6,15
C042,2017,7,12
C042,2017,8,13
C042,2017,9,19
C042,2017,10,11
C042,2017,11,17
C042,2017,12,23
C0B9,2017,1,11
C0B9,2017,2,16
C0B9,2017,3,15
C0B9,2017,4,10
C0B9,2017,5,16
C0B9,2017,6,16
C0B9,2017,7,15
C0B9,2017,8,14
C0B9,2017,9,19
C0B9,2017,10,12
C0B9,2017,11,17
C0B9,2017,12,24
C0C3,2017,1,9
C0C3,2017,2,13
C0C3,2017,3,14
C0C3,2017,4,9
C0C3,2017,5,16
C0C3,2017,6,16
C0C3,2017,7,10
C0C3,2017,8,12
C0C3,2017,9,17
C0C3,2017,10,11
C0C3,2017,11,17
C0C3,2017,12,23
C022,2017,1,11
C022,2017,2,12
C022,2017,3,14
C022,2017,4,8
C022,2017,5,16
C022,2017,6,22
C022,2017,7,19
C022,2017,8,19
C022,2017,9,16
C022,2017,10,14
C022,2017,11,16
C022,2017,12,24
C0B3,2017,1,11
C0B3,2017,2,11
C0B3,2017,3,15
C0B3,2017,4,8
C0B3,2017,5,18
C0B3,2017,6,19
C0B3,2017,7,15
C0B3,2017,8,16
C0B3,2017,9,19
C0B3,2017,10,11
C0B3,2017,11,17
C0B3,2017,12,24
C037,2017,1,10
C037,2017,2,13
C037,2017,3,13
C037,2017,4,8
C037,2017,5,16
C037,2017,6,20
C037,2017,7,15
C037,2017,8,16
C037,2017,9,18
C037,2017,10,12
C037,2017,11,15
C037,2017,12,24
C0E5,2017,1,12
C0E5,2017,2,13
C0E5,2017,3,15
C0E5,2017,4,7
C0E5,2017,5,10
C0E5,2017,6,18
C0E5,2017,7,13
C0E5,2017,8,14
C0E5,2017,9,18
C0E5,2017,10,13
C0E5,2017,11,17
C0E5,2017,12,22
C0DB,2017,1,11
C0DB,2017,2,13
C0DB,2017,3,17
C0DB,2017,4,8
C0DB,2017,5,16
C0DB,2017,6,16
C0DB,2017,7,12
C0DB,2017,8,14
C0DB,2017,9,17
C0DB,2017,10,12
C0DB,2017,11,16
C0DB,2017,12,24
C0D3,2017,1,11
C0D3,2017,2,12
C0D3,2017,3,16
C0D3,2017,4,8
C0D3,2017,5,15
C0D3,2017,6,21
C0D3,2017,7,16
C0D3,2017,8,16
C0D3,2017,9,18
C0D3,2017,10,12
C0D3,2017,11,17
C0D3,2017,12,24
C0DD,2017,1,10
C0DD,2017,2,14
C0DD,2017,3,15
C0DD,2017,4,8
C0DD,2017,5,13
C0DD,2017,6,18
C0DD,2017,7,16
C0DD,2017,8,17
C0DD,2017,9,16
C0DD,2017,10,12
C0DD,2017,11,16
C0DD,2017,12,22
C0E9,2017,1,11
C0E9,2017,2,13
C0E9,2017,3,15
C0E9,2017,4,7
C0E9,2017,5,11
C0E9,2017,6,14
C0E9,2017,7,9
C0E9,2017,8,13
C0E9,2017,9,17
C0E9,2017,10,13
C0E9,2017,11,18
C0E9,2017,12,22
C078,2017,1,9
C078,2017,2,12
C078,2017,3,16
C078,2017,4,8
C078,2017,5,15
C078,2017,6,17
C078,2017,7,14
C078,2017,8,15
C078,2017,9,16
C078,2017,10,13
C078,2017,11,16
C078,2017,12,23
C052,2017,1,12
C052,2017,2,13
C052,2017,3,15
C052,2017,4,8
C052,2017,5,13
C052,2017,6,20
C052,2017,7,15
C052,2017,8,17
C052,2017,9,17
C052,2017,10,13
C052,2017,11,16
C052,2017,12,24
C0E1,2017,1,11
C0E1,2017,2,13
C0E1,2017,3,15
C0E1,2017,4,8
C0E1,2017,5,12
C0E1,2017,6,17
C0E1,2017,7,13
C0E1,2017,8,18
C0E1,2017,9,18
C0E1,2017,10,13
C0E1,2017,11,17
C0E1,2017,12,22
C077,2017,1,12
C077,2017,2,13
C077,2017,3,16
C077,2017,4,7
C077,2017,5,13
C077,2017,6,19
C077,2017,7,16
C077,2017,8,18
C077,2017,9,17
C077,2017,10,13
C077,2017,11,15
C077,2017,12,24
C080,2017,1,12
C080,2017,2,14
C080,2017,3,16
C080,2017,4,9
C080,2017,5,16
C080,2017,6,19
C080,2017,7,15
C080,2017,8,19
C080,2017,9,19
C080,2017,10,14
C080,2017,11,16
C080,2017,12,24
C0E8,2017,1,11
C0E8,2017,2,13
C0E8,2017,3,15
C0E8,2017,4,9
C0E8,2017,5,14
C0E8,2017,6,16
C0E8,2017,7,11
C0E8,2017,8,14
C0E8,2017,9,17
C0E8,2017,10,13
C0E8,2017,11,17
C0E8,2017,12,23
C023,2017,1,10
C023,2017,2,13
C023,2017,3,12
C023,2017,4,8
C023,2017,5,14
C023,2017,6,17
C023,2017,7,8
C023,2017,8,13
C023,2017,9,17
C023,2017,10,11
C023,2017,11,16
C023,2017,12,22
C084,2017,1,11
C084,2017,2,13
C084,2017,3,14
C084,2017,4,8
C084,2017,5,15
C084,2017,6,17
C084,2017,7,10
C084,2017,8,11
C084,2017,9,17
C084,2017,10,12
C084,2017,11,16
C084,2017,12,20
C0EA,2017,1,12
C0EA,2017,2,13
C0EA,2017,3,14
C0EA,2017,4,9
C0EA,2017,5,13
C0EA,2017,6,17
C0EA,2017,7,15
C0EA,2017,8,16
C0EA,2017,9,18
C0EA,2017,10,14
C0EA,2017,11,16
C0EA,2017,12,23
C026,2017,1,13
C026,2017,2,12
C026,2017,3,16
C026,2017,4,8
C026,2017,5,13
C026,2017,6,17
C026,2017,7,15
C026,2017,8,18
C026,2017,9,18
C026,2017,10,14
C026,2017,11,16
C026,2017,12,23
C058,2017,1,12
C058,2017,2,14
C058,2017,3,17
C058,2017,4,8
C058,2017,5,14
C058,2017,6,19
C058,2017,7,19
C058,2017,8,20
C058,2017,9,17
C058,2017,10,14
C058,2017,11,17
C058,2017,12,23
C0F0,2017,1,11
C0F0,2017,2,14
C0F0,2017,3,16
C0F0,2017,4,9
C0F0,2017,5,15
C0F0,2017,6,19
C0F0,2017,7,15
C0F0,2017,8,18
C0F0,2017,9,17
C0F0,2017,10,15
C0F0,2017,11,16
C0F0,2017,12,24
C0F1,2017,10,8
C0F1,2017,11,17
C0F1,2017,12,24
C0E7,2017,1,11
C0E7,2017,2,13
C0E7,2017,3,17
C0E7,2017,4,8
C0E7,2017,5,11
C0E7,2017,6,15
C0E7,2017,7,11
C0E7,2017,8,14
C0E7,2017,9,16
C0E7,2017,10,11
C0E7,2017,11,17
C0E7,2017,12,23
C0DC,2017,1,11
C0DC,2017,2,13
C0DC,2017,3,16
C0DC,2017,4,8
C0DC,2017,5,12
C0DC,2017,6,17
C0DC,2017,7,12
C0DC,2017,8,13
C0DC,2017,9,16
C0DC,2017,10,14
C0DC,2017,11,17
C0DC,2017,12,24
C0EC,2017,1,10
C0EC,2017,2,13
C0EC,2017,3,16
C0EC,2017,4,8
C0EC,2017,5,14
C0EC,2017,6,19
C0EC,2017,7,14
C0EC,2017,8,19
C0EC,2017,9,16
C0EC,2017,10,13
C0EC,2017,11,16
C0EC,2017,12,22
C0DE,2017,1,13
C0DE,2017,2,14
C0DE,2017,3,17
C0DE,2017,4,8
C0DE,2017,5,13
C0DE,2017,6,18
C0DE,2017,7,12
C0DE,2017,8,15
C0DE,2017,9,17
C0DE,2017,10,13
C0DE,2017,11,17
C0DE,2017,12,23
C017,2017,1,10
C017,2017,2,13
C017,2017,3,16
C017,2017,4,7
C017,2017,5,17
C017,2017,6,19
C017,2017,7,15
C017,2017,8,18
C017,2017,9,16
C017,2017,10,14
C017,2017,11,16
C017,2017,12,23
C0F4,2017,1,10
C0F4,2017,2,13
C0F4,2017,3,16
C0F4,2017,4,9
C0F4,2017,5,16
C0F4,2017,6,19
C0F4,2017,7,12
C0F4,2017,8,15
C0F4,2017,9,19
C0F4,2017,10,13
C0F4,2017,11,16
C0F4,2017,12,22
C0D1,2017,1,10
C0D1,2017,2,13
C0D1,2017,3,16
C0D1,2017,4,9
C0D1,2017,5,13
C0D1,2017,6,14
C0D1,2017,7,12
C0D1,2017,8,14
C0D1,2017,9,18
C0D1,2017,10,11
C0D1,2017,11,16
C0D1,2017,12,22
C043,2017,1,14
C043,2017,2,13
C043,2017,3,15
C043,2017,4,7
C043,2017,5,10
C043,2017,6,11
C043,2017,7,10
C043,2017,8,13
C043,2017,9,12
C043,2017,10,12
C043,2017,11,17
C043,2017,12,23
C0D2,2017,1,10
C0D2,2017,2,13
C0D2,2017,3,15
C0D2,2017,4,9
C0D2,2017,5,14
C0D2,2017,6,17
C0D2,2017,7,12
C0D2,2017,8,15
C0D2,2017,9,16
C0D2,2017,10,12
C0D2,2017,11,16
C0D2,2017,12,22
C0D0,2017,1,10
C0D0,2017,2,13
C0D0,2017,3,16
C0D0,2017,4,10
C0D0,2017,5,13
C0D0,2017,6,18
C0D0,2017,7,16
C0D0,2017,8,19
C0D0,2017,9,18
C0D0,2017,10,13
C0D0,2017,11,16
C0D0,2017,12,22
C064,2017,1,10
C064,2017,2,14
C064,2017,3,14
C064,2017,4,7
C064,2017,5,14
C064,2017,6,18
C064,2017,7,15
C064,2017,8,14
C064,2017,9,15
C064,2017,10,12
C064,2017,11,16
C064,2017,12,23
C028,2017,1,13
C028,2017,2,13
C028,2017,3,16
C028,2017,4,7
C028,2017,5,14
C028,2017,6,18
C028,2017,7,15
C028,2017,8,14
C028,2017,9,15
C028,2017,10,11
C028,2017,11,16
C028,2017,12,21
C029,2017,1,11
C029,2017,2,14
C029,2017,3,16
C029,2017,4,8
C029,2017,5,13
C029,2017,6,16
C029,2017,7,14
C029,2017,8,18
C029,2017,9,18
C029,2017,10,12
C029,2017,11,17
C029,2017,12,22
C076,2018,1,20
C076,2018,2,19
C076,2018,3,26
C076,2018,4,18
C076,2018,5,16
C076,2018,6,15
C076,2018,7,9
C076,2018,8,3
C076,2018,9,8
C076,2018,10,14
C076,2018,11,16
C076,2018,12,6
C056,2018,1,20
C056,2018,2,19
C056,2018,3,25
C056,2018,4,19
C056,2018,5,17
C056,2018,6,12
C056,2018,7,9
C056,2018,8,3
C056,2018,9,9
C056,2018,10,10
C056,2018,11,18
C056,2018,12,7
C035,2018,1,23
C035,2018,2,21
C035,2018,3,26
C035,2018,4,20
C035,2018,5,19
C035,2018,6,20
C035,2018,7,14
C035,2018,8,9
C035,2018,9,6
C035,2018,10,15
C035,2018,11,19
C035,2018,12,10
C016,2018,1,19
C016,2018,2,19
C016,2018,3,26
C016,2018,4,18
C016,2018,5,17
C016,2018,6,13
C016,2018,7,10
C016,2018,8,4
C016,2018,9,7
C016,2018,10,13
C016,2018,11,16
C016,2018,12,6
C034,2018,1,16
C034,2018,2,20
C034,2018,3,26
C034,2018,4,19
C034,2018,5,12
C034,2018,6,15
C034,2018,7,13
C034,2018,8,1
C034,2018,9,8
C034,2018,10,12
C034,2018,11,17
C034,2018,12,5
C0AA,2018,1,20
C0AA,2018,2,19
C0AA,2018,3,25
C0AA,2018,4,15
C0AA,2018,5,17
C0AA,2018,6,14
C0AA,2018,7,9
C0AA,2018,8,2
C0AA,2018,9,7
C0AA,2018,10,11
C0AA,2018,11,19
C0AA,2018,12,9
C067,2018,1,22
C067,2018,2,20
C067,2018,3,22
C067,2018,4,18
C067,2018,5,17
C067,2018,6,17
C067,2018,7,15
C067,2018,8,9
C067,2018,9,9
C067,2018,10,13
C067,2018,11,17
C067,2018,12,8
C044,2018,1,22
C044,2018,2,21
C044,2018,3,25
C044,2018,4,17
C044,2018,5,19
C044,2018,6,17
C044,2018,7,12
C044,2018,8,7
C044,2018,9,7
C044,2018,10,14
C044,2018,11,18
C044,2018,12,10
C048,2018,1,19
C048,2018,2,19
C048,2018,3,27
C048,2018,4,19
C048,2018,5,21
C048,2018,6,14
C048,2018,7,13
C048,2018,8,6
C048,2018,9,7
C048,2018,10,16
C048,2018,11,20
C048,2018,12,7
C068,2018,1,21
C068,2018,2,20
C068,2018,3,25
C068,2018,4,20
C068,2018,5,17
C068,2018,6,14
C068,2018,7,12
C068,2018,8,6
C068,2018,9,8
C068,2018,10,13
C068,2018,11,18
C068,2018,12,7
C024,2018,1,24
C024,2018,2,20
C024,2018,3,27
C024,2018,4,19
C024,2018,5,19
C024,2018,6,17
C024,2018,7,15
C024,2018,8,9
C024,2018,9,10
C024,2018,10,12
C024,2018,11,20
C024,2018,12,7
C0A0,2018,1,18
C0A0,2018,2,17
C0A0,2018,3,26
C0A0,2018,4,13
C0A0,2018,5,14
C0A0,2018,6,12
C0A0,2018,7,10
C0A0,2018,8,1
C0A0,2018,9,5
C0A0,2018,10,10
C0A0,2018,11,20
C0A0,2018,12,6
C047,2018,1,20
C047,2018,2,19
C047,2018,3,27
C047,2018,4,20
C047,2018,5,21
C047,2018,6,19
C047,2018,7,17
C047,2018,8,8
C047,2018,9,11
C047,2018,10,14
C047,2018,11,25
C047,2018,12,8
C031,2018,1,15
C031,2018,2,15
C031,2018,3,19
C031,2018,4,15
C031,2018,5,13
C031,2018,6,11
C031,2018,7,8
C031,2018,8,0
C031,2018,9,5
C031,2018,10,10
C031,2018,11,17
C031,2018,12,6
C041,2018,1,19
C041,2018,2,20
C041,2018,3,27
C041,2018,4,18
C041,2018,5,19
C041,2018,6,14
C041,2018,7,10
C041,2018,8,3
C041,2018,9,9
C041,2018,10,12
C041,2018,11,20
C041,2018,12,7
C055,2018,1,22
C055,2018,2,20
C055,2018,3,27
C055,2018,4,18
C055,2018,5,15
C055,2018,6,15
C055,2018,7,8
C055,2018,8,2
C055,2018,9,7
C055,2018,10,14
C055,2018,11,20
C055,2018,12,9
C060,2018,1,14
C060,2018,2,17
C060,2018,3,22
C060,2018,4,16
C060,2018,5,14
C060,2018,6,9
C060,2018,7,10
C060,2018,8,0
C060,2018,9,5
C060,2018,10,10
C060,2018,11,19
C060,2018,12,5
C030,2018,1,21
C030,2018,2,20
C030,2018,3,25
C030,2018,4,20
C030,2018,5,15
C030,2018,6,11
C030,2018,7,10
C030,2018,8,1
C030,2018,9,7
C030,2018,10,9
C030,2018,11,17
C030,2018,12,8
C051,2018,1,23
C051,2018,2,20
C051,2018,3,24
C051,2018,4,21
C051,2018,5,18
C051,2018,6,16
C051,2018,7,10
C051,2018,8,9
C051,2018,9,4
C051,2018,10,12
C051,2018,11,19
C051,2018,12,7
C0A0,2018,1,22
C0A0,2018,2,20
C0A0,2018,3,27
C0A0,2018,4,19
C0A0,2018,5,18
C0A0,2018,6,17
C0A0,2018,7,13
C0A0,2018,8,7
C0A0,2018,9,6
C0A0,2018,10,14
C0A0,2018,11,19
C0A0,2018,12,10
C049,2018,1,15
C049,2018,2,19
C049,2018,3,24
C049,2018,4,17
C049,2018,5,18
C049,2018,6,14
C049,2018,7,10
C049,2018,8,5
C049,2018,9,9
C049,2018,10,11
C049,2018,11,16
C049,2018,12,5
C00B,2018,1,15
C00B,2018,2,20
C00B,2018,3,27
C00B,2018,4,19
C00B,2018,5,15
C00B,2018,6,15
C00B,2018,7,11
C00B,2018,8,4
C00B,2018,9,5
C00B,2018,10,15
C00B,2018,11,18
C00B,2018,12,6
C020,2018,1,17
C020,2018,2,19
C020,2018,3,26
C020,2018,4,17
C020,2018,5,14
C020,2018,6,14
C020,2018,7,8
C020,2018,8,1
C020,2018,9,10
C020,2018,10,13
C020,2018,11,14
C020,2018,12,5
C070,2018,1,19
C070,2018,2,19
C070,2018,3,27
C070,2018,4,19
C070,2018,5,19
C070,2018,6,18
C070,2018,7,14
C070,2018,8,8
C070,2018,9,11
C070,2018,10,18
C070,2018,11,19
C070,2018,12,7
C050,2018,1,14
C050,2018,2,16
C050,2018,3,23
C050,2018,4,17
C050,2018,5,13
C050,2018,6,13
C050,2018,7,9
C050,2018,8,2
C050,2018,9,7
C050,2018,10,11
C050,2018,11,17
C050,2018,12,6
C0B1,2018,1,24
C0B1,2018,2,20
C0B1,2018,3,24
C0B1,2018,4,20
C0B1,2018,5,16
C0B1,2018,6,17
C0B1,2018,7,16
C0B1,2018,8,11
C0B1,2018,9,7
C0B1,2018,10,13
C0B1,2018,11,20
C0B1,2018,12,10
C079,2018,1,23
C079,2018,2,20
C079,2018,3,23
C079,2018,4,18
C079,2018,5,16
C079,2018,6,20
C079,2018,7,16
C079,2018,8,12
C079,2018,9,8
C079,2018,10,13
C079,2018,11,21
C079,2018,12,12
C0C1,2018,1,23
C0C1,2018,2,20
C0C1,2018,3,22
C0C1,2018,4,19
C0C1,2018,5,15
C0C1,2018,6,16
C0C1,2018,7,13
C0C1,2018,8,11
C0C1,2018,9,9
C0C1,2018,10,12
C0C1,2018,11,20
C0C1,2018,12,8
C061,2018,1,20
C061,2018,2,20
C061,2018,3,22
C061,2018,4,19
C061,2018,5,16
C061,2018,6,19
C061,2018,7,15
C061,2018,8,11
C061,2018,9,9
C061,2018,10,14
C061,2018,11,19
C061,2018,12,7
C032,2018,1,23
C032,2018,2,20
C032,2018,3,23
C032,2018,4,19
C032,2018,5,16
C032,2018,6,19
C032,2018,7,14
C032,2018,8,9
C032,2018,9,5
C032,2018,10,13
C032,2018,11,18
C032,2018,12,8
C002,2018,1,23
C002,2018,2,20
C002,2018,3,25
C002,2018,4,15
C002,2018,5,14
C002,2018,6,16
C002,2018,7,15
C002,2018,8,10
C002,2018,9,10
C002,2018,10,11
C002,2018,11,19
C002,2018,12,10
C0C2,2018,1,23
C0C2,2018,2,20
C0C2,2018,3,22
C0C2,2018,4,18
C0C2,2018,5,14
C0C2,2018,6,16
C0C2,2018,7,11
C0C2,2018,8,8
C0C2,2018,9,8
C0C2,2018,10,12
C0C2,2018,11,17
C0C2,2018,12,8
C069,2018,1,23
C069,2018,2,20
C069,2018,3,23
C069,2018,4,17
C069,2018,5,14
C069,2018,6,19
C069,2018,7,16
C069,2018,8,12
C069,2018,9,9
C069,2018,10,13
C069,2018,11,17
C069,2018,12,11
C0B6,2018,1,24
C0B6,2018,2,20
C0B6,2018,3,23
C0B6,2018,4,19
C0B6,2018,5,18
C0B6,2018,6,20
C0B6,2018,7,16
C0B6,2018,8,12
C0B6,2018,9,10
C0B6,2018,10,12
C0B6,2018,11,19
C0B6,2018,12,12
C0BE,2018,1,23
C0BE,2018,2,20
C0BE,2018,3,24
C0BE,2018,4,18
C0BE,2018,5,16
C0BE,2018,6,16
C0BE,2018,7,18
C0BE,2018,8,13
C0BE,2018,9,12
C0BE,2018,10,11
C0BE,2018,11,21
C0BE,2018,12,11
C065,2018,1,22
C065,2018,2,20
C065,2018,3,22
C065,2018,4,22
C065,2018,5,18
C065,2018,6,21
C065,2018,7,21
C065,2018,8,11
C065,2018,9,12
C065,2018,10,13
C065,2018,11,15
C065,2018,12,8
C003,2018,1,23
C003,2018,2,20
C003,2018,3,24
C003,2018,4,17
C003,2018,5,16
C003,2018,6,18
C003,2018,7,16
C003,2018,8,11
C003,2018,9,7
C003,2018,10,11
C003,2018,11,18
C003,2018,12,11
C039,2018,1,23
C039,2018,2,20
C039,2018,3,23
C039,2018,4,18
C039,2018,5,15
C039,2018,6,16
C039,2018,7,11
C039,2018,8,10
C039,2018,9,5
C039,2018,10,11
C039,2018,11,17
C039,2018,12,10
C075,2018,1,25
C075,2018,2,21
C075,2018,3,24
C075,2018,4,19
C075,2018,5,17
C075,2018,6,18
C075,2018,7,17
C075,2018,8,12
C075,2018,9,12
C075,2018,10,14
C075,2018,11,18
C075,2018,12,12
C074,2018,1,24
C074,2018,2,21
C074,2018,3,26
C074,2018,4,21
C074,2018,5,16
C074,2018,6,17
C074,2018,7,15
C074,2018,8,11
C074,2018,9,7
C074,2018,10,14
C074,2018,11,19
C074,2018,12,13
C009,2018,1,23
C009,2018,2,20
C009,2018,3,22
C009,2018,4,16
C009,2018,5,16
C009,2018,6,17
C009,2018,7,15
C009,2018,8,11
C009,2018,9,8
C009,2018,10,12
C009,2018,11,19
C009,2018,12,11
C038,2018,1,23
C038,2018,2,20
C038,2018,3,22
C038,2018,4,18
C038,2018,5,17
C038,2018,6,17
C038,2018,7,14
C038,2018,8,11
C038,2018,9,6
C038,2018,10,11
C038,2018,11,19
C038,2018,12,11
C033,2018,1,20
C033,2018,2,20
C033,2018,3,23
C033,2018,4,20
C033,2018,5,17
C033,2018,6,21
C033,2018,7,16
C033,2018,8,12
C033,2018,9,5
C033,2018,10,16
C033,2018,11,20
C033,2018,12,12
C0BD,2018,1,24
C0BD,2018,2,21
C0BD,2018,3,25
C0BD,2018,4,19
C0BD,2018,5,17
C0BD,2018,6,18
C0BD,2018,7,17
C0BD,2018,8,12
C0BD,2018,9,11
C0BD,2018,10,14
C0BD,2018,11,19
C0BD,2018,12,14
C036,2018,1,24
C036,2018,2,20
C036,2018,3,24
C036,2018,4,17
C036,2018,5,17
C036,2018,6,18
C036,2018,7,15
C036,2018,8,11
C036,2018,9,8
C036,2018,10,13
C036,2018,11,20
C036,2018,12,13
C045,2018,1,22
C045,2018,2,19
C045,2018,3,21
C045,2018,4,18
C045,2018,5,19
C045,2018,6,19
C045,2018,7,19
C045,2018,8,12
C045,2018,9,9
C045,2018,10,15
C045,2018,11,18
C045,2018,12,9
C0B7,2018,1,23
C0B7,2018,2,20
C0B7,2018,3,23
C0B7,2018,4,20
C0B7,2018,5,18
C0B7,2018,6,17
C0B7,2018,7,17
C0B7,2018,8,10
C0B7,2018,9,6
C0B7,2018,10,13
C0B7,2018,11,19
C0B7,2018,12,11
COD.,2018,1,ENE
COD.,2018,2,FEB
COD.,2018,3,MAR
COD.,2018,4,ABR
COD.,2018,5,MAY
COD.,2018,6,JUN
COD.,2018,7,JUL
COD.,2018,8,AGO
COD.,2018,9,SET
COD.,2018,10,OCT
COD.,2018,11,NOV
COD.,2018,12,DIC
,2018,3,DÍAS DE PRECIPITACIÓN
C019,2018,1,24
C019,2018,2,20
C019,2018,3,25
C019,2018,4,19
C019,2018,5,15
C019,2018,6,19
C019,2018,7,15
C019,2018,8,12
C019,2018,9,9
C019,2018,10,14
C019,2018,11,18
C019,2018,12,12
C057,2018,1,25
C057,2018,2,20
C057,2018,3,25
C057,2018,4,18
C057,2018,5,14
C057,2018,6,16
C057,2018,7,14
C057,2018,8,11
C057,2018,9,7
C057,2018,10,13
C057,2018,11,17
C057,2018,12,13
C063,2018,1,24
C063,2018,2,20
C063,2018,3,26
C063,2018,4,17
C063,2018,5,15
C063,2018,6,18
C063,2018,7,14
C063,2018,8,12
C063,2018,9,9
C063,2018,10,13
C063,2018,11,20
C063,2018,12,13
C046,2018,1,23
C046,2018,2,21
C046,2018,3,21
C046,2018,4,18
C046,2018,5,20
C046,2018,6,22
C046,2018,7,21
C046,2018,8,14
C046,2018,9,12
C046,2018,10,16
C046,2018,11,19
C046,2018,12,12
C0BA,2018,1,23
C0BA,2018,2,21
C0BA,2018,3,28
C0BA,2018,4,18
C0BA,2018,5,15
C0BA,2018,6,15
C0BA,2018,7,18
C0BA,2018,8,14
C0BA,2018,9,12
C0BA,2018,10,13
C0BA,2018,11,21
C0BA,2018,12,12
C059,2018,1,22
C059,2018,2,20
C059,2018,3,23
C059,2018,4,18
C059,2018,5,13
C059,2018,6,13
C059,2018,7,14
C059,2018,8,10
C059,2018,9,6
C059,2018,10,12
C059,2018,11,15
C059,2018,12,7
C072,2018,1,19
C072,2018,2,19
C072,2018,3,23
C072,2018,4,21
C072,2018,5,19
C072,2018,6,21
C072,2018,7,20
C072,2018,8,10
C072,2018,9,9
C072,2018,10,14
C072,2018,11,16
C072,2018,12,8
C0B4,2018,1,20
C0B4,2018,2,20
C0B4,2018,3,21
C0B4,2018,4,19
C0B4,2018,5,19
C0B4,2018,6,20
C0B4,2018,7,14
C0B4,2018,8,11
C0B4,2018,9,4
C0B4,2018,10,14
C0B4,2018,11,18
C0B4,2018,12,8
C054,2018,1,22
C054,2018,2,20
C054,2018,3,24
C054,2018,4,20
C054,2018,5,19
C054,2018,6,22
C054,2018,7,18
C054,2018,8,9
C054,2018,9,8
C054,2018,10,16
C054,2018,11,18
C054,2018,12,12
C042,2018,1,23
C042,2018,2,20
C042,2018,3,25
C042,2018,4,18
C042,2018,5,15
C042,2018,6,16
C042,2018,7,14
C042,2018,8,11
C042,2018,9,5
C042,2018,10,12
C042,2018,11,15
C042,2018,12,10
C0B9,2018,1,23
C0B9,2018,2,20
C0B9,2018,3,22
C0B9,2018,4,20
C0B9,2018,5,17
C0B9,2018,6,17
C0B9,2018,7,15
C0B9,2018,8,12
C0B9,2018,9,8
C0B9,2018,10,15
C0B9,2018,11,20
C0B9,2018,12,11
C0C3,2018,1,24
C0C3,2018,2,21
C0C3,2018,3,23
C0C3,2018,4,17
C0C3,2018,5,15
C0C3,2018,6,15
C0C3,2018,7,12
C0C3,2018,8,11
C0C3,2018,9,6
C0C3,2018,10,13
C0C3,2018,11,18
C0C3,2018,12,10
C022,2018,1,23
C022,2018,2,21
C022,2018,3,24
C022,2018,4,21
C022,2018,5,19
C022,2018,6,20
C022,2018,7,21
C022,2018,8,13
C022,2018,9,9
C022,2018,10,13
C022,2018,11,19
C022,2018,12,11
C0B3,2018,1,23
C0B3,2018,2,20
C0B3,2018,3,22
C0B3,2018,4,18
C0B3,2018,5,18
C0B3,2018,6,20
C0B3,2018,7,14
C0B3,2018,8,11
C0B3,2018,9,7
C0B3,2018,10,12
C0B3,2018,11,20
C0B3,2018,12,12
C037,2018,1,22
C037,2018,2,20
C037,2018,3,21
C037,2018,4,19
C037,2018,5,16
C037,2018,6,20
C037,2018,7,13
C037,2018,8,12
C037,2018,9,9
C037,2018,10,14
C037,2018,11,18
C037,2018,12,10
C0E5,2018,1,21
C0E5,2018,2,20
C0E5,2018,3,22
C0E5,2018,4,22
C0E5,2018,5,19
C0E5,2018,6,17
C0E5,2018,7,15
C0E5,2018,8,10
C0E5,2018,9,8
C0E5,2018,10,15
C0E5,2018,11,20
C0E5,2018,12,10
C0DB,2018,1,23
C0DB,2018,2,21
C0DB,2018,3,24
C0DB,2018,4,21
C0DB,2018,5,18
C0DB,2018,6,17
C0DB,2018,7,16
C0DB,2018,8,11
C0DB,2018,9,10
C0DB,2018,10,14
C0DB,2018,11,18
C0DB,2018,12,14
C0D3,2018,1,24
C0D3,2018,2,21
C0D3,2018,3,25
C0D3,2018,4,21
C0D3,2018,5,16
C0D3,2018,6,19
C0D3,2018,7,17
C0D3,2018,8,13
C0D3,2018,9,15
C0D3,2018,10,13
C0D3,2018,11,19
C0D3,2018,12,13
C0DD,2018,1,24
C0DD,2018,2,21
C0DD,2018,3,22
C0DD,2018,4,19
C0DD,2018,5,16
C0DD,2018,6,19
C0DD,2018,7,22
C0DD,2018,8,14
C0DD,2018,9,11
C0DD,2018,10,15
C0DD,2018,11,20
C0DD,2018,12,13
C0E9,2018,1,23
C0E9,2018,2,21
C0E9,2018,3,23
C0E9,2018,4,18
C0E9,2018,5,20
C0E9,2018,6,19
C0E9,2018,7,13
C0E9,2018,8,12
C0E9,2018,9,9
C0E9,2018,10,15
C0E9,2018,11,19
C0E9,2018,12,13
C078,2018,1,24
C078,2018,2,20
C078,2018,3,25
C078,2018,4,20
C078,2018,5,15
C078,2018,6,18
C078,2018,7,20
C078,2018,8,13
C078,2018,9,11
C078,2018,10,13
C078,2018,11,20
C078,2018,12,14
C052,2018,1,25
C052,2018,2,21
C052,2018,3,24
C052,2018,4,19
C052,2018,5,20
C052,2018,6,23
C052,2018,7,16
C052,2018,8,13
C052,2018,9,13
C052,2018,10,14
C052,2018,11,19
C052,2018,12,14
C0E1,2018,1,21
C0E1,2018,2,20
C0E1,2018,3,21
C0E1,2018,4,23
C0E1,2018,5,18
C0E1,2018,6,20
C0E1,2018,7,14
C0E1,2018,8,10
C0E1,2018,9,8
C0E1,2018,10,15
C0E1,2018,11,18
C0E1,2018,12,12
C077,2018,1,24
C077,2018,2,20
C077,2018,3,24
C077,2018,4,20
C077,2018,5,18
C077,2018,6,22
C077,2018,7,17
C077,2018,8,11
C077,2018,9,8
C077,2018,10,13
C077,2018,11,19
C077,2018,12,13
C080,2018,1,25
C080,2018,2,20
C080,2018,3,24
C080,2018,4,22
C080,2018,5,21
C080,2018,6,22
C080,2018,7,15
C080,2018,8,14
C080,2018,9,8
C080,2018,10,14
C080,2018,11,18
C080,2018,12,14
C0E8,2018,1,23
C0E8,2018,2,21
C0E8,2018,3,23
C0E8,2018,4,19
C0E8,2018,5,19
C0E8,2018,6,21
C0E8,2018,7,14
C0E8,2018,8,11
C0E8,2018,9,9
C0E8,2018,10,13
C0E8,2018,11,19
C0E8,2018,12,12
C023,2018,1,22
C023,2018,2,20
C023,2018,3,25
C023,2018,4,19
C023,2018,5,16
C023,2018,6,17
C023,2018,7,15
C023,2018,8,12
C023,2018,9,9
C023,2018,10,13
C023,2018,11,21
C023,2018,12,11
C084,2018,1,24
C084,2018,2,20
C084,2018,3,24
C084,2018,4,16
C084,2018,5,17
C084,2018,6,17
C084,2018,7,18
C084,2018,8,12
C084,2018,9,8
C084,2018,10,13
C084,2018,11,19
C084,2018,12,12
C0EA,2018,1,23
C0EA,2018,2,21
C0EA,2018,3,23
C0EA,2018,4,19
C0EA,2018,5,19
C0EA,2018,6,23
C0EA,2018,7,15
C0EA,2018,8,13
C0EA,2018,9,10
C0EA,2018,10,15
C0EA,2018,11,19
C0EA,2018,12,13
C026,2018,1,24
C026,2018,2,21
C026,2018,3,23
C026,2018,4,17
C026,2018,5,19
C026,2018,6,22
C026,2018,7,18
C026,2018,8,13
C026,2018,9,9
C026,2018,10,13
C026,2018,11,18
C026,2018,12,12
C058,2018,1,24
C058,2018,2,20
C058,2018,3,23
C058,2018,4,19
C058,2018,5,19
C058,2018,6,22
C058,2018,7,18
C058,2018,8,12
C058,2018,9,11
C058,2018,10,16
C058,2018,11,20
C058,2018,12,14
C0F0,2018,1,24
C0F0,2018,2,20
C0F0,2018,3,23
C0F0,2018,4,19
C0F0,2018,5,19
C0F0,2018,6,23
C0F0,2018,7,17
C0F0,2018,8,10
C0F0,2018,9,8
C0F0,2018,10,17
C0F0,2018,11,17
C0F0,2018,12,11
C0F1,2018,1,25
C0F1,2018,2,21
C0F1,2018,3,25
C0F1,2018,4,21
C0F1,2018,5,21
C0F1,2018,6,22
C0F1,2018,7,20
C0F1,2018,8,14
C0F1,2018,9,14
C0F1,2018,10,14
C0F1,2018,11,19
C0F1,2018,12,12
C0E7,2018,1,22
C0E7,2018,2,21
C0E7,2018,3,23
C0E7,2018,4,20
C0E7,2018,5,19
C0E7,2018,6,13
C0E7,2018,7,15
C0E7,2018,8,10
C0E7,2018,9,7
C0E7,2018,10,14
C0E7,2018,11,19
C0E7,2018,12,11
C0DC,2018,1,24
C0DC,2018,2,21
C0DC,2018,3,24
C0DC,2018,4,18
C0DC,2018,5,17
C0DC,2018,6,18
C0DC,2018,7,18
C0DC,2018,8,13
C0DC,2018,9,10
C0DC,2018,10,13
C0DC,2018,11,20
C0DC,2018,12,11
C0EC,2018,1,24
C0EC,2018,2,20
C0EC,2018,3,24
C0EC,2018,4,20
C0EC,2018,5,18
C0EC,2018,6,21
C0EC,2018,7,16
C0EC,2018,8,11
C0EC,2018,9,10
C0EC,2018,10,16
C0EC,2018,11,19
C0EC,2018,12,12
C0DE,2018,1,24
C0DE,2018,2,20
C0DE,2018,3,24
C0DE,2018,4,22
C0DE,2018,5,20
C0DE,2018,6,18
C0DE,2018,7,17
C0DE,2018,8,11
C0DE,2018,9,11
C0DE,2018,10,15
C0DE,2018,11,19
C0DE,2018,12,13
C017,2018,1,24
C017,2018,2,20
C017,2018,3,24
C017,2018,4,19
C017,2018,5,17
C017,2018,6,19
C017,2018,7,14
C017,2018,8,9
C017,2018,9,6
C017,2018,10,14
C017,2018,11,18
C017,2018,12,13
C0F4,2018,1,24
C0F4,2018,2,20
C0F4,2018,3,24
C0F4,2018,4,19
C0F4,2018,5,16
C0F4,2018,6,20
C0F4,2018,7,16
C0F4,2018,8,12
C0F4,2018,9,7
C0F4,2018,10,12
C0F4,2018,11,16
C0F4,2018,12,11
C0D1,2018,1,22
C0D1,2018,2,21
C0D1,2018,3,26
C0D1,2018,4,19
C0D1,2018,5,18
C0D1,2018,6,17
C0D1,2018,7,16
C0D1,2018,8,10
C0D1,2018,9,8
C0D1,2018,10,14
C0D1,2018,11,18
C0D1,2018,12,13
C043,2018,1,23
C043,2018,2,21
C043,2018,3,23
C043,2018,4,19
C043,2018,5,17
C043,2018,6,14
C043,2018,7,15
C043,2018,8,9
C043,2018,9,7
C043,2018,10,12
C043,2018,11,20
C043,2018,12,11
C0D2,2018,1,22
C0D2,2018,2,20
C0D2,2018,3,24
C0D2,2018,4,20
C0D2,2018,5,18
C0D2,2018,6,17
C0D2,2018,7,15
C0D2,2018,8,11
C0D2,2018,9,9
C0D2,2018,10,14
C0D2,2018,11,18
C0D2,2018,12,13
C0D0,2018,1,23
C0D0,2018,2,20
C0D0,2018,3,28
C0D0,2018,4,21
C0D0,2018,5,18
C0D0,2018,6,19
C0D0,2018,7,18
C0D0,2018,8,12
C0D0,2018,9,11
C0D0,2018,10,16
C0D0,2018,11,19
C0D0,2018,12,11
C064,2018,1,24
C064,2018,2,20
C064,2018,3,21
C064,2018,4,18
C064,2018,5,17
C064,2018,6,20
C064,2018,7,17
C064,2018,8,10
C064,2018,9,9
C064,2018,10,13
C064,2018,11,20
C064,2018,12,11
C028,2018,1,19
C028,2018,2,20
C028,2018,3,27
C028,2018,4,23
C028,2018,5,18
C028,2018,6,19
C028,2018,7,15
C028,2018,8,11
C028,2018,9,8
C028,2018,10,12
C028,2018,11,19
C028,2018,12,12
C076,2019,1,19
C076,2019,2,5
C076,2019,3,7
C076,2019,4,17
C076,2019,5,15
C076,2019,6,8
C076,2019,7,9
C076,2019,8,8
C076,2019,9,9
C076,2019,10,13
C076,2019,11,26
C076,2019,12,13
C056,2019,1,18
C056,2019,2,5
C056,2019,3,11
C056,2019,4,16
C056,2019,5,15
C056,2019,6,8
C056,2019,7,8
C056,2019,8,10
C056,2019,9,12
C056,2019,10,16
C056,2019,11,26
C056,2019,12,13
C035,2019,1,22
C035,2019,2,7
C035,2019,3,10
C035,2019,4,15
C035,2019,5,17
C035,2019,6,9
C035,2019,7,16
C035,2019,8,11
C035,2019,9,16
C035,2019,10,16
C035,2019,11,27
C035,2019,12,13
C016,2019,1,19
C016,2019,2,6
C016,2019,3,10
C016,2019,4,17
C016,2019,5,14
C016,2019,6,7
C016,2019,7,11
C016,2019,8,10
C016,2019,9,11
C016,2019,10,13
C016,2019,11,25
C016,2019,12,12
C034,2019,1,16
C034,2019,2,5
C034,2019,3,7
C034,2019,4,15
C034,2019,5,14
C034,2019,6,9
C034,2019,7,13
C034,2019,8,7
C034,2019,9,8
C034,2019,10,12
C034,2019,11,25
C034,2019,12,12
C0AA,2019,1,19
C0AA,2019,2,5
C0AA,2019,3,12
C0AA,2019,4,17
C0AA,2019,5,14
C0AA,2019,6,7
C0AA,2019,7,8
C0AA,2019,8,9
C0AA,2019,9,13
C0AA,2019,10,13
C0AA,2019,11,28
C0AA,2019,12,13
C067,2019,1,22
C067,2019,2,6
C067,2019,3,12
C067,2019,4,19
C067,2019,5,16
C067,2019,6,6
C067,2019,7,13
C067,2019,8,7
C067,2019,9,13
C067,2019,10,18
C067,2019,11,26
C067,2019,12,13
C044,2019,1,21
C044,2019,2,7
C044,2019,3,12
C044,2019,4,18
C044,2019,5,15
C044,2019,6,10
C044,2019,7,12
C044,2019,8,10
C044,2019,9,11
C044,2019,10,17
C044,2019,11,28
C044,2019,12,13
C048,2019,1,21
C048,2019,2,6
C048,2019,3,11
C048,2019,4,17
C048,2019,5,14
C048,2019,6,8
C048,2019,7,14
C048,2019,8,12
C048,2019,9,13
C048,2019,10,12
C048,2019,11,28
C048,2019,12,14
C068,2019,1,19
C068,2019,2,7
C068,2019,3,12
C068,2019,4,19
C068,2019,5,14
C068,2019,6,10
C068,2019,7,8
C068,2019,8,8
C068,2019,9,13
C068,2019,10,16
C068,2019,11,28
C068,2019,12,13
C024,2019,1,19
C024,2019,2,7
C024,2019,3,10
C024,2019,4,18
C024,2019,5,17
C024,2019,6,11
C024,2019,7,12
C024,2019,8,9
C024,2019,9,16
C024,2019,10,17
C024,2019,11,28
C024,2019,12,13
C0A0,2019,1,16
C0A0,2019,2,5
C0A0,2019,3,6
C0A0,2019,4,17
C0A0,2019,5,12
C0A0,2019,6,8
C0A0,2019,7,8
C0A0,2019,8,5
C0A0,2019,9,8
C0A0,2019,10,13
C0A0,2019,11,27
C0A0,2019,12,11
C047,2019,1,21
C047,2019,2,6
C047,2019,3,12
C047,2019,4,20
C047,2019,5,16
C047,2019,6,10
C047,2019,7,11
C047,2019,8,10
C047,2019,9,14
C047,2019,10,18
C047,2019,11,30
C047,2019,12,15
C031,2019,1,12
C031,2019,2,4
C031,2019,3,3
C031,2019,4,15
C031,2019,5,7
C031,2019,6,8
C031,2019,7,9
C031,2019,8,5
C031,2019,9,7
C031,2019,10,8
C031,2019,11,27
C031,2019,12,8
C041,2019,1,17
C041,2019,2,5
C041,2019,3,7
C041,2019,4,16
C041,2019,5,14
C041,2019,6,8
C041,2019,7,9
C041,2019,8,6
C041,2019,9,10
C041,2019,10,10
C041,2019,11,27
C041,2019,12,12
C055,2019,1,20
C055,2019,2,6
C055,2019,3,10
C055,2019,4,19
C055,2019,5,13
C055,2019,6,7
C055,2019,7,6
C055,2019,8,10
C055,2019,9,13
C055,2019,10,16
C055,2019,11,28
C055,2019,12,15
C060,2019,1,14
C060,2019,2,4
C060,2019,3,5
C060,2019,4,15
C060,2019,5,8
C060,2019,6,7
C060,2019,7,9
C060,2019,8,5
C060,2019,9,8
C060,2019,10,7
C060,2019,11,24
C060,2019,12,11
C030,2019,1,22
C030,2019,2,9
C030,2019,3,11
C030,2019,4,18
C030,2019,5,14
C030,2019,6,8
C030,2019,7,9
C030,2019,8,10
C030,2019,9,9
C030,2019,10,14
C030,2019,11,29
C030,2019,12,14
C051,2019,1,18
C051,2019,2,6
C051,2019,3,11
C051,2019,4,17
C051,2019,5,15
C051,2019,6,9
C051,2019,7,12
C051,2019,8,9
C051,2019,9,12
C051,2019,10,15
C051,2019,11,26
C051,2019,12,13
C0A0,2019,1,22
C0A0,2019,2,7
C0A0,2019,3,12
C0A0,2019,4,17
C0A0,2019,5,15
C0A0,2019,6,8
C0A0,2019,7,14
C0A0,2019,8,9
C0A0,2019,9,15
C0A0,2019,10,16
C0A0,2019,11,27
C0A0,2019,12,13
C049,2019,1,17
C049,2019,2,6
C049,2019,3,8
C049,2019,4,15
C049,2019,5,14
C049,2019,6,6
C049,2019,7,14
C049,2019,8,8
C049,2019,9,9
C049,2019,10,12
C049,2019,11,26
C049,2019,12,14
C00B,2019,1,16
C00B,2019,2,5
C00B,2019,3,9
C00B,2019,4,17
C00B,2019,5,13
C00B,2019,6,8
C00B,2019,7,9
C00B,2019,8,9
C00B,2019,9,13
C00B,2019,10,13
C00B,2019,11,26
C00B,2019,12,12
C020,2019,1,17
C020,2019,2,5
C020,2019,3,7
C020,2019,4,14
C020,2019,5,14
C020,2019,6,6
C020,2019,7,11
C020,2019,8,10
C020,2019,9,11
C020,2019,10,11
C020,2019,11,25
C020,2019,12,11
C070,2019,1,17
C070,2019,2,6
C070,2019,3,9
C070,2019,4,18
C070,2019,5,16
C070,2019,6,8
C070,2019,7,16
C070,2019,8,10
C070,2019,9,14
C070,2019,10,16
C070,2019,11,28
C070,2019,12,13
C050,2019,1,16
C050,2019,2,4
C050,2019,3,6
C050,2019,4,16
C050,2019,5,9
C050,2019,6,8
C050,2019,7,13
C050,2019,8,8
C050,2019,9,8
C050,2019,10,8
C050,2019,11,23
C050,2019,12,13
C0B1,2019,1,22
C0B1,2019,2,9
C0B1,2019,3,11
C0B1,2019,4,16
C0B1,2019,5,15
C0B1,2019,6,8
C0B1,2019,7,16
C0B1,2019,8,12
C0B1,2019,9,16
C0B1,2019,10,18
C0B1,2019,11,26
C0B1,2019,12,13
C079,2019,1,23
C079,2019,2,9
C079,2019,3,11
C079,2019,4,16
C079,2019,5,17
C079,2019,6,10
C079,2019,7,15
C079,2019,8,11
C079,2019,9,12
C079,2019,10,20
C079,2019,11,28
C079,2019,12,14
C0C1,2019,1,18
C0C1,2019,2,10
C0C1,2019,3,12
C0C1,2019,4,18
C0C1,2019,5,16
C0C1,2019,6,8
C0C1,2019,7,11
C0C1,2019,8,11
C0C1,2019,9,14
C0C1,2019,10,18
C0C1,2019,11,25
C0C1,2019,12,13
C061,2019,1,21
C061,2019,2,9
C061,2019,3,12
C061,2019,4,19
C061,2019,5,16
C061,2019,6,11
C061,2019,7,13
C061,2019,8,11
C061,2019,9,15
C061,2019,10,18
C061,2019,11,27
C061,2019,12,13
C032,2019,1,23
C032,2019,2,8
C032,2019,3,11
C032,2019,4,16
C032,2019,5,16
C032,2019,6,8
C032,2019,7,14
C032,2019,8,8
C032,2019,9,11
C032,2019,10,22
C032,2019,11,28
C032,2019,12,15
C002,2019,1,23
C002,2019,2,5
C002,2019,3,13
C002,2019,4,17
C002,2019,5,17
C002,2019,6,9
C002,2019,7,15
C002,2019,8,14
C002,2019,9,12
C002,2019,10,19
C002,2019,11,28
C002,2019,12,15
C0C2,2019,1,18
C0C2,2019,2,9
C0C2,2019,3,12
C0C2,2019,4,16
C0C2,2019,5,16
C0C2,2019,6,8
C0C2,2019,7,10
C0C2,2019,8,7
C0C2,2019,9,13
C0C2,2019,10,18
C0C2,2019,11,26
C0C2,2019,12,13
C069,2019,1,24
C069,2019,2,8
C069,2019,3,11
C069,2019,4,18
C069,2019,5,16
C069,2019,6,11
C069,2019,7,13
C069,2019,8,10
C069,2019,9,14
C069,2019,10,17
C069,2019,11,28
C069,2019,12,14
C0B6,2019,1,23
C0B6,2019,2,10
C0B6,2019,3,11
C0B6,2019,4,16
C0B6,2019,5,17
C0B6,2019,6,9
C0B6,2019,7,13
C0B6,2019,8,14
C0B6,2019,9,14
C0B6,2019,10,20
C0B6,2019,11,28
C0B6,2019,12,15
C0BE,2019,1,21
C0BE,2019,2,6
C0BE,2019,3,12
C0BE,2019,4,18
C0BE,2019,5,15
C0BE,2019,6,11
C0BE,2019,7,15
C0BE,2019,8,12
C0BE,2019,9,12
C0BE,2019,10,16
C0BE,2019,11,26
C0BE,2019,12,15
C065,2019,1,17
C065,2019,2,7
C065,2019,3,11
C065,2019,4,15
C065,2019,5,17
C065,2019,6,13
C065,2019,7,19
C065,2019,8,15
C065,2019,9,14
C065,2019,10,19
C065,2019,11,27
C065,2019,12,15
C003,2019,1,23
C003,2019,2,10
C003,2019,3,11
C003,2019,4,18
C003,2019,5,16
C003,2019,6,7
C003,2019,7,14
C003,2019,8,10
C003,2019,9,15
C003,2019,10,20
C003,2019,11,26
C003,2019,12,13
C039,2019,1,21
C039,2019,2,9
C039,2019,3,11
C039,2019,4,15
C039,2019,5,15
C039,2019,6,8
C039,2019,7,13
C039,2019,8,10
C039,2019,9,13
C039,2019,10,14
C039,2019,11,26
C039,2019,12,13
C075,2019,1,22
C075,2019,2,8
C075,2019,3,11
C075,2019,4,18
C075,2019,5,17
C075,2019,6,10
C075,2019,7,14
C075,2019,8,17
C075,2019,9,16
C075,2019,10,20
C075,2019,11,27
C075,2019,12,15
C074,2019,1,23
C074,2019,2,8
C074,2019,3,11
C074,2019,4,19
C074,2019,5,16
C074,2019,6,10
C074,2019,7,15
C074,2019,8,16
C074,2019,9,17
C074,2019,10,19
C074,2019,11,27
C074,2019,12,13
C009,2019,1,22
C009,2019,2,9
C009,2019,3,11
C009,2019,4,17
C009,2019,5,16
C009,2019,6,9
C009,2019,7,13
C009,2019,8,12
C009,2019,9,15
C009,2019,10,17
C009,2019,11,27
C009,2019,12,13
C038,2019,1,21
C038,2019,2,10
C038,2019,3,11
C038,2019,4,17
C038,2019,5,15
C038,2019,6,8
C038,2019,7,12
C038,2019,8,11
C038,2019,9,13
C038,2019,10,16
C038,2019,11,27
C038,2019,12,13
C033,2019,1,22
C033,2019,2,9
C033,2019,3,11
C033,2019,4,15
C033,2019,5,17
C033,2019,6,13
C033,2019,7,17
C033,2019,8,10
C033,2019,9,14
C033,2019,10,21
C033,2019,11,27
C033,2019,12,14
C0BD,2019,1,25
C0BD,2019,2,7
C0BD,2019,3,12
C0BD,2019,4,18
C0BD,2019,5,17
C0BD,2019,6,11
C0BD,2019,7,14
C0BD,2019,8,13
C0BD,2019,9,13
C0BD,2019,10,18
C0BD,2019,11,28
C0BD,2019,12,16
C036,2019,1,22
C036,2019,2,8
C036,2019,3,10
C036,2019,4,19
C036,2019,5,17
C036,2019,6,8
C036,2019,7,13
C036,2019,8,13
C036,2019,9,12
C036,2019,10,18
C036,2019,11,28
C036,2019,12,13
C045,2019,1,21
C045,2019,2,10
C045,2019,3,11
C045,2019,4,15
C045,2019,5,17
C045,2019,6,10
C045,2019,7,16
C045,2019,8,10
C045,2019,9,15
C045,2019,10,18
C045,2019,11,25
C045,2019,12,13
C0B7,2019,1,25
C0B7,2019,2,9
C0B7,2019,3,11
C0B7,2019,4,20
C0B7,2019,5,18
C0B7,2019,6,10
C0B7,2019,7,15
C0B7,2019,8,14
C0B7,2019,9,15
C0B7,2019,10,19
C0B7,2019,11,27
C0B7,2019,12,14
C019,2019,1,24
C019,2019,2,9
C019,2019,3,13
C019,2019,4,18
C019,2019,5,16
C019,2019,6,11
C019,2019,7,16
C019,2019,8,11
C019,2019,9,17
C019,2019,10,18
C019,2019,11,29
C019,2019,12,13
C057,2019,1,24
C057,2019,2,9
C057,2019,3,11
C057,2019,4,17
C057,2019,5,16
C057,2019,6,10
C057,2019,7,15
C057,2019,8,13
C057,2019,9,15
C057,2019,10,21
C057,2019,11,28
C057,2019,12,15
C063,2019,1,23
C063,2019,2,7
C063,2019,3,12
C063,2019,4,17
C063,2019,5,18
C063,2019,6,7
C063,2019,7,16
C063,2019,8,14
C063,2019,9,12
C063,2019,10,23
C063,2019,11,28
C063,2019,12,15
C046,2019,1,23
C046,2019,2,5
C046,2019,3,12
C046,2019,4,16
C046,2019,5,18
C046,2019,6,13
C046,2019,7,18
C046,2019,8,17
C046,2019,9,15
C046,2019,10,19
C046,2019,11,28
C046,2019,12,18
C0BA,2019,1,22
C0BA,2019,2,5
C0BA,2019,3,10
C0BA,2019,4,17
C0BA,2019,5,16
C0BA,2019,6,11
C0BA,2019,7,13
C0BA,2019,8,11
C0BA,2019,9,12
C0BA,2019,10,16
C0BA,2019,11,27
C0BA,2019,12,14
C059,2019,1,17
C059,2019,2,7
C059,2019,3,10
C059,2019,4,15
C059,2019,5,15
C059,2019,6,7
C059,2019,7,10
C059,2019,8,7
C059,2019,9,10
C059,2019,10,17
C059,2019,11,25
C059,2019,12,13
C072,2019,1,17
C072,2019,2,5
C072,2019,3,11
C072,2019,4,17
C072,2019,5,17
C072,2019,6,13
C072,2019,7,17
C072,2019,8,15
C072,2019,9,15
C072,2019,10,19
C072,2019,11,25
C072,2019,12,14
C0B4,2019,1,21
C0B4,2019,2,8
C0B4,2019,3,12
C0B4,2019,4,17
C0B4,2019,5,16
C0B4,2019,6,11
C0B4,2019,7,16
C0B4,2019,8,12
C0B4,2019,9,14
C0B4,2019,10,20
C0B4,2019,11,26
C0B4,2019,12,15
C054,2019,1,24
C054,2019,2,8
C054,2019,3,11
C054,2019,4,20
C054,2019,5,17
C054,2019,6,10
C054,2019,7,18
C054,2019,8,12
C054,2019,9,17
C054,2019,10,19
C054,2019,11,27
C054,2019,12,13
C042,2019,1,20
C042,2019,2,10
C042,2019,3,12
C042,2019,4,14
C042,2019,5,15
C042,2019,6,8
C042,2019,7,12
C042,2019,8,11
C042,2019,9,12
C042,2019,10,17
C042,2019,11,29
C042,2019,12,13
C0B9,2019,1,23
C0B9,2019,2,10
C0B9,2019,3,11
C0B9,2019,4,17
C0B9,2019,5,16
C0B9,2019,6,9
C0B9,2019,7,14
C0B9,2019,8,12
C0B9,2019,9,17
C0B9,2019,10,17
C0B9,2019,11,27
C0B9,2019,12,15
C0C3,2019,1,22
C0C3,2019,2,10
C0C3,2019,3,11
C0C3,2019,4,17
C0C3,2019,5,15
C0C3,2019,6,7
C0C3,2019,7,15
C0C3,2019,8,8
C0C3,2019,9,15
C0C3,2019,10,16
C0C3,2019,11,26
C0C3,2019,12,13
C022,2019,1,21
C022,2019,2,9
C022,2019,3,12
C022,2019,4,19
C022,2019,5,17
C022,2019,6,12
C022,2019,7,20
C022,2019,8,17
C022,2019,9,14
C022,2019,10,21
C022,2019,11,28
C022,2019,12,14
C0B3,2019,1,22
C0B3,2019,2,9
C0B3,2019,3,11
C0B3,2019,4,15
C0B3,2019,5,16
C0B3,2019,6,10
C0B3,2019,7,14
C0B3,2019,8,11
C0B3,2019,9,10
C0B3,2019,10,18
C0B3,2019,11,26
C0B3,2019,12,14
C037,2019,1,22
C037,2019,2,10
C037,2019,3,11
C037,2019,4,16
C037,2019,5,16
C037,2019,6,10
C037,2019,7,15
C037,2019,8,12
C037,2019,9,13
C037,2019,10,22
C037,2019,11,26
C037,2019,12,13
C0E5,2019,1,20
C0E5,2019,2,8
C0E5,2019,3,11
C0E5,2019,4,17
C0E5,2019,5,17
C0E5,2019,6,11
C0E5,2019,7,14
C0E5,2019,8,16
C0E5,2019,9,15
C0E5,2019,10,20
C0E5,2019,11,28
C0E5,2019,12,17
C0DB,2019,1,22
C0DB,2019,2,8
C0DB,2019,3,11
C0DB,2019,4,18
C0DB,2019,5,18
C0DB,2019,6,10
C0DB,2019,7,15
C0DB,2019,8,16
C0DB,2019,9,14
C0DB,2019,10,18
C0DB,2019,11,26
C0DB,2019,12,16
C0D3,2019,1,24
C0D3,2019,2,9
C0D3,2019,3,11
C0D3,2019,4,19
C0D3,2019,5,17
C0D3,2019,6,11
C0D3,2019,7,17
C0D3,2019,8,18
C0D3,2019,9,18
C0D3,2019,10,21
C0D3,2019,11,28
C0D3,2019,12,15
C0DD,2019,1,20
C0DD,2019,2,7
C0DD,2019,3,11
C0DD,2019,4,17
C0DD,2019,5,16
C0DD,2019,6,12
C0DD,2019,7,15
C0DD,2019,8,13
C0DD,2019,9,13
C0DD,2019,10,16
C0DD,2019,11,27
C0DD,2019,12,15
C0E9,2019,1,21
C0E9,2019,2,7
C0E9,2019,3,13
C0E9,2019,4,18
C0E9,2019,5,19
C0E9,2019,6,12
C0E9,2019,7,13
C0E9,2019,8,16
C0E9,2019,9,14
C0E9,2019,10,18
C0E9,2019,11,28
C0E9,2019,12,16
C078,2019,1,22
C078,2019,2,8
C078,2019,3,12
C078,2019,4,19
C078,2019,5,17
C078,2019,6,9
C078,2019,7,14
C078,2019,8,17
C078,2019,9,13
C078,2019,10,18
C078,2019,11,26
C078,2019,12,16
C052,2019,1,24
C052,2019,2,9
C052,2019,3,16
C052,2019,4,21
C052,2019,5,20
C052,2019,6,14
C052,2019,7,17
C052,2019,8,21
C052,2019,9,14
C052,2019,10,21
C052,2019,11,26
C052,2019,12,15
C0E1,2019,1,23
C0E1,2019,2,9
C0E1,2019,3,13
C0E1,2019,4,20
C0E1,2019,5,17
C0E1,2019,6,11
C0E1,2019,7,12
C0E1,2019,8,16
C0E1,2019,9,14
C0E1,2019,10,21
C0E1,2019,11,27
C0E1,2019,12,14
C077,2019,1,22
C077,2019,2,8
C077,2019,3,12
C077,2019,4,20
C077,2019,5,18
C077,2019,6,14
C077,2019,7,14
C077,2019,8,21
C077,2019,9,12
C077,2019,10,19
C077,2019,11,26
C077,2019,12,13
C080,2019,1,23
C080,2019,2,9
C080,2019,3,15
C080,2019,4,19
C080,2019,5,19
C080,2019,6,16
C080,2019,7,17
C080,2019,8,21
C080,2019,9,17
C080,2019,10,21
C080,2019,11,28
C080,2019,12,17
C0E8,2019,1,24
C0E8,2019,2,8
C0E8,2019,3,12
C0E8,2019,4,18
C0E8,2019,5,20
C0E8,2019,6,11
C0E8,2019,7,14
C0E8,2019,8,18
C0E8,2019,9,14
C0E8,2019,10,20
C0E8,2019,11,27
C0E8,2019,12,16
C023,2019,1,22
C023,2019,2,7
C023,2019,3,11
C023,2019,4,17
C023,2019,5,16
C023,2019,6,8
C023,2019,7,13
C023,2019,8,14
C023,2019,9,13
C023,2019,10,18
C023,2019,11,27
C023,2019,12,15
C084,2019,1,21
C084,2019,2,10
C084,2019,3,14
C084,2019,4,20
C084,2019,5,18
C084,2019,6,13
C084,2019,7,12
C084,2019,8,15
C084,2019,9,14
C084,2019,10,19
C084,2019,11,28
C084,2019,12,12
C0EA,2019,1,24
C0EA,2019,2,9
C0EA,2019,3,11
C0EA,2019,4,18
C0EA,2019,5,20
C0EA,2019,6,11
C0EA,2019,7,14
C0EA,2019,8,18
C0EA,2019,9,14
C0EA,2019,10,17
C0EA,2019,11,26
C0EA,2019,12,15
C026,2019,1,22
C026,2019,2,9
C026,2019,3,14
C026,2019,4,20
C026,2019,5,19
C026,2019,6,13
C026,2019,7,15
C026,2019,8,18
C026,2019,9,15
C026,2019,10,22
C026,2019,11,26
C026,2019,12,15
C058,2019,1,22
C058,2019,2,8
C058,2019,3,12
C058,2019,4,17
C058,2019,5,17
C058,2019,6,13
C058,2019,7,15
C058,2019,8,21
C058,2019,9,15
C058,2019,10,21
C058,2019,11,27
C058,2019,12,15
C0F0,2019,1,23
C0F0,2019,2,9
C0F0,2019,3,13
C0F0,2019,4,18
C0F0,2019,5,18
C0F0,2019,6,13
C0F0,2019,7,14
C0F0,2019,8,21
C0F0,2019,9,12
C0F0,2019,10,20
C0F0,2019,11,27
C0F0,2019,12,15
C0F1,2019,1,23
C0F1,2019,2,9
C0F1,2019,3,15
C0F1,2019,4,18
C0F1,2019,5,19
C0F1,2019,6,14
C0F1,2019,7,17
C0F1,2019,8,22
C0F1,2019,9,17
C0F1,2019,10,19
C0F1,2019,11,27
C0F1,2019,12,15
C0E7,2019,1,22
C0E7,2019,2,8
C0E7,2019,3,12
C0E7,2019,4,18
C0E7,2019,5,17
C0E7,2019,6,12
C0E7,2019,7,12
C0E7,2019,8,16
C0E7,2019,9,12
C0E7,2019,10,16
C0E7,2019,11,27
C0E7,2019,12,15
C0DC,2019,1,19
C0DC,2019,2,7
C0DC,2019,3,12
C0DC,2019,4,19
C0DC,2019,5,19
C0DC,2019,6,9
C0DC,2019,7,13
C0DC,2019,8,12
C0DC,2019,9,12
C0DC,2019,10,20
C0DC,2019,11,26
C0DC,2019,12,15
C0EC,2019,1,22
C0EC,2019,2,7
C0EC,2019,3,12
C0EC,2019,4,19
C0EC,2019,5,18
C0EC,2019,6,12
C0EC,2019,7,14
C0EC,2019,8,17
C0EC,2019,9,14
C0EC,2019,10,21
C0EC,2019,11,26
C0EC,2019,12,14
C0DE,2019,1,23
C0DE,2019,2,8
C0DE,2019,3,11
C0DE,2019,4,19
C0DE,2019,5,18
C0DE,2019,6,11
C0DE,2019,7,13
C0DE,2019,8,14
C0DE,2019,9,13
C0DE,2019,10,20
C0DE,2019,11,26
C0DE,2019,12,15
C017,2019,1,22
C017,2019,2,8
C017,2019,3,13
C017,2019,4,19
C017,2019,5,18
C017,2019,6,13
C017,2019,7,15
C017,2019,8,18
C017,2019,9,16
C017,2019,10,20
C017,2019,11,27
C017,2019,12,14
C0F4,2019,1,18
C0F4,2019,2,9
C0F4,2019,3,14
C0F4,2019,4,18
C0F4,2019,5,18
C0F4,2019,6,11
C0F4,2019,7,12
C0F4,2019,8,17
C0F4,2019,9,16
C0F4,2019,10,20
C0F4,2019,11,26
C0F4,2019,12,14
C0D1,2019,1,23
C0D1,2019,2,5
C0D1,2019,3,11
C0D1,2019,4,19
C0D1,2019,5,17
C0D1,2019,6,8
C0D1,2019,7,13
C0D1,2019,8,12
C0D1,2019,9,14
C0D1,2019,10,19
C0D1,2019,11,27
C0D1,2019,12,14
C043,2019,1,20
C043,2019,2,8
C043,2019,3,12
C043,2019,4,18
C043,2019,5,17
C043,2019,6,11
C043,2019,7,12
C043,2019,8,14
C043,2019,9,16
C043,2019,10,21
C043,2019,11,27
C043,2019,12,15
C0D2,2019,1,22
C0D2,2019,2,7
C0D2,2019,3,11
C0D2,2019,4,19
C0D2,2019,5,17
C0D2,2019,6,9
C0D2,2019,7,16
C0D2,2019,8,13
C0D2,2019,9,12
C0D2,2019,10,18
C0D2,2019,11,28
C0D2,2019,12,15
C0D0,2019,1,23
C0D0,2019,2,7
C0D0,2019,3,12
C0D0,2019,4,19
C0D0,2019,5,17
C0D0,2019,6,12
C0D0,2019,7,17
C0D0,2019,8,16
C0D0,2019,9,16
C0D0,2019,10,19
C0D0,2019,11,27
C0D0,2019,12,14
C064,2019,1,22
C064,2019,2,7
C064,2019,3,10
C064,2019,4,18
C064,2019,5,17
C064,2019,6,11
C064,2019,7,12
C064,2019,8,13
C064,2019,9,15
C064,2019,10,16
C064,2019,11,28
C064,2019,12,13
C028,2019,1,21
C028,2019,2,5
C028,2019,3,13
C028,2019,4,17
C028,2019,5,18
C028,2019,6,12
C028,2019,7,16
C028,2019,8,18
C028,2019,9,15
C028,2019,10,18
C028,2019,11,28
C028,2019,12,16
C029,2019,1,22
C029,2019,2,9
C029,2019,3,12
C029,2019,4,18
C029,2019,5,18
C029,2019,6,13
C029,2019,7,15
C029,2019,8,21
C029,2019,9,12
C029,2019,10,19
C029,2019,11,27
C029,2019,12,16
